"date","timestep","bob_eta","sm_eta"
2024-09-01,2,0.0240909549465478,0.0210773756702123
2024-09-01,3,0.0166578625134921,0.0135795203995297
2024-09-01,4,0.0134677219825816,0.0103816206342007
2024-09-01,5,0.0309913528190471,0.0285737160851616
2024-09-01,6,0.0191840624413251,0.0156041862950449
2024-09-01,7,0.0177840923150425,0.0149194874369405
2024-09-01,8,0.0209036343545836,0.0172643204148493
2024-09-01,9,0.0424871364268782,0.039892032446013
2024-09-01,10,0.0253747297286413,0.0295058220890851
2024-09-01,11,0.0211150222714833,0.0263959644158183
2024-09-01,12,0.0374088506108237,0.0441413998265343
2024-09-01,13,0.0295800282319805,0.0363941787305491
2024-09-01,14,0.0261059891423523,0.0332654168352002
2024-09-01,15,0.0361917906019444,0.0432455024261262
2024-09-01,16,0.0260670879052256,0.0342249115404814
2024-09-01,17,0.0225090765848064,0.0309721147029736
2024-09-01,18,0.0307057978785448,0.0397975572464357
2024-09-01,19,0.0120821796666313,0.0214866451374451
2024-09-01,20,0.0341409779453663,0.0442093726987283
2024-09-01,21,0.0081831520972262,0.0164571537234179
2024-09-01,22,0.0149643959658166,0.0258664709405565
2024-09-01,23,0.020428404216843,0.0311139675977277
2024-09-01,24,0.00636769780911983,0.0163911975895825
2024-09-01,25,0.0270642242886971,0.0372147313827611
2024-09-01,26,0.010459226858667,0.0174133709407469
2024-09-01,27,0.00842697637447021,0.016236721323633
2024-09-01,28,-0.00783798540459202,-6.57049132195553e-05
2024-09-01,29,-0.00582757881319917,-0.000198134321461652
2024-09-01,30,-0.00611466759276613,-0.000699814679155253
2024-09-01,31,-0.0041336893933055,0.00196943032967933
2024-09-01,32,-0.0302566393633796,-0.0285629941010734
2024-09-01,33,0.00170426835526616,0.0066989976947216
2024-09-01,34,-0.0164102025836925,-0.0134434177314002
2024-09-01,35,-0.0230730051221251,-0.019990562750146
2024-09-01,36,-0.0132824128021927,-0.0100080909758002
2024-09-01,37,-0.0212033853220772,-0.0191546877116213
2024-09-01,38,-0.0066309853982478,-0.00417016496768241
2024-09-01,39,-0.0187968662640614,-0.0169161886272509
2024-09-01,40,-0.0234752784610057,-0.0233357977737167
2024-09-01,41,-0.0132111071437455,-0.0135048021683293
2024-09-01,42,-0.0158522217155586,-0.0155009939262625
2024-09-01,43,0.00199022301867657,0.00261869858700958
2024-09-01,44,-0.00658443960026922,-0.00628238084547217
2024-09-01,45,-0.0246019308507277,-0.0257110837364669
2024-09-01,46,0.00191098529673717,0.0026034939151165
2024-09-01,47,0.0143742816599071,0.0150815267767381
2024-09-01,48,-0.0013803261701808,-0.00177465425460266
2024-09-01,49,0.00316787372954508,0.00284665555045205
2024-09-01,50,-0.00433014096151663,-0.00513013753097269
2024-09-01,51,0.010531297055465,0.00897804727662344
2024-09-01,52,0.00664325483757278,0.00457440925010033
2024-09-01,53,0.0128868901290247,0.0126321806624992
2024-09-01,54,0.0104509419723238,0.0088379162988641
2024-09-01,55,0.023316177045472,0.022006385420851
2024-09-01,56,0.00906017321686647,0.00725693573029496
2024-09-01,57,0.0282020567296399,0.0267183024623714
2024-09-01,58,0.0175363681769278,0.0150030609963121
2024-09-01,59,0.0331972649799175,0.0315973925286128
2024-09-01,60,0.0279926007791698,0.0254464043715723
2024-09-01,61,0.0352981847699008,0.0328569284116274
2024-09-01,62,0.0142446688466507,0.0110796289492603
2024-09-01,63,0.0310081394115977,0.0281081568159065
2024-09-01,64,0.0219459942507116,0.0190889941926562
2024-09-01,65,0.0305729926099856,0.0282595207237115
2024-09-01,66,0.0215936071436893,0.0189526520889185
2024-09-01,67,0.0253126719982415,0.0204974326143494
2024-09-01,68,-0.0289227571357618,-0.0314282097604961
2024-09-01,69,-0.0394036225843264,-0.0378110844637156
2024-09-01,70,-0.02549252273585,-0.0253328340065115
2024-09-01,71,-0.0199968034090903,-0.0238278353021633
2024-09-01,72,-0.0127852104203185,-0.0143927836722266
2024-09-01,73,-0.040138664000068,-0.0437781581271874
2024-09-01,74,-0.0291762049880706,-0.0297782049593289
2024-09-01,75,-0.0417197330115924,-0.0433086221898318
2024-09-01,76,-0.0313801099192097,-0.0331860568565352
2024-09-01,77,-0.0458186958508544,-0.0502622373455424
2024-09-01,78,-0.0338089425129278,-0.0385507722790797
2024-09-01,79,-0.0393040566847773,-0.0453232206029184
2024-09-01,80,-0.0327615544454254,-0.0397139446458823
2024-09-01,81,-0.0305294247961228,-0.0371357268807313
2024-09-01,82,-0.0204195075024898,-0.0269731556774042
2024-09-01,83,-0.00747814932072943,-0.0131000215676487
2024-09-01,84,-0.0170623863612795,-0.02404853504048
2024-09-01,85,-0.0256285081320566,-0.0325475706339842
2024-09-01,86,-0.00953239810724771,-0.0167572428636817
2024-09-01,87,-0.0165260583399025,-0.0240257428860042
2024-09-01,88,-0.0152582515517987,-0.020746387311549
2024-09-01,89,-0.0298089367155736,-0.0299168291090002
2024-09-01,90,-0.0311879185027171,-0.0299464704362351
2024-09-01,91,-0.0307568590159675,-0.0289871165905118
2024-09-01,92,-0.0242981141644876,-0.0243079642244255
2024-09-01,93,-0.0422408185387586,-0.0413351639605368
2024-09-01,94,-0.0151494022429834,-0.0126037472948579
2024-09-01,95,-0.0345683249332636,-0.0336352399813937
2024-09-01,96,-0.0251259772617218,-0.0237886853248575
2024-09-01,97,-0.0364321572183637,-0.0354119823711585
2024-09-01,98,-0.0144895855436875,-0.013159343825341
2024-09-01,99,-0.027321351978721,-0.0257543777187288
2024-09-01,100,-0.0396065827504937,-0.0399536407330179
2024-09-01,101,-0.0169995548117594,-0.014131182061154
2024-09-01,102,-0.0121971184764482,-0.0103610496046431
2024-09-01,103,-0.0272303865203627,-0.027077904220163
2024-09-01,104,-0.020739388126179,-0.0193246931475533
2024-09-01,105,-0.0108555157280832,-0.00916749192832267
2024-09-01,106,-0.0234903711403471,-0.0221838430089329
2024-09-01,107,-0.00874921525492223,-0.00715780518549058
2024-09-01,108,-0.0195879107194488,-0.0180415976576342
2024-09-01,109,-0.00495477249289511,-0.00379420049117041
2024-09-01,110,-0.0167738391180681,-0.0150545462839893
2024-09-01,111,-0.0103104734853696,-0.00897425617445213
2024-09-01,112,-0.0120634922551894,-0.011125766590895
2024-09-01,113,-0.00118693496419819,0.00040078816329725
2024-09-01,114,-0.000712821594937907,0.000486242029099415
2024-09-01,115,-0.00533036312153801,-0.00359807903251674
2024-09-01,116,-0.0193321995760343,-0.0196121052192595
2024-09-01,117,0.00771984877327014,0.010061128250257
2024-09-01,118,0.00343080181545741,0.00436483655988873
2024-09-01,119,-0.00920809359024943,-0.00968289621880647
2024-09-01,120,0.00114879970767401,0.00132909290586003
2024-09-01,121,-0.00728283601980095,-0.0071239897234916
2024-09-01,122,0.00491065362952536,0.00431554197810335
2024-09-01,123,-0.000162912306739038,-0.00017664192342437
2024-09-01,124,0.00461975853425223,0.00521585077106046
2024-09-01,125,-0.00194908905448621,-0.00312477236731112
2024-09-01,126,0.00162172165199426,0.00142115388638686
2024-09-01,127,0.0039725464577387,0.00369457843221888
2024-09-01,128,0.00668834555517162,0.00633852394641732
2024-09-01,129,0.0107683106059469,0.0103619055171844
2024-09-01,130,-0.00256162736536591,-0.00408165080870315
2024-09-01,131,0.0195445372225862,0.0183184052781149
2024-09-01,132,0.00879506322609735,0.00783117328788929
2024-09-01,133,-0.00735444742107383,-0.00873346273481967
2024-09-01,134,0.0124514984971276,0.011726537281004
2024-09-01,135,0.0119961634582824,0.0108771973759376
2024-09-01,136,0.0185134741978947,0.016966920267663
2024-09-01,137,0.00205324232200965,-0.000620322153886299
2024-09-01,138,0.00925073158050438,0.00795944872270571
2024-09-01,139,0.0115201923726467,0.00981491400178847
2024-09-01,140,0.0151280935180225,0.0134021031227993
2024-09-01,141,0.0113973570742605,0.00848289779419265
2024-09-01,142,0.00572616503358603,0.00356404748299965
2024-09-01,143,0.0162892370645569,0.0136645077095094
2024-09-01,144,0.0155363470661927,0.0132596634376174
2024-09-02,2,0.0109022421059333,0.00965682530968337
2024-09-02,3,0.0223298156486216,0.021855385346945
2024-09-02,4,0.020172084393022,0.0197369150317401
2024-09-02,5,0.0257792998850181,0.0257418870290866
2024-09-02,6,0.0237119300013378,0.0232973185382015
2024-09-02,7,0.0230581053120895,0.0233917066349241
2024-09-02,8,0.0102423131096403,0.00843425114793916
2024-09-02,9,0.0314697590815829,0.0304981037717438
2024-09-02,10,0.0323340387799584,0.0393816407039962
2024-09-02,11,0.0267823631833837,0.0347036907243909
2024-09-02,12,0.032489406602954,0.041226565086764
2024-09-02,13,0.0428949606345883,0.0525877681375242
2024-09-02,14,0.0448320025826483,0.0533501114791113
2024-09-02,15,0.0273599779235791,0.0360649689271888
2024-09-02,16,0.0407401604006354,0.0512579714449286
2024-09-02,17,0.0442837573049717,0.0565520651955822
2024-09-02,18,0.0202511998553589,0.0295539323970644
2024-09-02,19,0.0351230966505494,0.0457009232009993
2024-09-02,20,0.0323816530308694,0.0417073251700808
2024-09-02,21,0.0293263324279538,0.0396173092129715
2024-09-02,22,0.0280246951697816,0.0374580726749683
2024-09-02,23,0.0187306794569437,0.0281690136584478
2024-09-02,24,0.0347677469902576,0.0472570512145936
2024-09-02,25,0.0109594803154183,0.0205864656954171
2024-09-02,26,-0.00234315572356536,0.00469664788890345
2024-09-02,27,0.00456487463014277,0.0119297140338883
2024-09-02,28,0.0159487024343363,0.0249949407017125
2024-09-02,29,0.00640940734403284,0.0153390481358997
2024-09-02,30,0.00712259345395072,0.0128724254903227
2024-09-02,31,0.00292341668149465,0.00759131920039469
2024-09-02,32,0.0165108003829779,0.0181343703549599
2024-09-02,33,-0.0214858452357261,-0.0191809412512916
2024-09-02,34,-0.0030521765509901,0.000655570913544956
2024-09-02,35,-0.00802547155516375,-0.00528170452667975
2024-09-02,36,-0.0148174818638722,-0.0106865365846609
2024-09-02,37,-0.0195012686286731,-0.0187184965995888
2024-09-02,38,-0.0191523145595278,-0.0146834798886228
2024-09-02,39,-0.0322494983261103,-0.0275690880437294
2024-09-02,40,-0.0258696610481319,-0.0209789135287197
2024-09-02,41,-0.0269255737433935,-0.0232298015169121
2024-09-02,42,-0.033733014193607,-0.0312751232095971
2024-09-02,43,-0.0676916895093402,-0.0585947347398577
2024-09-02,44,-0.0137525829719589,-0.00939354516241231
2024-09-02,45,-0.0254988454744529,-0.0227442758965477
2024-09-02,46,-0.0381388348365626,-0.0342464413594374
2024-09-02,47,-0.0870703350267528,-0.0799768071839617
2024-09-02,48,-0.100951654376685,-0.0920397751232365
2024-09-02,49,-0.0753555783332329,-0.0677256195290967
2024-09-02,50,-0.0245578267453173,-0.0181779952934287
2024-09-02,51,0.0073508888048508,0.000808567301892715
2024-09-02,52,0.0162539652811846,0.00796337326896701
2024-09-02,53,0.0145546254949416,0.00596579462825186
2024-09-02,54,-0.0272282892575078,-0.0300071779020987
2024-09-02,55,-0.0311314350209964,-0.0320826681089343
2024-09-02,56,-0.0617152940352987,-0.0564266167792971
2024-09-02,57,-0.0304189417127256,-0.0250372714226552
2024-09-02,58,-0.00205196172331501,0.00129007320978491
2024-09-02,59,0.020611051694341,0.0196495879990488
2024-09-02,60,0.0433347341550139,0.0415471808118788
2024-09-02,61,0.0235004240529832,0.0165054441607539
2024-09-02,62,0.0279591697442418,0.0174956342827173
2024-09-02,63,0.0268418576287042,0.0194640156562267
2024-09-02,64,-0.0363708444047797,-0.0401203782675816
2024-09-02,65,0.0393486433817278,0.0355577014718156
2024-09-02,66,-0.0050829730599391,-0.00795361791526794
2024-09-02,67,0.00026065181816648,-0.00286492630374191
2024-09-02,68,-0.0176040481579207,-0.0213133206125731
2024-09-02,69,-0.00436128511032674,-0.00610600301054731
2024-09-02,70,0.024223928685001,0.0209861709313603
2024-09-02,71,0.0103420412257869,0.00663885708519985
2024-09-02,72,0.0184056932825944,0.0129220148159792
2024-09-02,73,-0.00680332512360948,-0.0138757587952947
2024-09-02,74,0.00948248812027508,0.00343424249304292
2024-09-02,75,-0.00210354596511397,-0.00786780362698103
2024-09-02,76,-0.0120799131075024,-0.0188034270364579
2024-09-02,77,-0.00570137193971121,-0.0141122687712167
2024-09-02,78,0.00949785327630348,0.0010668850409763
2024-09-02,79,0.0358081457136201,0.0278290337947782
2024-09-02,80,-0.000666229859358936,-0.00841643493264588
2024-09-02,81,0.00600332197224418,-0.00109637691525677
2024-09-02,82,-0.00797252302382212,-0.0151409446354593
2024-09-02,83,-0.0105234361388398,-0.0174944556597376
2024-09-02,84,-0.00187029101388525,-0.00977355909876731
2024-09-02,85,0.0119367092212199,0.00551033128023981
2024-09-02,86,-0.00671708570398444,-0.0139723529153821
2024-09-02,87,-0.011594676410172,-0.0188255712894296
2024-09-02,88,0.00560790398987532,0.00257698904540504
2024-09-02,89,-0.0209126729037905,-0.0203066685654294
2024-09-02,90,-0.017555033526139,-0.0167257570803443
2024-09-02,91,-0.0193617455338897,-0.016881727816112
2024-09-02,92,-0.0115691961191766,-0.00992917510496305
2024-09-02,93,-0.0201634181366499,-0.0186908696127124
2024-09-02,94,-0.0133550335989776,-0.0116615475494464
2024-09-02,95,-0.0100939297999512,-0.00812914401549136
2024-09-02,96,-0.0242393138951851,-0.0245202044664588
2024-09-02,97,-0.0222291805018662,-0.0223262372780342
2024-09-02,98,-0.0144551420788188,-0.0142466520452986
2024-09-02,99,-0.00573047830626194,-0.0051809112645218
2024-09-02,100,-0.019428742679036,-0.0203317039994646
2024-09-02,101,-0.0208294557586042,-0.0210391606538973
2024-09-02,102,-0.0211578994648409,-0.0225193880279848
2024-09-02,103,-0.0248341795782627,-0.0258715047841589
2024-09-02,104,-0.00592588417003981,-0.00626340418278559
2024-09-02,105,-0.0311063741497186,-0.0324952361553121
2024-09-02,106,-0.011170732866006,-0.0104402346487023
2024-09-02,107,-0.0196236335979245,-0.0207917026831641
2024-09-02,108,-0.0140160897099966,-0.0147996776960637
2024-09-02,109,-0.0127529892008766,-0.0128461544681269
2024-09-02,110,-0.0185179210130082,-0.0193969271843439
2024-09-02,111,-0.00404884495892688,-0.00379430789855473
2024-09-02,112,-0.0161614828799621,-0.0166660616578751
2024-09-02,113,-0.00686441276894367,-0.00625077994865286
2024-09-02,114,-0.0198917587809992,-0.0204869183878467
2024-09-02,115,0.000483052365971126,0.000964085304806517
2024-09-02,116,-0.0158195691393601,-0.0164015890606635
2024-09-02,117,-0.00439767978688277,-0.00430049812346489
2024-09-02,118,-0.0149401190861447,-0.0159565252397593
2024-09-02,119,-0.0115234468911201,-0.0114716660189309
2024-09-02,120,-0.000379152463110266,-1.56961475612505e-05
2024-09-02,121,0.00355529454846426,0.002841050550761
2024-09-02,122,-0.00628090285150318,-0.00696936036695917
2024-09-02,123,-0.0100383253653042,-0.010757576537471
2024-09-02,124,0.00426101428299575,0.00353826723080353
2024-09-02,125,-0.0104423841724008,-0.0108086379423797
2024-09-02,126,0.00144279107960799,0.000623164786635932
2024-09-02,127,-0.0100967270198069,-0.0116168414431197
2024-09-02,128,-0.011299977292615,-0.0132880103424817
2024-09-02,129,0.0193499393260392,0.019264471188043
2024-09-02,130,-0.000457184355246554,-0.000773836996154742
2024-09-02,131,0.000218713218619548,-0.00207678329397165
2024-09-02,132,0.00412885193239276,0.00343772627808292
2024-09-02,133,0.00107192612200802,-0.00079615760496754
2024-09-02,134,0.00312768144289866,0.0020650045017776
2024-09-02,135,-0.00179271615022891,-0.0044714139132207
2024-09-02,136,-0.00362969506416277,-0.00593625942634457
2024-09-02,137,-0.00314779632889994,-0.00623150502689729
2024-09-02,138,0.0011375061575265,-0.000758390636417694
2024-09-02,139,0.00195144248222956,-0.000394290116746632
2024-09-02,140,0.0145520272630977,0.0134074843384147
2024-09-02,141,-0.00612698900196307,-0.00918475849269385
2024-09-02,142,0.00707459976994329,0.00474342572163522
2024-09-02,143,0.00010370624731415,-0.00182609817809709
2024-09-02,144,0.00740210818211029,0.00543992945525318
2024-09-03,2,-0.000555831050737865,-0.00370961385563184
2024-09-03,3,0.0127212167876465,0.0117370259943081
2024-09-03,4,-0.01429658186305,-0.0189975493022754
2024-09-03,5,0.0196451214319655,0.0175084237603018
2024-09-03,6,0.00425981486497395,0.00217847457394793
2024-09-03,7,-0.00026354937790174,-0.00311547259765721
2024-09-03,8,-0.00366662731941236,-0.00766110064755665
2024-09-03,9,-0.00994604752212336,-0.0128672347870289
2024-09-03,10,-0.00340810701164251,-0.00221077280205595
2024-09-03,11,0.0136888807919187,0.0191588394273499
2024-09-03,12,-0.00942997942058099,-0.00539156513456795
2024-09-03,13,-0.0133298167127087,-0.00755415683573801
2024-09-03,14,0.0069138314088466,0.0133102594392733
2024-09-03,15,-0.00550274827543795,0.0013190927964839
2024-09-03,16,-0.000887319974148149,0.00501118501870046
2024-09-03,17,0.00769784541492413,0.0144319424982529
2024-09-03,18,0.00471582302028928,0.0114995635255868
2024-09-03,19,0.00826837268487068,0.0161529526138544
2024-09-03,20,0.0492494484130077,0.0558921784031075
2024-09-03,21,0.0541148947176833,0.0601854579109693
2024-09-03,22,-0.0109901445906102,-0.00450869424419142
2024-09-03,23,0.0403641325416091,0.0478252571582152
2024-09-03,24,0.0165565625425037,0.0239036588725821
2024-09-03,25,0.0502454293808725,0.0545148259886634
2024-09-03,26,0.0696397311696577,0.0746191365950954
2024-09-03,27,0.0341451869872937,0.0366969998410474
2024-09-03,28,0.0573249946872343,0.0576482772135245
2024-09-03,29,-0.0255091845250304,-0.0222554650024014
2024-09-03,30,-0.104981861528533,-0.0953860129221225
2024-09-03,31,-0.0335206823518277,-0.0260308430749578
2024-09-03,32,0.0513959245928186,0.0547673282183805
2024-09-03,33,-0.0109156613446224,-0.00912518404043983
2024-09-03,34,-0.0148625999104937,-0.00933133337575498
2024-09-03,35,0.0154630545974044,0.0167921979131922
2024-09-03,36,0.0236314110201175,0.0253724678310228
2024-09-03,37,0.032964837288989,0.0339611674471962
2024-09-03,38,-0.0131937757891274,-0.00999665836353891
2024-09-03,39,-0.076968847138402,-0.0711078997797632
2024-09-03,40,3.92429158404539e-05,0.00508319478358121
2024-09-03,41,-0.0843912925256545,-0.0799667009975966
2024-09-03,42,-0.149772000956238,-0.142658544994
2024-09-03,43,-0.196384859485721,-0.188843790773902
2024-09-03,44,-0.17560288025241,-0.16863767384599
2024-09-03,45,-0.172254144976135,-0.165493658417685
2024-09-03,46,-0.145448705713054,-0.1404076368559
2024-09-03,47,-0.00975993994809077,-0.00512232312577154
2024-09-03,48,-0.0201308160429168,-0.0181957706416673
2024-09-03,49,0.0251765864206464,0.0268436279637401
2024-09-03,50,0.0274773954840484,0.0275811391040088
2024-09-03,51,0.0535519615172628,0.0475901460145538
2024-09-03,52,0.0357320713457261,0.028415314004774
2024-09-03,53,0.0412764139841197,0.0347062057822756
2024-09-03,54,0.0270850921344037,0.0206013610765119
2024-09-03,55,0.0316613729217998,0.0268124617711409
2024-09-03,56,0.0509845232187924,0.0466941221802637
2024-09-03,57,0.0607417394760699,0.0568339855732187
2024-09-03,58,0.0336995249858507,0.0305578674186169
2024-09-03,59,0.0508331360024261,0.0484891585807388
2024-09-03,60,0.074168290991885,0.0695941017779056
2024-09-03,61,0.0180514630279953,0.0137705206110503
2024-09-03,62,0.0625131900678229,0.0577727682391904
2024-09-03,63,0.075532567047909,0.0682077139234609
2024-09-03,64,0.0600641415975343,0.0530590171763468
2024-09-03,65,0.0133267409504061,0.00794806405949089
2024-09-03,66,-0.00421597952008312,-0.00331947869967042
2024-09-03,67,0.0439203980887237,0.0427859643235191
2024-09-03,68,0.013902513355557,0.014331710946319
2024-09-03,69,0.0030669929279421,0.00266024847132051
2024-09-03,70,0.00282781414654387,0.00082313646711274
2024-09-03,71,-0.00741405299010989,-0.00914902413447205
2024-09-03,72,0.00774440184050729,0.00550667687693984
2024-09-03,73,0.0332106671799188,0.0324069134546559
2024-09-03,74,-0.0199407794988913,-0.0207192067408233
2024-09-03,75,-0.0273239680162067,-0.0289321807468559
2024-09-03,76,-0.00802718798723046,-0.0101955483328791
2024-09-03,77,-0.0122542876024037,-0.0148960201551178
2024-09-03,78,-0.010717522808978,-0.0158722333663874
2024-09-03,79,-0.0247518567416938,-0.0311372930955374
2024-09-03,80,-0.00462589126346291,-0.00996212124484153
2024-09-03,81,-0.00937517704453406,-0.0146718929810987
2024-09-03,82,-0.0226357134443749,-0.0300745021791258
2024-09-03,83,-0.00334453894555065,-0.0100018674562312
2024-09-03,84,-0.0220991474742993,-0.0279999096879351
2024-09-03,85,-0.0323379401610122,-0.0386298763608313
2024-09-03,86,-0.0171548884015769,-0.0238965604230992
2024-09-03,87,-0.020749520555436,-0.0284837484200824
2024-09-03,88,-0.0210245729609415,-0.0222735220423895
2024-09-03,89,-0.0340060875734332,-0.0352482176624824
2024-09-03,90,-0.0199376951251993,-0.0188912838488795
2024-09-03,91,-0.00942343122438238,-0.0104569424296033
2024-09-03,92,-0.0299803250247215,-0.0300196398607238
2024-09-03,93,-0.0230224311139429,-0.0251584964927578
2024-09-03,94,-0.0301824156322605,-0.0309440763935438
2024-09-03,95,-0.0237351792114997,-0.0242743004457702
2024-09-03,96,-0.0200969021420874,-0.020599729837675
2024-09-03,97,-0.0247165241892033,-0.0238695441647754
2024-09-03,98,-0.0236024066103488,-0.0241359212289898
2024-09-03,99,-0.00544074991420729,-0.00359636990693479
2024-09-03,100,-0.0212445447632224,-0.0218667861208393
2024-09-03,101,-0.00253011894696975,-0.00112343725225417
2024-09-03,102,-0.016874675911398,-0.0158405771010512
2024-09-03,103,-0.0162869120943632,-0.0159760076918833
2024-09-03,104,-0.0145105800176415,-0.0131991290779547
2024-09-03,105,0.00286838250681853,0.0051684463105337
2024-09-03,106,-0.0148734226535403,-0.0144081677971011
2024-09-03,107,-0.0018759625311624,-1.6726647475096e-05
2024-09-03,108,-0.0116540198091659,-0.00981008833745278
2024-09-03,109,0.00189767832389443,0.00295683333792773
2024-09-03,110,-0.00621734577988775,-0.00548918606070892
2024-09-03,111,0.00122946962425274,0.00193652554709978
2024-09-03,112,0.00080163095334207,0.00281017929969085
2024-09-03,113,-0.0015789154275625,8.6880541717349e-05
2024-09-03,114,-0.000188649205743019,-1.666413160617e-05
2024-09-03,115,0.00243684882200057,0.00333818274038666
2024-09-03,116,0.00876097008892351,0.010355336598062
2024-09-03,117,-0.000250852929442935,-0.000116110100329969
2024-09-03,118,0.00248449351654045,0.00329277915064186
2024-09-03,119,0.00774999926274766,0.00957942573885884
2024-09-03,120,0.0136358042309812,0.0140093589646924
2024-09-03,121,-0.00107497253600464,0.000669254577907452
2024-09-03,122,0.00298079031840359,0.00253904403289784
2024-09-03,123,0.0137726642724028,0.0143720775660912
2024-09-03,124,0.0154603081477305,0.016393789709122
2024-09-03,125,0.00804892686158709,0.00901011575983279
2024-09-03,126,0.00618142070521532,0.00667825628269103
2024-09-03,127,0.00885166732592779,0.00932173270771042
2024-09-03,128,0.00418854495737708,0.00352749496273663
2024-09-03,129,0.024501573812457,0.0255951712941975
2024-09-03,130,0.012934463647845,0.0133155306276427
2024-09-03,131,0.0235619501127209,0.0246450743758713
2024-09-03,132,0.012049405017728,0.0124244729435476
2024-09-03,133,0.0111517438922979,0.0110511988113711
2024-09-03,134,0.0161349273660978,0.0148808915537231
2024-09-03,135,0.0252536326991972,0.026620261432944
2024-09-03,136,0.00934642985291223,0.00763003566088649
2024-09-03,137,0.018681145614134,0.0177084948576107
2024-09-03,138,0.0218313583953771,0.0220042306620947
2024-09-03,139,0.0229712939327396,0.0226877860588237
2024-09-03,140,0.0113791041742637,0.0107489429125298
2024-09-03,141,0.0123158709892195,0.0115482541486429
2024-09-03,142,0.0337850061783254,0.0337691351259286
2024-09-03,143,0.00800376045139295,0.00569439409375683
2024-09-03,144,0.00883136113342875,0.00687624189320868
2024-09-04,2,0.0124248213218188,0.00979641219974958
2024-09-04,3,0.00880379525291541,0.00764962758240451
2024-09-04,4,-0.000579480091995599,-0.00308248219184026
2024-09-04,5,0.016432988317634,0.0151190423556553
2024-09-04,6,0.00650960422750657,0.00317655440737674
2024-09-04,7,0.0139223757692424,0.012401765996267
2024-09-04,8,0.00985765897693458,0.0074996792810591
2024-09-04,9,0.013649327840155,0.0121728779610555
2024-09-04,10,0.00577884550111651,0.00877701823477839
2024-09-04,11,0.00431004699676407,0.00990243285796577
2024-09-04,12,0.0231627274890247,0.0298328224698556
2024-09-04,13,0.00942067868009744,0.0164799865029712
2024-09-04,14,0.0189527971765076,0.0253986320025135
2024-09-04,15,5.49826696216726e-05,0.00511997298711364
2024-09-04,16,0.0188504346885336,0.0264926796261964
2024-09-04,17,0.0404386941554593,0.0477226543628655
2024-09-04,18,0.00181408213492507,0.00952639773073294
2024-09-04,19,0.000212769345143471,0.00719021829519928
2024-09-04,20,0.0239187820768239,0.0312279499699226
2024-09-04,21,0.013470514996536,0.0210738336626211
2024-09-04,22,-0.0112039433729612,-0.00453927292622947
2024-09-04,23,-0.00770569914313501,0.000640183749316847
2024-09-04,24,0.0252156872281049,0.0351198433383964
2024-09-04,25,0.00343584753663873,0.0083898333812904
2024-09-04,26,-0.0053140813806376,-0.00181650749689677
2024-09-04,27,0.00477671896432774,0.00938454379591747
2024-09-04,28,0.00327809381676936,0.00908192013098397
2024-09-04,29,-0.00498962136245584,0.000447799733469978
2024-09-04,30,-0.00141295525955254,0.00328257284911615
2024-09-04,31,-0.0204545315811719,-0.0182020408089407
2024-09-04,32,0.0110679945754928,0.0130628848024612
2024-09-04,33,-0.0138594383855857,-0.0111325268066684
2024-09-04,34,-0.00743703862491696,-0.00549203284720434
2024-09-04,35,-0.0177553893970321,-0.0167120141450425
2024-09-04,36,0.00988503117413053,0.0100502142745089
2024-09-04,37,-0.00770319627140559,-0.00604280435601723
2024-09-04,38,-0.0159882919788359,-0.0147562885663941
2024-09-04,39,-0.00892692212707047,-0.00830678665154405
2024-09-04,40,0.0112255850151559,0.0103570668000614
2024-09-04,41,-0.00297500655211103,-0.00434017935223174
2024-09-04,42,-0.0168216838648885,-0.016329065291103
2024-09-04,43,0.00585847996694167,0.00607574138898404
2024-09-04,44,0.0173597427490506,0.0174794006688748
2024-09-04,45,0.00873016618004563,0.00785269572177327
2024-09-04,46,-0.0222727756552361,-0.0214016784603972
2024-09-04,47,0.0370206729491045,0.0333496868591379
2024-09-04,48,-0.0110438529813299,-0.01331690444073
2024-09-04,49,-0.0654831283684336,-0.0590271586017082
2024-09-04,50,-0.049866090974521,-0.044325906939263
2024-09-04,51,0.00111151343079641,0.00630691434330277
2024-09-04,52,-0.0630686187771516,-0.0549785296221765
2024-09-04,53,0.0370930151234141,0.0356229068314668
2024-09-04,54,0.00189299707519552,-0.00324866037015781
2024-09-04,55,-0.035564206314799,-0.0351712137571081
2024-09-04,56,-0.0237138847826364,-0.0192915017805539
2024-09-04,57,0.0134232505859035,0.0157057787728432
2024-09-04,58,0.012879130763336,0.013148874677384
2024-09-04,59,0.0147048640643463,0.0135922986681187
2024-09-04,60,0.0636958538040551,0.0561281185724267
2024-09-04,61,0.0378841584242187,0.0311442851320365
2024-09-04,62,-0.0214800227271672,-0.0184149104022104
2024-09-04,63,0.078747153271375,0.0742145828867091
2024-09-04,64,0.0322806358625449,0.02516467245957
2024-09-04,65,-0.0451730786312519,-0.0446634077367758
2024-09-04,66,0.00386130495011905,0.00231101262166167
2024-09-04,67,-0.0162146102600857,-0.0194206113141071
2024-09-04,68,0.00642961222481819,0.00311236689934269
2024-09-04,69,-0.0541955939896903,-0.0559632820332423
2024-09-04,70,-0.0150282243400257,-0.020069421414882
2024-09-04,71,-0.0365130059884207,-0.0374773277167675
2024-09-04,72,-0.0316400827867716,-0.0350105602757411
2024-09-04,73,-0.010945137872401,-0.0164204117710831
2024-09-04,74,-0.010550870306246,-0.0147479726994995
2024-09-04,75,-7.25220944577387e-05,-0.00388696342717942
2024-09-04,76,0.0209525163295678,0.0179481697071617
2024-09-04,77,0.03243432913394,0.0289700132934714
2024-09-04,78,0.0328448267470804,0.0307202460795848
2024-09-04,79,-0.0132268113531735,-0.0148164634493098
2024-09-04,80,-0.00748767726725941,-0.0108062330741392
2024-09-04,81,0.00150362266396176,-0.0034180816786451
2024-09-04,82,-0.0138550143556246,-0.018748022785446
2024-09-04,83,0.00554695895351021,-0.000624570107674138
2024-09-04,84,0.00402989558036371,-0.0016774552791361
2024-09-04,85,-0.0150912920016877,-0.0223416110540917
2024-09-04,86,-0.00542060844198655,-0.0114796702990962
2024-09-04,87,-0.0115586586551992,-0.0184975719886502
2024-09-04,88,-0.0168507173667525,-0.0155120875852308
2024-09-04,89,-0.0258305022005385,-0.0238582534575795
2024-09-04,90,-0.0273947887600676,-0.0268184542190233
2024-09-04,91,-0.0213313486017115,-0.0208847263897805
2024-09-04,92,-0.0458074178210457,-0.0475383748931963
2024-09-04,93,-0.0304945891826609,-0.0300214770495764
2024-09-04,94,-0.0394838037707399,-0.0404039707989616
2024-09-04,95,-0.0228100116532364,-0.0222029758393085
2024-09-04,96,-0.0293275777755979,-0.0298486369946449
2024-09-04,97,-0.0186392768414692,-0.0182292300325915
2024-09-04,98,-0.030460605807983,-0.0303159096637255
2024-09-04,99,-0.024443976724347,-0.0245524206019292
2024-09-04,100,-0.0208622777787242,-0.0206396004599898
2024-09-04,101,-0.0139561760688216,-0.0141248116797108
2024-09-04,102,-0.0152713048291737,-0.0156335418549132
2024-09-04,103,-0.0225687374284611,-0.0228877843733164
2024-09-04,104,-0.0148574419501024,-0.0144665885036206
2024-09-04,105,-0.0105840901977396,-0.0105799272505891
2024-09-04,106,-0.022227128716465,-0.0225335897288756
2024-09-04,107,-0.0100566070350414,-0.00968854081994497
2024-09-04,108,-0.0154002258888593,-0.0161053075009798
2024-09-04,109,-0.0176328207430343,-0.0183945747455763
2024-09-04,110,-0.0010258581609941,0.000578907966868769
2024-09-04,111,-0.0187444951864935,-0.0202038140686227
2024-09-04,112,-0.0131447175155373,-0.0134878225111397
2024-09-04,113,0.00875178674424415,0.010724654565867
2024-09-04,114,-0.0091618151378281,-0.0085748050274006
2024-09-04,115,0.0072572165678082,0.00696454953734005
2024-09-04,116,-0.0120403243665095,-0.0116558170801682
2024-09-04,117,5.06931562984647e-05,-0.000559715683780659
2024-09-04,118,-0.0106266874803049,-0.0103198888153022
2024-09-04,119,0.00687148841299834,0.00700929394063277
2024-09-04,120,-0.00882446299624107,-0.00894718297472252
2024-09-04,121,-0.000175865399159925,-0.00120831073511507
2024-09-04,122,0.00752538338389286,0.00858305107882362
2024-09-04,123,-0.004933186423691,-0.00591600628314115
2024-09-04,124,0.00105873172817805,0.000872399049901773
2024-09-04,125,0.00705422923474153,0.00644463848779608
2024-09-04,126,0.0139533762116244,0.014611849148416
2024-09-04,127,0.00958879535404122,0.00992632561305928
2024-09-04,128,0.0127477854209603,0.0139536626241563
2024-09-04,129,-0.0106278130570017,-0.0122443565908181
2024-09-04,130,0.0201357314967314,0.021118759025585
2024-09-04,131,0.0150934584751825,0.0150453408773306
2024-09-04,132,0.00602829823797801,0.00608354751706841
2024-09-04,133,0.0190816998778285,0.0194499949587819
2024-09-04,134,0.00358207816002043,0.00369198210960775
2024-09-04,135,0.0169253823059048,0.0160011536666467
2024-09-04,136,0.01193421219911,0.0115642008545942
2024-09-04,137,0.000933782519407345,0.00100594516019736
2024-09-04,138,0.0431153379420888,0.0433195020354606
2024-09-04,139,0.0124450028553005,0.0127636753456146
2024-09-04,140,0.0159113809253792,0.0156609182506662
2024-09-04,141,0.0030414130039329,0.00196130116546023
2024-09-04,142,0.0214695695707716,0.02187855795452
2024-09-04,143,0.00989042784835537,0.00902412785529272
2024-09-04,144,0.0260022620887383,0.0263374668827376
2024-09-05,2,0.0163362048254445,0.0136661437097407
2024-09-05,3,0.0135328577949787,0.0115980521537908
2024-09-05,4,0.0343212692346277,0.0323113891969458
2024-09-05,5,0.0186593119197109,0.0163412960177407
2024-09-05,6,0.0259915935076203,0.0239967469769722
2024-09-05,7,0.0292159731956181,0.0268087997279665
2024-09-05,8,0.0105562579022616,0.00736504242165026
2024-09-05,9,0.038961567947295,0.0376896822699786
2024-09-05,10,0.0277284370075002,0.028069744905892
2024-09-05,11,0.0447639786097538,0.0518023684228135
2024-09-05,12,0.0146225300016019,0.021115680950329
2024-09-05,13,0.0371458365340693,0.0443192279562874
2024-09-05,14,0.0312551428121903,0.0391170592687882
2024-09-05,15,0.0337618418909145,0.0431969116651691
2024-09-05,16,0.0145218460650147,0.0224580132683192
2024-09-05,17,0.0051482655206323,0.0132648429916085
2024-09-05,18,0.0185192006617276,0.0284184636611258
2024-09-05,19,-0.00677301482086623,0.00295491967033801
2024-09-05,20,0.0224965885742368,0.0318060641460036
2024-09-05,21,0.00406754355198924,0.0140695907739969
2024-09-05,22,0.00873417432461387,0.0197077664530347
2024-09-05,23,0.00532703425051029,0.0173295818180286
2024-09-05,24,-0.0123114262678614,-0.00279032825645675
2024-09-05,25,0.000911629038057526,0.00873777647263907
2024-09-05,26,0.0274081035547908,0.0331077037158201
2024-09-05,27,0.00778416588421482,0.0154247001141181
2024-09-05,28,0.00651791738893692,0.0132819421730526
2024-09-05,29,-0.0213820932485937,-0.0163251350573415
2024-09-05,30,-0.00394030983677052,0.000999295116692167
2024-09-05,31,-0.0142014824213224,-0.010658501807149
2024-09-05,32,0.0177124454340198,0.0215717753631672
2024-09-05,33,-0.024616606250075,-0.0213195263130004
2024-09-05,34,0.0045592051064105,0.00585031055673024
2024-09-05,35,-0.021644256913965,-0.0193360646783658
2024-09-05,36,0.0209330439814135,0.0233064401467686
2024-09-05,37,-0.00840961528721529,-0.00649693131470208
2024-09-05,38,-0.029703499079667,-0.0273343048787051
2024-09-05,39,0.0115174014915969,0.0129382790124941
2024-09-05,40,0.00892029989102472,0.00891795381362925
2024-09-05,41,0.0120258371818345,0.0122713262685208
2024-09-05,42,-0.0308461760372145,-0.0312781413787668
2024-09-05,43,0.000442379022869588,0.000791026917547732
2024-09-05,44,0.0310585711908971,0.0314792946010387
2024-09-05,45,0.0111415681627696,0.0109279860840248
2024-09-05,46,-0.0303952618860164,-0.0301038774446596
2024-09-05,47,0.0169561892024221,0.0168141061514229
2024-09-05,48,0.0314890360579252,0.0315245334612699
2024-09-05,49,0.0181404844700355,0.0181609829302296
2024-09-05,50,0.0084892975031865,0.00638044497011769
2024-09-05,51,-0.00572437677904869,-0.00665785780852524
2024-09-05,52,0.0115158722607163,0.00974632779532669
2024-09-05,53,0.0160391855485225,0.0142416663138416
2024-09-05,54,0.0140174742168808,0.0121077397966358
2024-09-05,55,0.0289130564761511,0.0268985611980845
2024-09-05,56,0.0194849572686504,0.0176886891789403
2024-09-05,57,0.0234491259462697,0.0220502317615123
2024-09-05,58,0.0426564480624281,0.0406684576331555
2024-09-05,59,0.0287897500630079,0.0256464424006388
2024-09-05,60,0.036414586260654,0.0346127557557594
2024-09-05,61,0.0443523149560905,0.0427786694833125
2024-09-05,62,0.028680892634303,0.0249971531644162
2024-09-05,63,0.0208029382456258,0.0193249069233854
2024-09-05,64,0.0298094951953853,0.028927174094787
2024-09-05,65,0.0427723786874976,0.0409341888564052
2024-09-05,66,-0.00857982405075308,-0.011128253387545
2024-09-05,67,0.0450224510015884,0.0450055901252968
2024-09-05,68,-0.1242228386781,-0.122530652270886
2024-09-05,69,-0.0616365931385108,-0.0627554502185328
2024-09-05,70,-0.0259367785442972,-0.0274922184731263
2024-09-05,71,-0.0374609220526096,-0.0414858742354465
2024-09-05,72,-0.0241925880033085,-0.0263323404137852
2024-09-05,73,-0.0677655861589583,-0.0712766374265046
2024-09-05,74,-0.0512532702902675,-0.0528447215546048
2024-09-05,75,-0.0504600357904019,-0.0537748726612861
2024-09-05,76,-0.0449824275899853,-0.0482800548321189
2024-09-05,77,-0.0358807354685928,-0.0401200035770679
2024-09-05,78,-0.033241608334964,-0.039143356037521
2024-09-05,79,-0.014912508313444,-0.0200310279403553
2024-09-05,80,-0.0439965476418123,-0.0511703119224642
2024-09-05,81,-0.0140124666169834,-0.0203787124692623
2024-09-05,82,-0.0111012987706176,-0.0170111671125945
2024-09-05,83,-0.0196236443796756,-0.0268936500520041
2024-09-05,84,-0.00192829405223272,-0.00913603683482833
2024-09-05,85,-0.0183111976239831,-0.025022681286563
2024-09-05,86,-0.00703736898076013,-0.0146088215062972
2024-09-05,87,0.00220266672668723,-0.00403739102604384
2024-09-05,88,-0.0270142191349811,-0.0281731261000986
2024-09-05,89,-0.0309541939283577,-0.0305651414343591
2024-09-05,90,-0.0402538528268908,-0.0407611314477858
2024-09-05,91,-0.020061239231306,-0.0192785238323832
2024-09-05,92,-0.0318528748804274,-0.032103542634351
2024-09-05,93,-0.0287236566519233,-0.0262059084907387
2024-09-05,94,-0.0315121351226821,-0.0316995877067492
2024-09-05,95,-0.0312226020021735,-0.0297314154836306
2024-09-05,96,-0.0270344397765712,-0.0255441486157637
2024-09-05,97,-0.0185442535590106,-0.0167314534623015
2024-09-05,98,-0.0217672503796988,-0.0209881181100631
2024-09-05,99,-0.0285463124971819,-0.0274105494295127
2024-09-05,100,-0.0299061519619861,-0.0288482801574275
2024-09-05,101,-0.0189175890778328,-0.0182517827597048
2024-09-05,102,-0.0225998748917928,-0.0215879808825798
2024-09-05,103,-0.0267684261174717,-0.0264738139853593
2024-09-05,104,-0.017719615705583,-0.0168125745028274
2024-09-05,105,-0.0278079774898083,-0.0275713267659476
2024-09-05,106,-0.00894913655256202,-0.00842318969290767
2024-09-05,107,-0.0335632582522574,-0.0331197743526581
2024-09-05,108,-0.000959154815366237,0.000885936976229296
2024-09-05,109,-0.0110216137897194,-0.00926495325943044
2024-09-05,110,-0.0139443146418072,-0.0126136220060511
2024-09-05,111,0.00251962418641583,0.00450272603607793
2024-09-05,112,-0.0146642047703143,-0.0133888706980088
2024-09-05,113,0.00183491590247797,0.00372999835116161
2024-09-05,114,-0.00814997164720843,-0.00697015684902524
2024-09-05,115,-0.0039859569065559,-0.00181078632312026
2024-09-05,116,0.0115357071708102,0.0133100698295339
2024-09-05,117,0.0032384122627418,0.00494447270676357
2024-09-05,118,-1.5676348086302e-05,0.000939800273487279
2024-09-05,119,-0.00098575333706652,-0.000491283277550103
2024-09-05,120,-0.0053825377407275,-0.0059856536508125
2024-09-05,121,0.00712516874262281,0.008279678458325
2024-09-05,122,-0.00500883543194508,-0.00536936547388667
2024-09-05,123,0.0102659953797719,0.0112651622012461
2024-09-05,124,0.00525498826877424,0.00298532138223262
2024-09-05,125,-0.00205453617504237,-0.00216025264067632
2024-09-05,126,-0.00367152306938046,-0.00420458544036251
2024-09-05,127,0.0141025492075713,0.0139112210169872
2024-09-05,128,-0.00879034802180723,-0.0104901060170679
2024-09-05,129,0.0196373142244068,0.0200451521960678
2024-09-05,130,0.00120821502480428,0.00095236916429986
2024-09-05,131,0.0080198794294164,0.00694031179099053
2024-09-05,132,0.010264553859912,0.00912912401684274
2024-09-05,133,0.00196612558438236,0.000534805480797651
2024-09-05,134,0.0176357817054189,0.0172032980016992
2024-09-05,135,0.00631367189445342,0.0051974687719909
2024-09-05,136,0.0124684673506392,0.0120526621492862
2024-09-05,137,0.0167065436699803,0.0155233340839711
2024-09-05,138,0.0155265386438073,0.0143150309622415
2024-09-05,139,-0.00288664271318151,-0.00449606870391239
2024-09-05,140,0.0127108624069647,0.01102783519217
2024-09-05,141,0.00981443995474507,0.00811752764868245
2024-09-05,142,0.0194176868502192,0.0184106898550587
2024-09-05,143,0.0132949776853826,0.0118921285299702
2024-09-05,144,0.010750596069804,0.00810764377548079
2024-09-06,2,0.0374956409454228,0.036131162800527
2024-09-06,3,0.0181268344699745,0.0169878362024436
2024-09-06,4,0.00412001692101871,0.00210955005112368
2024-09-06,5,0.0390346635558743,0.0372099691782761
2024-09-06,6,0.0231743747545519,0.0215422675638095
2024-09-06,7,0.0223152311840522,0.0218169243359743
2024-09-06,8,0.0272335762081664,0.0258472329380366
2024-09-06,9,0.0224588045956802,0.0206915232640625
2024-09-06,10,0.0508985270432261,0.0527197733503435
2024-09-06,11,0.0223343511869558,0.0294644147401852
2024-09-06,12,0.0244643609463617,0.032288020227738
2024-09-06,13,0.0297738384004571,0.0374895658314216
2024-09-06,14,0.0244098960101615,0.0333596916957557
2024-09-06,15,0.0198329969958424,0.0291555921882862
2024-09-06,16,0.022865054173705,0.0308083732764981
2024-09-06,17,0.00483570116063436,0.0144466551816613
2024-09-06,18,0.0204548378251239,0.0298494764691748
2024-09-06,19,-0.00276024203931069,0.0059276127474055
2024-09-06,20,0.0190380788257851,0.0288651931776691
2024-09-06,21,0.00466021880443268,0.0132589831666765
2024-09-06,22,0.0126090806741432,0.0224682693236273
2024-09-06,23,0.0088794795714513,0.0179070514588462
2024-09-06,24,-0.0133540558145864,-0.00519407287100027
2024-09-06,25,0.0157725281007872,0.0246020824161652
2024-09-06,26,0.00379190632064574,0.0084409982920528
2024-09-06,27,0.00743259497082427,0.012689304988367
2024-09-06,28,-0.00584972775223402,-0.00095712920001656
2024-09-06,29,-0.0111058344911719,-0.00714042721380537
2024-09-06,30,-0.0126159619179598,-0.00750624016231249
2024-09-06,31,-0.0162727053635425,-0.0141006794268561
2024-09-06,32,0.0182786949942493,0.0212424640779316
2024-09-06,33,-0.0202287210118843,-0.018096543937955
2024-09-06,34,-0.0275949198374166,-0.026660251257085
2024-09-06,35,0.0191832744834928,0.0223857960111902
2024-09-06,36,-0.0116566429282212,-0.0106944224300536
2024-09-06,37,-0.0158215229784977,-0.0144267740855319
2024-09-06,38,-0.0150814831646606,-0.0137328128463023
2024-09-06,39,0.00778262827951615,0.00901126043328837
2024-09-06,40,-0.0137134262210612,-0.0155992821311175
2024-09-06,41,-0.0013632915373547,-0.00127075571938828
2024-09-06,42,-0.0297097630796257,-0.0304333650170703
2024-09-06,43,-0.0168244817674745,-0.0167847276623467
2024-09-06,44,0.0387253993777437,0.0362719934820088
2024-09-06,45,0.0150542251522214,0.0133611759587247
2024-09-06,46,-0.019045471736125,-0.022166751711814
2024-09-06,47,0.0278330934354969,0.0258948550737825
2024-09-06,48,0.0186127647595038,0.0165326728516861
2024-09-06,49,-0.156760765718503,-0.149335724066657
2024-09-06,50,0.0249155756362445,0.0248075530972933
2024-09-06,51,-0.0593050699741733,-0.0616787889454802
2024-09-06,52,-0.118263006196597,-0.115953839020272
2024-09-06,53,-0.0912497312689853,-0.0891339841321566
2024-09-06,54,-0.065271940737154,-0.0655523771814535
2024-09-06,55,-0.0772668266344079,-0.0764629213437846
2024-09-06,56,0.0346459053295023,0.0303990410362873
2024-09-06,57,0.039226461177253,0.0323258478370887
2024-09-06,58,0.0295148755429535,0.024425690671003
2024-09-06,59,-0.0587145322409466,-0.0591588152173772
2024-09-06,60,0.0258821350747471,0.0256507256377718
2024-09-06,61,0.0689578851751174,0.0656848624734412
2024-09-06,62,0.0630192882444192,0.0572309773684321
2024-09-06,63,0.0395422323427521,0.0379925742551137
2024-09-06,64,0.027227710699492,0.0233054165980278
2024-09-06,65,0.0358628786515762,0.0326313790509953
2024-09-06,66,-0.00541616288383651,-0.00916344343587117
2024-09-06,67,-0.0234185459602196,-0.0223314913508172
2024-09-06,68,-0.00260178678805811,-0.00417614057509752
2024-09-06,69,0.00554651735159783,0.00286214377118199
2024-09-06,70,0.00798599792630839,0.00248295624949524
2024-09-06,71,0.0332818111277282,0.0268487524546863
2024-09-06,72,0.0113393444908167,0.00646220570958533
2024-09-06,73,0.0226133854234662,0.0175172776760544
2024-09-06,74,0.0179210052351566,0.0123031105979337
2024-09-06,75,0.0318816662963526,0.0274274863721047
2024-09-06,76,0.00142945035328879,-0.00356835264279187
2024-09-06,77,0.0265690435855861,0.021631207880942
2024-09-06,78,0.0142949211801833,0.00873899285175384
2024-09-06,79,-0.00802842133915149,-0.0123089656057518
2024-09-06,80,0.0071929386957228,0.00224171438110066
2024-09-06,81,-0.00562296992860922,-0.0115007281314234
2024-09-06,82,0.00728844082658053,0.00151712146958083
2024-09-06,83,-0.00603211190347164,-0.0126632702272849
2024-09-06,84,-0.00350393562279505,-0.00960721858524982
2024-09-06,85,-0.0107820070816427,-0.0198502289942226
2024-09-06,86,0.0144859170202931,0.00773126529021173
2024-09-06,87,-0.0262875019098399,-0.0323297564670346
2024-09-06,88,-0.0140556885989942,-0.0144048385622071
2024-09-06,89,-0.030557955048053,-0.0301673151907109
2024-09-06,90,-0.0282936435242576,-0.0266194961449764
2024-09-06,91,-0.0265158687247817,-0.0261550687195511
2024-09-06,92,-0.0310725915372738,-0.03029851302909
2024-09-06,93,-0.0278104922801701,-0.0275920805084744
2024-09-06,94,-0.0281602271186578,-0.0274189133273302
2024-09-06,95,-0.0199253940252033,-0.018969970803401
2024-09-06,96,-0.0196026951036155,-0.0190661527530955
2024-09-06,97,-0.0193875134385042,-0.0185671569606169
2024-09-06,98,-0.0353528147304827,-0.0362070925155327
2024-09-06,99,-0.0147788939856284,-0.0141241463530868
2024-09-06,100,-0.0225961302228033,-0.0229480818206733
2024-09-06,101,-0.0320225967922418,-0.0330753285725884
2024-09-06,102,-0.0257017714201226,-0.0268670875734678
2024-09-06,103,-0.0256106379588954,-0.027794428980306
2024-09-06,104,-0.0240976410133609,-0.0248932198488014
2024-09-06,105,-0.0181277844425778,-0.0179649634556553
2024-09-06,106,-0.0256195135847173,-0.0264943577000754
2024-09-06,107,-0.020437125683308,-0.0220509637456363
2024-09-06,108,-0.0275410907491618,-0.0277646714854169
2024-09-06,109,-0.00921029366253157,-0.00954749666058818
2024-09-06,110,-0.0198271828760452,-0.0207618566818359
2024-09-06,111,-0.0108533187553483,-0.0115036733368727
2024-09-06,112,-0.0189204084784249,-0.019577187509582
2024-09-06,113,-0.016590513003826,-0.0169180751785953
2024-09-06,114,-0.0159339750948746,-0.0159948933470293
2024-09-06,115,-0.00340011043274213,-0.0041907191457442
2024-09-06,116,-0.00901402356059755,-0.00903777342029066
2024-09-06,117,-0.0183235791681069,-0.0194262943735053
2024-09-06,118,0.000930321889403452,0.000800639160805972
2024-09-06,119,-0.00767660307060414,-0.00839019960621901
2024-09-06,120,-0.0104590739213943,-0.0116005473817689
2024-09-06,121,-0.00424520025939046,-0.00428892415500037
2024-09-06,122,-0.000537956656683214,-0.000638155809445706
2024-09-06,123,-0.0135369299018659,-0.0143389942997896
2024-09-06,124,0.00886741043252304,0.00938496580736192
2024-09-06,125,-0.00634543506319929,-0.00792252430551788
2024-09-06,126,0.00866782778078434,0.00961722732875359
2024-09-06,127,0.00102965781514008,0.000130847909361798
2024-09-06,128,-0.00203826680024655,-0.00186754130010414
2024-09-06,129,0.00860525850864668,0.00834739302456455
2024-09-06,130,0.00282861237596244,0.00224266328952361
2024-09-06,131,-0.00161685119244392,-0.00225905936236526
2024-09-06,132,0.00943514997522144,0.0101883113639722
2024-09-06,133,0.00791695474464493,0.00681501779793958
2024-09-06,134,0.0130928015082707,0.0134650700093566
2024-09-06,135,0.00628655795262301,0.00562270794419195
2024-09-06,136,0.00382503657530009,0.00195191086353663
2024-09-06,137,0.00209900386641593,0.000649190438307023
2024-09-06,138,0.0198849046855392,0.0194455210344096
2024-09-06,139,0.0024977194451683,0.00104719643732309
2024-09-06,140,0.0331973557159957,0.0323968789763898
2024-09-06,141,-0.00367279927727981,-0.00540519180132115
2024-09-06,142,0.0151183457509445,0.0140503910099534
2024-09-06,143,0.0232931269879275,0.0221739830775771
2024-09-06,144,0.00416693800078782,0.00273120454233844
2024-09-07,2,0.00981755437483933,0.00800347719767913
2024-09-07,3,0.0236797813924685,0.0230125865797826
2024-09-07,4,0.0179029066476399,0.015972393647564
2024-09-07,5,0.00929869769054825,0.00658145094068807
2024-09-07,6,0.023723766878943,0.022903454159084
2024-09-07,7,0.0248812324760159,0.0236324323744865
2024-09-07,8,0.0263787838204159,0.0247622667071203
2024-09-07,9,0.0140394091649512,0.0111998959600728
2024-09-07,10,0.0400284627324714,0.0408944461071323
2024-09-07,11,0.0291071680693706,0.0367888744110525
2024-09-07,12,0.0256844153514981,0.0351302045731021
2024-09-07,13,0.0326616554882868,0.0409872662911992
2024-09-07,14,0.0261006569654034,0.0358592416116243
2024-09-07,15,0.022175746612243,0.0312191935461508
2024-09-07,16,0.0216432523501968,0.0316830198530909
2024-09-07,17,0.0273267068929322,0.0382876811319655
2024-09-07,18,0.030168674971006,0.0412593229368747
2024-09-07,19,0.0162430462839644,0.02747798386737
2024-09-07,20,0.0114960946337863,0.0215007104404767
2024-09-07,21,0.0160745908066424,0.0266597876258734
2024-09-07,22,-0.0048674618127249,0.00712399983016176
2024-09-07,23,0.00846720381652677,0.0209772883265957
2024-09-07,24,-0.00632420038664705,0.00439900859363984
2024-09-07,25,-0.00461109226144618,0.00514952548796987
2024-09-07,26,0.00153552315912542,0.0098500814043625
2024-09-07,27,-0.00195252331271156,0.00551512861974324
2024-09-07,28,-0.00268933859698173,0.00518563295792074
2024-09-07,29,-0.0280657598157106,-0.0216725526136035
2024-09-07,30,-0.0209146020537734,-0.0152392062394267
2024-09-07,31,-0.0192004984210516,-0.0141856967944163
2024-09-07,32,-0.0235655753299229,-0.0201189293093824
2024-09-07,33,-0.0278628320411514,-0.0237461797565688
2024-09-07,34,-0.0398216690930209,-0.0378966415067667
2024-09-07,35,-0.0236061989434573,-0.0207571600031713
2024-09-07,36,-0.00289125330526208,1.69533472789141e-05
2024-09-07,37,-0.0329759173605275,-0.0314406604179531
2024-09-07,38,-0.0466159939094384,-0.0452065587296957
2024-09-07,39,-0.00360018508794724,-0.00275595881978941
2024-09-07,40,-0.0244741718662098,-0.0224822909896423
2024-09-07,41,-0.032790144678585,-0.0340257406278868
2024-09-07,42,-0.0326686326411902,-0.0319251780643599
2024-09-07,43,-0.0173032463459366,-0.0178581352159757
2024-09-07,44,0.0178179092806801,0.0174592844347474
2024-09-07,45,-0.00552082474238969,-0.00764552858454515
2024-09-07,46,-0.0367900172268181,-0.0389317407530285
2024-09-07,47,-0.0798140730491923,-0.0792424346887133
2024-09-07,48,-0.0239696740134931,-0.0186802957496184
2024-09-07,49,0.0352782649152417,0.0307544888320113
2024-09-07,50,-0.00145194759770195,-0.00754071416472879
2024-09-07,51,-0.00714812780215279,-0.0104283401682164
2024-09-07,52,-0.00757518102103827,-0.00960361656767006
2024-09-07,53,0.0334280857983282,0.0295500361367917
2024-09-07,54,0.00981923030083909,0.000514364938972278
2024-09-07,55,0.0234281162358077,0.0174923760682075
2024-09-07,56,0.022656776372699,0.0162685531277287
2024-09-07,57,0.0307444338507352,0.0276358318903087
2024-09-07,58,0.02164925124581,0.0171363964389322
2024-09-07,59,0.034464066058927,0.0326702182816883
2024-09-07,60,0.0257969433763039,0.0197018892796663
2024-09-07,61,0.0546385210823281,0.0504544666341502
2024-09-07,62,0.0506229131130365,0.0490461950199483
2024-09-07,63,0.053609920151624,0.0546960207564569
2024-09-07,64,0.0297638735892747,0.0293516526558752
2024-09-07,65,0.0610219452443985,0.06196309261039
2024-09-07,66,0.0144151344977077,0.014387003205675
2024-09-07,67,0.0341359747363379,0.0350990696490605
2024-09-07,68,-0.0241708344421303,-0.0231059078837239
2024-09-07,69,0.00645263305833943,0.00487367698825381
2024-09-07,70,-0.00476389320375059,-0.00704230521461735
2024-09-07,71,0.0134538559634283,0.0124401014417757
2024-09-07,72,-0.0152582275365889,-0.0176399761020889
2024-09-07,73,-0.0495264151483523,-0.0538261938160787
2024-09-07,74,-0.0132306545327374,-0.0186362561839779
2024-09-07,75,-0.0124349787015605,-0.0191413257558386
2024-09-07,76,0.00928700433642415,0.00125016288286162
2024-09-07,77,-6.87060178030663e-05,-0.00863835699825977
2024-09-07,78,-0.00802012916848138,-0.01522643907954
2024-09-07,79,-0.0103992238192987,-0.0177614376472279
2024-09-07,80,-0.0190200488073433,-0.0258224114642394
2024-09-07,81,-0.0285646433825733,-0.0362701812305799
2024-09-07,82,-0.0127175040560519,-0.020757144118968
2024-09-07,83,-0.0238197985884603,-0.0324180816988666
2024-09-07,84,-0.0130203546931882,-0.0197246918827645
2024-09-07,85,-0.0140483930545776,-0.0206095927530479
2024-09-07,86,-0.0170789400265225,-0.0238459397734148
2024-09-07,87,-0.0173404904946861,-0.0196136924479169
2024-09-07,88,-0.0179988235453616,-0.0144908902608427
2024-09-07,89,-0.0130385773961659,-0.00962085088982212
2024-09-07,90,-0.0244096868847681,-0.0203688518717287
2024-09-07,91,-0.0182383959620602,-0.0150212845966373
2024-09-07,92,-0.0280128823675754,-0.0259400680749855
2024-09-07,93,-0.014779468524575,-0.0124989839513998
2024-09-07,94,-0.0173619059695347,-0.0151802746453797
2024-09-07,95,-0.0188208986338769,-0.01630736908999
2024-09-07,96,-0.0186397841309054,-0.0168544479639672
2024-09-07,97,-0.013589662343128,-0.0115297918005455
2024-09-07,98,-0.0151754902220174,-0.0132091727577119
2024-09-07,99,-0.0169649905398206,-0.0153370962076265
2024-09-07,100,-0.00554890067513591,-0.00366197974215154
2024-09-07,101,-0.00354154914860771,-0.000616553482445603
2024-09-07,102,-0.00962694150345289,-0.00849431705547765
2024-09-07,103,-0.00981452611376898,-0.00767507330217487
2024-09-07,104,-0.0110297986145973,-0.00895825943329687
2024-09-07,105,-0.00583499275767618,-0.00450686290460656
2024-09-07,106,-0.00257285905282689,-0.00129657502575764
2024-09-07,107,-0.0134810754922414,-0.0136531809639795
2024-09-07,108,-0.0105554033638775,-0.00968502991131093
2024-09-07,109,-0.00171722749350245,-0.00194197617909442
2024-09-07,110,-0.015217557767885,-0.0154240675422495
2024-09-07,111,0.000508649440436493,0.000568502125161352
2024-09-07,112,-0.0157481678047047,-0.0171095656923601
2024-09-07,113,-0.00626700617711329,-0.00769624932729318
2024-09-07,114,-0.00875714412143136,-0.00910354035647742
2024-09-07,115,-0.00317876785941085,-0.00429837045377557
2024-09-07,116,-0.00103363573636184,-0.000679659395178334
2024-09-07,117,-0.016288132904017,-0.0181845802498559
2024-09-07,118,-0.000748178817513434,-0.00230092402318416
2024-09-07,119,-0.0128736373165808,-0.0151760990312928
2024-09-07,120,-0.0128369928150951,-0.0155033284475081
2024-09-07,121,-0.00625168253872133,-0.00749707181921888
2024-09-07,122,-0.00459404611561975,-0.00628664920608912
2024-09-07,123,-0.00679326125157775,-0.00844962165487129
2024-09-07,124,-0.0145384359913576,-0.0173200619770624
2024-09-07,125,-0.00272000693492913,-0.00297832981670076
2024-09-07,126,0.00267744173223239,0.000855063534276113
2024-09-07,127,-0.0114893103345128,-0.0129193893032493
2024-09-07,128,0.00241380432127158,0.000532198749491286
2024-09-07,129,-0.00138790531396182,-0.00250391195582367
2024-09-07,130,-0.00286961480391934,-0.00440074578736294
2024-09-07,131,0.0105026429170447,0.00964871917354682
2024-09-07,132,-0.00154589890948476,-0.00313934524617832
2024-09-07,133,-0.00341361849479327,-0.00432597259232814
2024-09-07,134,0.0181989530116038,0.0164921649484695
2024-09-07,135,0.00315486896490302,0.00260632857445664
2024-09-07,136,0.00134486937310285,-0.00118222353873332
2024-09-07,137,0.0151839838659678,0.0153388480170573
2024-09-07,138,-0.00263388701477485,-0.00567119383284975
2024-09-07,139,0.00954866740846505,0.00803809556792867
2024-09-07,140,0.0107243194420024,0.00995177590538887
2024-09-07,141,0.013201413181819,0.0112221673437878
2024-09-07,142,-0.00208652582942381,-0.00409915051530252
2024-09-07,143,0.025004827796475,0.024106626867491
2024-09-07,144,0.00897951336842961,0.0060825200494703
2024-09-08,2,0.0106914542146468,0.00866750584073284
2024-09-08,3,0.0186959210136468,0.0174049851066229
2024-09-08,4,0.0242216558412247,0.0221554601343854
2024-09-08,5,0.0107812544118273,0.0094892580902366
2024-09-08,6,0.0242880835023245,0.0229263277227263
2024-09-08,7,0.0227634908019549,0.0213881121083705
2024-09-08,8,0.0042227733052842,0.00118938310196981
2024-09-08,9,0.0237700166989221,0.021450563070764
2024-09-08,10,0.0307312555574519,0.0292825269895625
2024-09-08,11,0.018237525750342,0.0254478332089807
2024-09-08,12,0.0318628991282095,0.0410032748660232
2024-09-08,13,0.0402859801292736,0.0494797252195696
2024-09-08,14,0.0203096027136365,0.0279896786246292
2024-09-08,15,0.0254836611127454,0.0335882846877391
2024-09-08,16,0.0310661763063242,0.0410082147650499
2024-09-08,17,0.017262628563917,0.0268375677765835
2024-09-08,18,0.0239346506289229,0.0330715739018208
2024-09-08,19,0.0129158633249711,0.0230403015348681
2024-09-08,20,0.026032421702781,0.0365884165497681
2024-09-08,21,0.0141237099953457,0.0233836067515893
2024-09-08,22,0.014708426377303,0.0253843422172437
2024-09-08,23,0.0047768440625422,0.0150157317930777
2024-09-08,24,-0.00143259607147161,0.00873408626697358
2024-09-08,25,0.0227076641463855,0.0300677888045024
2024-09-08,26,0.00789129189572346,0.0145001501170601
2024-09-08,27,0.00915520065902609,0.0151918745066792
2024-09-08,28,-0.00699304438944193,-0.000503572120789109
2024-09-08,29,0.00526150851370755,0.0111424728561937
2024-09-08,30,-0.00304562747661485,0.00315582815104865
2024-09-08,31,-0.0213388654053421,-0.0188859773832935
2024-09-08,32,0.00527609352242653,0.00881661560741964
2024-09-08,33,-0.0143635481309392,-0.0117719482426724
2024-09-08,34,0.00506423720077542,0.00773050240024453
2024-09-08,35,-0.0283654934972359,-0.0259195634709446
2024-09-08,36,-0.00208367672157905,-0.000176226406601643
2024-09-08,37,0.0038837579329396,0.00502266254700601
2024-09-08,38,-0.0132145779321027,-0.0115630293051074
2024-09-08,39,0.00614002909657785,0.00585934294353141
2024-09-08,40,-0.0192644852868264,-0.0182181734042679
2024-09-08,41,-0.012920460228119,-0.0130693785004148
2024-09-08,42,-0.0119745084930782,-0.0113830625625324
2024-09-08,43,-0.00538020926967686,-0.00644183546000043
2024-09-08,44,0.0342977302975758,0.0331249846963075
2024-09-08,45,-0.0182951477853521,-0.0181104429689043
2024-09-08,46,-0.0489516598672699,-0.0473597015469274
2024-09-08,47,0.0668172254913699,0.0617852465216684
2024-09-08,48,0.0371073391989185,0.0302783333710961
2024-09-08,49,0.0287761408517824,0.025775683980573
2024-09-08,50,-0.0125437418888605,-0.0154010514963261
2024-09-08,51,0.0167555002118096,0.0154491330868298
2024-09-08,52,-0.0453928718111332,-0.0441126535657252
2024-09-08,53,-0.0593999245476899,-0.0536647276066011
2024-09-08,54,0.0415578437106765,0.0415592413667438
2024-09-08,55,0.0350478735372901,0.0319414180060393
2024-09-08,56,-0.0138308633974829,-0.0165493751210057
2024-09-08,57,0.0585371495142697,0.0594215001154259
2024-09-08,58,0.00367752303517754,0.00264411792945918
2024-09-08,59,-0.00915919424685541,-0.00747832851287811
2024-09-08,60,-0.0477700446247145,-0.0435037727761216
2024-09-08,61,0.0403197774531368,0.0388230233232685
2024-09-08,62,-0.0208152970967026,-0.0215174948844012
2024-09-08,63,-0.0839070644493392,-0.0810690203668907
2024-09-08,64,-0.0978245373929569,-0.0953868057257923
2024-09-08,65,-0.081372418772081,-0.0821153415653697
2024-09-08,66,-0.0940266854196823,-0.0949287149697131
2024-09-08,67,-0.117806394815627,-0.120820801812553
2024-09-08,68,-0.0777253846905728,-0.0814355723710243
2024-09-08,69,-0.014999373941075,-0.0170781812218248
2024-09-08,70,0.0258429332901082,0.0219124430950934
2024-09-08,71,0.0144335725318774,0.0130377589337369
2024-09-08,72,0.0100104557491889,0.00642162623831943
2024-09-08,73,0.018798789593899,0.0155826936929886
2024-09-08,74,0.0211131539078799,0.0151840415285305
2024-09-08,75,-0.0114833178959843,-0.0157859608913364
2024-09-08,76,0.0321811522332842,0.0277190015075712
2024-09-08,77,0.0519313309639893,0.0450576969165635
2024-09-08,78,0.0494483221401243,0.042838614841636
2024-09-08,79,0.0215326827110776,0.014762370318735
2024-09-08,80,0.00350049888213633,-0.00333972449370812
2024-09-08,81,0.0250134861431723,0.0179404113035257
2024-09-08,82,0.00833957804672725,0.0013459689899511
2024-09-08,83,0.0286020867417847,0.0228788255603334
2024-09-08,84,-0.0236288158909534,-0.032399347477666
2024-09-08,85,-0.0204369641690079,-0.0285479173247261
2024-09-08,86,-0.0261194830880713,-0.0337993458113948
2024-09-08,87,-0.0159303129624178,-0.0174083246352161
2024-09-08,88,-0.0316292772852385,-0.0306854962306513
2024-09-08,89,-0.0275761387511837,-0.0267795668953763
2024-09-08,90,-0.0296124357826559,-0.0290460035046314
2024-09-08,91,-0.0382623681831138,-0.0376710968069687
2024-09-08,92,-0.0235428881113697,-0.0227336589187672
2024-09-08,93,-0.0234144580053939,-0.0237825030426655
2024-09-08,94,-0.037542900797372,-0.0372627796050669
2024-09-08,95,-0.0230405925171104,-0.0232885660398745
2024-09-08,96,-0.0281924500729351,-0.0284727021837066
2024-09-08,97,-0.0235527583760335,-0.0238588745686537
2024-09-08,98,-0.024481444381252,-0.0248680277332518
2024-09-08,99,-0.0187224905841972,-0.0180889216208753
2024-09-08,100,-0.0227414130436245,-0.021783223378129
2024-09-08,101,-0.00735105604112407,-0.00685566439002461
2024-09-08,102,-0.0256906796174023,-0.0247696662300454
2024-09-08,103,-0.0241272014038998,-0.0240012714352513
2024-09-08,104,-0.0188079718071705,-0.0198783010952619
2024-09-08,105,-0.00989765415564925,-0.00840277652008758
2024-09-08,106,-0.0117010668682376,-0.0113163376779353
2024-09-08,107,-0.0176732837007094,-0.0180477518860815
2024-09-08,108,-0.00591542853391758,-0.00488298659237074
2024-09-08,109,-0.00925348894258349,-0.0092963169535567
2024-09-08,110,-0.0109341820829396,-0.0110286117284009
2024-09-08,111,-0.0235939318437453,-0.0244126840858572
2024-09-08,112,-0.00274321758651208,-0.00221767861643229
2024-09-08,113,-0.0205323976119365,-0.022205508079562
2024-09-08,114,-1.87336924328818e-05,0.00116356735344603
2024-09-08,115,0.00076295421128858,0.000835478455628369
2024-09-08,116,-0.000316578335329609,0.000186155689170242
2024-09-08,117,-0.0145654516429703,-0.0156086755746321
2024-09-08,118,-0.00391241890072358,-0.00462065662795563
2024-09-08,119,-0.00264169845232942,-0.00341354324904231
2024-09-08,120,0.0104178822592047,0.0107994050269813
2024-09-08,121,-0.0182788916186434,-0.019395565684917
2024-09-08,122,0.0108865547090273,0.0107595826367763
2024-09-08,123,0.00841778562183659,0.00793045367664647
2024-09-08,124,-0.00628690744775273,-0.0078492020255494
2024-09-08,125,0.00286204027775838,0.00156057202532089
2024-09-08,126,0.0104817310121641,0.00879879874722089
2024-09-08,127,-0.000713228862421644,-0.00227970686923573
2024-09-08,128,0.00445379898636489,0.00353172359587361
2024-09-08,129,0.00317251568929411,0.00189239295462329
2024-09-08,130,0.00910346360807424,0.00815107183184072
2024-09-08,131,0.00350986419241206,0.000281283166085444
2024-09-08,132,-0.00321785925723184,-0.00409451228037394
2024-09-08,133,0.00595293111372275,0.0037890808648795
2024-09-08,134,0.00999783000160015,0.008990708112119
2024-09-08,135,0.00442448047355981,0.00183621975134507
2024-09-08,136,-0.00221055066074705,-0.00438415080008525
2024-09-08,137,0.00954091177597594,0.00843631075948537
2024-09-08,138,0.0181376942259304,0.017022841869557
2024-09-08,139,-0.00127776081748188,-0.00270880055588574
2024-09-08,140,0.0118331064069794,0.0102340434659327
2024-09-08,141,0.0145966189977162,0.0133700343451757
2024-09-08,142,0.0177205967445264,0.0165020890769911
2024-09-08,143,-0.00241840730779685,-0.00395686899211167
2024-09-08,144,0.0242585336104622,0.0232815164288693
2024-09-09,2,0.00462569728699069,0.00351792464068179
2024-09-09,3,0.0113745853667391,0.0101606705251909
2024-09-09,4,0.0126016518067242,0.0105509706691835
2024-09-09,5,0.0115634217165814,0.0107821921551619
2024-09-09,6,0.0115722706087187,0.0094380713469242
2024-09-09,7,0.0196740122923407,0.0192141345011976
2024-09-09,8,0.00489315334517482,0.00317729328351657
2024-09-09,9,0.00856217092617495,0.00669286956982607
2024-09-09,10,0.0333739497268493,0.0323483970717593
2024-09-09,11,0.0182957141429858,0.0266700043077375
2024-09-09,12,0.0262470947743392,0.034844439218805
2024-09-09,13,0.00921352364776418,0.0183311316696511
2024-09-09,14,0.0255508892177243,0.0349259297309219
2024-09-09,15,0.031840068891472,0.0394424599119789
2024-09-09,16,0.0165066646582819,0.0256680446536253
2024-09-09,17,0.0320302432033905,0.0425616915912839
2024-09-09,18,0.0358056734059771,0.0446503868590442
2024-09-09,19,0.0348833778730517,0.0442869033917912
2024-09-09,20,0.0268817257990932,0.0382589637642576
2024-09-09,21,0.0370133802773944,0.0468846815492876
2024-09-09,22,0.0371918119657906,0.0475526030387527
2024-09-09,23,0.0338019346981868,0.042732941001197
2024-09-09,24,0.0190363747808915,0.0293958900229789
2024-09-09,25,0.0244822860095519,0.0336423775213808
2024-09-09,26,0.00608049247156117,0.0126112506007292
2024-09-09,27,0.0336527274431644,0.0419214253310658
2024-09-09,28,0.009997695045592,0.0151803644750013
2024-09-09,29,0.0156244249620618,0.0234989821131162
2024-09-09,30,0.00413716718350088,0.00983668936180315
2024-09-09,31,-0.00255585345654108,0.00273152222793804
2024-09-09,32,0.0098024871709459,0.0136940951189866
2024-09-09,33,-0.0102456788925345,-0.00811800276613273
2024-09-09,34,0.0220516090829737,0.0256455613584796
2024-09-09,35,0.00780330006943508,0.0105059375100902
2024-09-09,36,-0.0419292242096319,-0.0412489503394795
2024-09-09,37,0.018864758428772,0.0251061948401246
2024-09-09,38,-0.020691275898514,-0.0188559852846559
2024-09-09,39,-0.0173744160125189,-0.0148572914419365
2024-09-09,40,-0.0533321744828568,-0.0472085960865689
2024-09-09,41,-0.0289531358196209,-0.0252889687697824
2024-09-09,42,-0.0545093674338961,-0.0493792749967694
2024-09-09,43,-0.0300710696971889,-0.0230555158584567
2024-09-09,44,-0.0415095643740839,-0.0386007041922207
2024-09-09,45,0.00299438401238117,0.00700781750717372
2024-09-09,46,-0.0438111284942959,-0.0407084084393041
2024-09-09,47,-0.0144289998890654,-0.0103948266399403
2024-09-09,48,0.0261298484404175,0.030799138501524
2024-09-09,49,0.0121732830573418,0.0124195188695397
2024-09-09,50,-0.0874571019512178,-0.0822428647435309
2024-09-09,51,-0.0205329887700456,-0.0214294555946521
2024-09-09,52,-0.0604756206918582,-0.0538426444216071
2024-09-09,53,-0.0226864393432642,-0.0176404567540605
2024-09-09,54,-0.0284259440289052,-0.0267589798865115
2024-09-09,55,-0.0622537039991666,-0.0620419217781096
2024-09-09,56,-0.048587238046994,-0.0456950348125895
2024-09-09,57,-0.0667141173519843,-0.0630529622430425
2024-09-09,58,-0.0270877780663863,-0.0277064061262404
2024-09-09,59,-0.0678268008533758,-0.0671632098835282
2024-09-09,60,0.0086252333265584,0.0100063336088407
2024-09-09,61,-0.0264654053969071,-0.0290513368191405
2024-09-09,62,-0.0247027473887975,-0.0225767705174702
2024-09-09,63,-0.0100570908278774,-0.0116021012715324
2024-09-09,64,-0.000565038233398596,-0.00350335638769916
2024-09-09,65,0.0138251722214164,0.0114369517097677
2024-09-09,66,0.00453659657970107,-0.000711981551912544
2024-09-09,67,-0.00279926285723242,-0.00729345236336876
2024-09-09,68,-0.0153269561664677,-0.0229848978009333
2024-09-09,69,0.0434426184646206,0.0377776381088655
2024-09-09,70,0.00164520057259487,-0.00632199991276039
2024-09-09,71,0.006474819292281,-0.0011817417923643
2024-09-09,72,0.0213481692443125,0.0132022816324806
2024-09-09,73,0.00602759281204079,-0.00303953373355448
2024-09-09,74,0.0339202628011579,0.0250885372762308
2024-09-09,75,0.0386794455197563,0.0294798738230995
2024-09-09,76,0.0263647147624644,0.0185049513150748
2024-09-09,77,0.0276473352263364,0.0197564969063118
2024-09-09,78,0.0273227765456827,0.0189388848584562
2024-09-09,79,0.0223600853599777,0.0129363089192651
2024-09-09,80,0.0103424517975705,0.00299497296240947
2024-09-09,81,-0.00146179712436023,-0.0106329295785859
2024-09-09,82,-0.00283847388364933,-0.0108768833266124
2024-09-09,83,0.000338645527007131,-0.00621921988965024
2024-09-09,84,0.00310172258763597,-0.00385599095778666
2024-09-09,85,0.00020855427783939,-0.00846452244940643
2024-09-09,86,-0.0264995860554658,-0.0341201451499016
2024-09-09,87,0.0018596098152317,0.0031129541734467
2024-09-09,88,-0.00936448734274897,-0.00731614488775811
2024-09-09,89,-0.0257061238264198,-0.0234929141617206
2024-09-09,90,-0.0197531044973998,-0.0176639989650695
2024-09-09,91,-0.0175513125149518,-0.0167251054653264
2024-09-09,92,-0.0121471962479243,-0.0106418528314292
2024-09-09,93,-0.0352256240193514,-0.0349551240811437
2024-09-09,94,-0.028398049582913,-0.0294255300184654
2024-09-09,95,-0.0127816380452206,-0.0107025659126183
2024-09-09,96,-0.026804368177257,-0.0271735714876744
2024-09-09,97,-0.0166924547043976,-0.0170608268359693
2024-09-09,98,-0.0168928738316367,-0.0161147710251219
2024-09-09,99,-0.0221174287579133,-0.0213846278074907
2024-09-09,100,-0.0207621074589932,-0.020869739975244
2024-09-09,101,-0.0317193155829294,-0.0330698769415205
2024-09-09,102,-0.0108825999688653,-0.00995219530300506
2024-09-09,103,-0.0120179428268816,-0.0122511902187066
2024-09-09,104,-0.0326664868526949,-0.0333207055748952
2024-09-09,105,0.00169498082976194,0.00249709697537792
2024-09-09,106,-0.0311036286994435,-0.0330066202873747
2024-09-09,107,-0.0172147993781762,-0.0171637747740867
2024-09-09,108,-0.0043189980395173,-0.00315234895046057
2024-09-09,109,-0.0204063061617159,-0.0200407529489439
2024-09-09,110,-0.0206957375875856,-0.0216321186677906
2024-09-09,111,-0.0022199382965935,-0.00196926048560364
2024-09-09,112,-0.0183697871268844,-0.0189345162830792
2024-09-09,113,-0.00389986475605486,-0.00372870710843465
2024-09-09,114,-0.0144029696554782,-0.0146443147265973
2024-09-09,115,-0.00767570860114564,-0.0071910905638708
2024-09-09,116,-0.0239590789286526,-0.0246959580596346
2024-09-09,117,0.00704423799670018,0.00787059144269797
2024-09-09,118,0.00200274142148782,0.00275847259144424
2024-09-09,119,-0.014540656255285,-0.0153593471950613
2024-09-09,120,-0.00857744199875565,-0.00952583775080296
2024-09-09,121,0.0018973023246307,0.00296181668455464
2024-09-09,122,0.0126181785699364,0.0141096174838262
2024-09-09,123,-0.00678150129555632,-0.00699464687812412
2024-09-09,124,0.00241659565854135,0.00213089455749493
2024-09-09,125,-0.00762965642215985,-0.00749508419196498
2024-09-09,126,0.0126304014121228,0.0138919559323778
2024-09-09,127,-0.0182877644652963,-0.0207668059007338
2024-09-09,128,0.0108444791389504,0.0120512597288087
2024-09-09,129,-0.00841358965765782,-0.0101583095169602
2024-09-09,130,0.0134088573413358,0.0132287678536569
2024-09-09,131,0.000223001031850245,-0.000756253112726313
2024-09-09,132,0.00637531656425327,0.00529689688984636
2024-09-09,133,0.00218686971266013,0.000730784666651552
2024-09-09,134,0.00627389931442845,0.00517778159080962
2024-09-09,135,0.00639575387101399,0.00606722931282011
2024-09-09,136,-0.00841461934018373,-0.0108912471499307
2024-09-09,137,0.0211133264931576,0.0215736242496849
2024-09-09,138,-0.00633395557313321,-0.00762273866086272
2024-09-09,139,0.018409551848305,0.0179433633911303
2024-09-09,140,0.00592853267570881,0.00366419019243125
2024-09-09,141,0.00659994597497171,0.00650971257810706
2024-09-09,142,0.0139626958046044,0.0124896370737657
2024-09-09,143,-0.0103504560258454,-0.012690439030651
2024-09-09,144,0.0287789522042496,0.0271481918735628
2024-09-10,2,0.0255647576366362,0.0240313045395606
2024-09-10,3,0.0276512663735131,0.0252159526467803
2024-09-10,4,0.0346528783652049,0.0334284815463581
2024-09-10,5,0.0217931180747266,0.0197201165473677
2024-09-10,6,0.0386410653379317,0.0369269663372931
2024-09-10,7,0.0233065538658979,0.0212077226553697
2024-09-10,8,0.039582242094137,0.0373497446482771
2024-09-10,9,0.0243792202294744,0.0218366832379875
2024-09-10,10,0.0392341794575515,0.0361672880268049
2024-09-10,11,0.0386826267308997,0.0438120712662151
2024-09-10,12,0.0320848162824801,0.0406517666027932
2024-09-10,13,0.037136532437958,0.045793118575066
2024-09-10,14,0.0458271905527496,0.0546829384465779
2024-09-10,15,0.0503273494509795,0.0594634018775757
2024-09-10,16,0.0421818933084959,0.0527869937885441
2024-09-10,17,0.0334725577927939,0.0429158494412372
2024-09-10,18,0.0585902237438249,0.0672950527107243
2024-09-10,19,0.038261867655522,0.0490335321522828
2024-09-10,20,0.0593071970533465,0.0702190961437452
2024-09-10,21,0.0328761987949724,0.0431020411968834
2024-09-10,22,0.0318279111087909,0.0426641343445278
2024-09-10,23,0.0185767580300151,0.0303667689016693
2024-09-10,24,0.00776848627650484,0.0193990768181882
2024-09-10,25,-0.018694573098923,-0.00622513800233548
2024-09-10,26,0.0113335748929568,0.0235530188892019
2024-09-10,27,0.0149284663260376,0.0252609079414672
2024-09-10,28,0.0172665628701782,0.0279168400232326
2024-09-10,29,0.00828061613538011,0.0178803509472418
2024-09-10,30,0.00157129708447012,0.0110280838542174
2024-09-10,31,0.017040424816047,0.0262966455792606
2024-09-10,32,-0.00111821665825218,0.00707752016141683
2024-09-10,33,-0.00646191341518776,0.00190213011212581
2024-09-10,34,-0.0144948437005263,-0.00926828907008126
2024-09-10,35,-0.0293109682678763,-0.0221859169662029
2024-09-10,36,-0.0141891925973523,-0.00759028066328327
2024-09-10,37,-0.00603667472932568,-0.00086903697355023
2024-09-10,38,-0.0110728874850139,-0.00634712118436109
2024-09-10,39,-0.00721194237304523,-0.0029944579393435
2024-09-10,40,-0.0136355287511787,-0.0109185357436505
2024-09-10,41,-0.0400332832383983,-0.0384806726472133
2024-09-10,42,-0.00929942233990921,-0.00711792119634147
2024-09-10,43,-0.0204807020041198,-0.0186501787078486
2024-09-10,44,-0.0152131552449299,-0.0141051990253853
2024-09-10,45,-0.00722916049253364,-0.00421993983163826
2024-09-10,46,-0.0328789139756633,-0.0297819963379924
2024-09-10,47,-0.0403610005682999,-0.0363491421866193
2024-09-10,48,0.0126663702360066,0.0144158099816618
2024-09-10,49,0.0203889506646258,0.0181687259825756
2024-09-10,50,-0.0237737201126391,-0.0282329501550214
2024-09-10,51,-0.0142791903202655,-0.0178990598717501
2024-09-10,52,0.0141986898310051,0.0122614115810391
2024-09-10,53,-0.00101756040715006,-0.0044294560361795
2024-09-10,54,0.0092674758067437,0.00704153675915364
2024-09-10,55,0.00580874296396061,0.00292725058767296
2024-09-10,56,-0.00325568802754361,-0.00636820873044375
2024-09-10,57,0.0390905030958386,0.0357852876751865
2024-09-10,58,0.000857486685213793,-0.00356615842581576
2024-09-10,59,-0.00750299678241717,-0.0100314592572373
2024-09-10,60,-0.0300347519982287,-0.0287969821283234
2024-09-10,61,0.0262404876762243,0.0252457759170737
2024-09-10,62,-0.0817618799346223,-0.0797717226441002
2024-09-10,63,-0.052875528690369,-0.0500775514638958
2024-09-10,64,0.0563019476461974,0.0526381316330475
2024-09-10,65,0.009647160013591,0.00359568760301432
2024-09-10,66,0.00213826923908655,-0.00214473562304995
2024-09-10,67,-0.0585620783219696,-0.0618550169161702
2024-09-10,68,-0.0212688953739937,-0.0241330671184556
2024-09-10,69,-0.0201792009896202,-0.0252199788333174
2024-09-10,70,-0.00916231283305269,-0.0160133172315229
2024-09-10,71,-0.0100446052333583,-0.0141027644723133
2024-09-10,72,-0.03968415939074,-0.0466680698936068
2024-09-10,73,-0.0335851945381798,-0.0392493861435206
2024-09-10,74,-0.0150218986806188,-0.0205131119878921
2024-09-10,75,-0.0174582816547799,-0.0239734354004835
2024-09-10,76,-0.00257008451604257,-0.00774126788545892
2024-09-10,77,-0.0368817626569431,-0.0445898563554419
2024-09-10,78,-0.00810958070220469,-0.0144809199080429
2024-09-10,79,-0.0110833656427696,-0.0169511720720079
2024-09-10,80,0.00576214548214171,-0.000356217443735041
2024-09-10,81,0.00418298157079278,-0.00410636501847961
2024-09-10,82,0.00193562648732026,-0.00585749630886134
2024-09-10,83,-0.0120007898219834,-0.0217261441329102
2024-09-10,84,-0.0139546969532933,-0.0230786959820692
2024-09-10,85,-0.00660523362311061,-0.0154808135102806
2024-09-10,86,-0.00183525629155445,-0.00926835083963695
2024-09-10,87,-0.0198266214122365,-0.0194221409058741
2024-09-10,88,-0.0242046187579792,-0.0223756132273469
2024-09-10,89,-0.0270219867987631,-0.0258084283751217
2024-09-10,90,-0.0314110014064632,-0.0310130489859399
2024-09-10,91,-0.018230888840864,-0.0167828489262898
2024-09-10,92,-0.0308513584106982,-0.0297800098525127
2024-09-10,93,-0.0187303005853234,-0.0177268263974755
2024-09-10,94,-0.0231732834988758,-0.0207815451251396
2024-09-10,95,-0.0217264079587243,-0.019738305245955
2024-09-10,96,-0.0333132916564751,-0.0324521468445251
2024-09-10,97,-0.0277532242790262,-0.0265605099438
2024-09-10,98,-0.0191491703882911,-0.019035918448739
2024-09-10,99,-0.0301817638799644,-0.0294578412078983
2024-09-10,100,-0.0140082521056972,-0.0122253558301062
2024-09-10,101,-0.0225726078065152,-0.0208852679746498
2024-09-10,102,-0.0237066427782442,-0.0227385088584322
2024-09-10,103,-0.0127748809835317,-0.0111570076753558
2024-09-10,104,-0.0245058743707203,-0.0236579687015457
2024-09-10,105,-0.00703553925732958,-0.00554951250173819
2024-09-10,106,-0.0187349228767042,-0.0179846644207204
2024-09-10,107,-0.02246353245134,-0.021025593906975
2024-09-10,108,-0.00353155868949617,-0.00149869711213046
2024-09-10,109,-0.0100384258985606,-0.00908234517818762
2024-09-10,110,-0.00839709604520955,-0.00782771250971059
2024-09-10,111,-0.0167541396353847,-0.0162519289173595
2024-09-10,112,-0.00500942897404677,-0.00383093736549345
2024-09-10,113,-0.00711485673410905,-0.00635435330578638
2024-09-10,114,-0.00247756627404261,-0.00141502636602375
2024-09-10,115,-0.0163316564424472,-0.0160202074009232
2024-09-10,116,-0.00856507096009906,-0.00833421533893297
2024-09-10,117,0.00171737353892176,0.00226857746618148
2024-09-10,118,0.00604514281187107,0.00655863790514832
2024-09-10,119,-0.0117613858104013,-0.0127241817563277
2024-09-10,120,-0.011295947495686,-0.011223779569896
2024-09-10,121,0.0161029859639541,0.0175756315201649
2024-09-10,122,-0.0276127541980529,-0.0298134126379663
2024-09-10,123,0.0131720282004721,0.0137984865224823
2024-09-10,124,0.0019274527140043,-0.00073697630807601
2024-09-10,125,-0.0241129107239217,-0.0256982376561856
2024-09-10,126,0.00619742646551735,0.00640543113573955
2024-09-10,127,-0.00238015545283687,-0.00293552664433072
2024-09-10,128,-0.0031874179996727,-0.00383380303935876
2024-09-10,129,0.0104634677484574,0.0090961376166554
2024-09-10,130,0.00208270998288373,0.00137497325139524
2024-09-10,131,-0.0154413105702025,-0.017349065429979
2024-09-10,132,0.0101832810399696,0.0101664905513692
2024-09-10,133,-0.000731380814620763,-0.00311410877384954
2024-09-10,134,-0.00252128251737105,-0.00415464269569199
2024-09-10,135,-9.8526086103945e-05,-0.00141421757886384
2024-09-10,136,-0.0029368147503881,-0.00543739644415098
2024-09-10,137,-0.000983933911221868,-0.00310593903719436
2024-09-10,138,-0.00100323479865949,-0.00279258715471187
2024-09-10,139,0.0039683018383414,0.00213084122009111
2024-09-10,140,0.00472271860303497,0.00206465262403288
2024-09-10,141,-0.00882098550304544,-0.0114170228691508
2024-09-10,142,8.9296297442587e-05,-0.00299085993905113
2024-09-10,143,0.00955426396568271,0.00687778589006705
2024-09-10,144,0.00080619155991446,-0.00183999019153447
2024-09-11,2,0.0250505175351412,0.0222239197442127
2024-09-11,3,0.0281777609506086,0.0259854336764906
2024-09-11,4,0.0157139309008043,0.0123633466646158
2024-09-11,5,0.0165572045937141,0.0132284144316408
2024-09-11,6,0.0156132661006163,0.0122248168181747
2024-09-11,7,0.0150981746775951,0.0130838198277985
2024-09-11,8,0.0358026512395035,0.0327629379586503
2024-09-11,9,0.0274833057671211,0.023962804374781
2024-09-11,10,0.0130241750738245,0.0104514806998681
2024-09-11,11,0.0328022580952316,0.0344292253463356
2024-09-11,12,0.016350340420721,0.0201373600772428
2024-09-11,13,0.0349906850836019,0.0402957670253556
2024-09-11,14,0.0316533610082059,0.0369804160333951
2024-09-11,15,0.0346984718112031,0.0399134734897135
2024-09-11,16,0.0148108321425102,0.0202042227852166
2024-09-11,17,0.0384929693760858,0.0456282519838274
2024-09-11,18,0.0174274335599218,0.0237377583520288
2024-09-11,19,0.0221857490364066,0.029450146134284
2024-09-11,20,0.00157121024778117,0.00902190208324694
2024-09-11,21,0.000928928723682887,0.00977241774107984
2024-09-11,22,-0.0171665637977876,-0.00944451209376407
2024-09-11,23,-0.0182513960373951,-0.00947035673374419
2024-09-11,24,-0.018795468097176,-0.00906255974586845
2024-09-11,25,0.00691215476023732,0.0157040968771831
2024-09-11,26,0.0385288080092243,0.0487402401978807
2024-09-11,27,-0.000353595191762146,0.00885745384312742
2024-09-11,28,0.0384635724679567,0.0483517661002146
2024-09-11,29,0.037393035278166,0.0472573318434444
2024-09-11,30,0.00529484430192628,0.015948166568454
2024-09-11,31,0.0869768854125468,0.0959840470157172
2024-09-11,32,0.0577404583015078,0.063714384600976
2024-09-11,33,0.0331709451934747,0.0373163588423182
2024-09-11,34,0.0687154946623032,0.0715158239848908
2024-09-11,35,0.0487124659102349,0.0510313345116646
2024-09-11,36,0.0554948246185329,0.0584239500212442
2024-09-11,37,0.0553697362739216,0.0564396730556265
2024-09-11,38,0.00650504263919771,0.00686727980754664
2024-09-11,39,0.0536382813686966,0.0580543302520207
2024-09-11,40,-0.0177811342529015,-0.0147431301992267
2024-09-11,41,-0.0113528131499807,-0.00374519191224376
2024-09-11,42,-0.0140674234427491,-0.0069880879015729
2024-09-11,43,0.0148196349253276,0.0228231445758249
2024-09-11,44,0.0637384724379331,0.0667005554595335
2024-09-11,45,0.032789443882252,0.0375014521059018
2024-09-11,46,-0.00269915512520935,-0.000211130168753293
2024-09-11,47,0.0158825521735366,0.0220192935687118
2024-09-11,48,-0.013258633463729,-0.00770304370591113
2024-09-11,49,-0.0178639577298041,-0.0107878471216276
2024-09-11,50,-0.0143469185822465,-0.00754581938677479
2024-09-11,51,0.0254575264994692,0.0311054063330687
2024-09-11,52,0.0135024699441457,0.0168647163743332
2024-09-11,53,0.00454775396531737,0.00886231188839837
2024-09-11,54,0.020335945872068,0.0217063020522001
2024-09-11,55,-0.0249828157349317,-0.0213946073663811
2024-09-11,56,-0.0482795233982785,-0.0447888979167548
2024-09-11,57,-0.0507465045878046,-0.047118843589268
2024-09-11,58,-0.0315508227334744,-0.0280065860006129
2024-09-11,59,0.0014745763973476,0.00435796075719619
2024-09-11,60,0.156769688191447,0.152718934766818
2024-09-11,61,0.128322820445594,0.119960806848106
2024-09-11,62,0.0456536489323272,0.0360410570320147
2024-09-11,63,0.03241441846738,0.0229268142339549
2024-09-11,64,-0.00594522835591249,-0.00945335037411699
2024-09-11,65,0.0824027446014508,0.0799176129568515
2024-09-11,66,0.0262517122931003,0.021856513056008
2024-09-11,67,0.0166869109554622,0.012360570490018
2024-09-11,68,-0.0159424365271672,-0.0212802930798341
2024-09-11,69,-0.117826177987125,-0.122407966983756
2024-09-11,70,-0.116125461850133,-0.116408807861161
2024-09-11,71,-0.133318515804887,-0.13286999660214
2024-09-11,72,-0.119332282765549,-0.118443390631412
2024-09-11,73,-0.110283663454188,-0.109343313967265
2024-09-11,74,-0.0852430076338679,-0.0843248984962921
2024-09-11,75,-0.0921774323177242,-0.0895923814578818
2024-09-11,76,-0.0750554683040976,-0.0732180589856188
2024-09-11,77,-0.0824924971649343,-0.0810496111620944
2024-09-11,78,-0.0683765311691777,-0.0673683030332661
2024-09-11,79,-0.0740938382236327,-0.0746790015237528
2024-09-11,80,-0.0626606952461852,-0.0635856632852354
2024-09-11,81,-0.0599808850791144,-0.0615689486674706
2024-09-11,82,-0.0365112380088743,-0.0384978373364797
2024-09-11,83,-0.0372857206835313,-0.0407480693932101
2024-09-11,84,-0.0221829032577081,-0.0259072238044111
2024-09-11,85,-0.0151372193066188,-0.0208144164743667
2024-09-11,86,-0.0195002301162415,-0.0238942488886011
2024-09-11,87,-0.00808728083128596,-0.00686961651396656
2024-09-11,88,-0.0230625418894839,-0.0227441487426856
2024-09-11,89,-0.019393134367665,-0.0178019767009729
2024-09-11,90,-0.0331844052229786,-0.0336680352442253
2024-09-11,91,-0.0105813883214139,-0.00906903923563185
2024-09-11,92,-0.0179859007813996,-0.016252720792608
2024-09-11,93,-0.0214435637290702,-0.0212021841755767
2024-09-11,94,-0.0165866506094767,-0.0154607499091668
2024-09-11,95,-0.00886875412509092,-0.00746594320962624
2024-09-11,96,-0.0230971552094736,-0.0233101126363335
2024-09-11,97,-0.0188556218380556,-0.0178261936893742
2024-09-11,98,-0.0157313323280404,-0.0144222863623216
2024-09-11,99,-0.00114669620465024,0.000431907996916614
2024-09-11,100,-0.0137903911396959,-0.0132606903905312
2024-09-11,101,-0.0172054547937144,-0.0170353671555956
2024-09-11,102,-0.010289887011492,-0.00924752557187869
2024-09-11,103,-0.0129592642002452,-0.0128653282854101
2024-09-11,104,0.00267243171959564,0.00362799352001542
2024-09-11,105,-0.00792845692061839,-0.00684083963217574
2024-09-11,106,-0.0120550678056217,-0.0109964456613021
2024-09-11,107,0.0039870785364009,0.00408405185529226
2024-09-11,108,-0.00487027104946147,-0.00401122954345556
2024-09-11,109,-0.00282860560214093,-0.00201747792080376
2024-09-11,110,0.00826673477061224,0.00932275611281419
2024-09-11,111,-0.00204995652857676,-0.00266055116344255
2024-09-11,112,-0.0206290005322911,-0.0206569601493811
2024-09-11,113,0.0059400946902235,0.00627405882136056
2024-09-11,114,-0.00263224858248989,-0.00367720041321551
2024-09-11,115,-0.0088050723839963,-0.00955960636207198
2024-09-11,116,-0.0152477561223963,-0.0160430476100926
2024-09-11,117,0.00656940559377972,0.00640988533318065
2024-09-11,118,-0.00357693568298156,-0.00441509303577714
2024-09-11,119,-0.00407503681412802,-0.00402313951013422
2024-09-11,120,0.00308494748043486,0.00243569621489126
2024-09-11,121,0.004544663938856,0.0048304125166112
2024-09-11,122,-0.00149656369056839,-0.0015820128265327
2024-09-11,123,-0.00920618095218462,-0.0099618982723424
2024-09-11,124,-0.0130792042466954,-0.0141816688957608
2024-09-11,125,0.0142358808099079,0.0144073864339642
2024-09-11,126,-0.00199902149229114,-0.00288319146306559
2024-09-11,127,-0.00623454170626658,-0.00784009986029854
2024-09-11,128,0.00460119727820363,0.00497159113758894
2024-09-11,129,-0.00285183043579451,-0.00385685181356177
2024-09-11,130,-0.00529429583619212,-0.00600583045456826
2024-09-11,131,0.0185514578425394,0.0181474500900292
2024-09-11,132,0.0130052541618086,0.0133992573068911
2024-09-11,133,0.00155666665132692,0.00024755604550375
2024-09-11,134,-0.00172493656724271,-0.00278708373437997
2024-09-11,135,0.0110909777340149,0.0103849621738945
2024-09-11,136,-0.0022740431147783,-0.00238266106189755
2024-09-11,137,0.0175520728876268,0.0167600338140144
2024-09-11,138,-0.00355961346644573,-0.00482891377543915
2024-09-11,139,0.00769545507739,0.00576371197092218
2024-09-11,140,0.00406349150735608,0.00206900975940716
2024-09-11,141,0.00855630654761175,0.00748279861358814
2024-09-11,142,0.0169461598431138,0.0157905195128345
2024-09-11,143,0.00402107624653425,0.00344815277652888
2024-09-11,144,0.00595950394915068,0.00404412093893924
2024-09-12,2,-0.00203488183945488,-0.00186310824715097
2024-09-12,3,-0.0343215498706968,-0.0352687331758608
2024-09-12,4,-0.0149393781511833,-0.0139306132966945
2024-09-12,5,-0.0227057140595797,-0.0234186986673812
2024-09-12,6,-0.0204425024084438,-0.0203881646553592
2024-09-12,7,-0.0127290902283885,-0.0135470575728309
2024-09-12,8,-0.0179930136338422,-0.0182886793593742
2024-09-12,9,-0.0284516729736177,-0.0300848963417977
2024-09-12,10,0.00643084569522578,0.0068232375414059
2024-09-12,11,-0.0409071641513687,-0.0390282779288142
2024-09-12,12,-6.90152894478047e-05,0.00747777902521118
2024-09-12,13,-0.0135256973040638,-0.00718190165503874
2024-09-12,14,3.66405782674661e-05,0.00752039309122043
2024-09-12,15,-0.004870213329637,0.000883950318852911
2024-09-12,16,-0.0080716709122699,-0.00220863021360707
2024-09-12,17,0.0348982763142001,0.0419752504070345
2024-09-12,18,0.00452312419519707,0.00989101350053723
2024-09-12,19,0.00586728101384182,0.0112429555397524
2024-09-12,20,0.030257463568427,0.036742557439581
2024-09-12,21,0.0361616369059181,0.040675250112665
2024-09-12,22,0.035363239324111,0.0407000568400671
2024-09-12,23,0.0520294054452792,0.0586801409205817
2024-09-12,24,0.0103097377371846,0.0144157446402344
2024-09-12,25,0.0393765037167206,0.0467598979656518
2024-09-12,26,0.00352855402783359,0.00914130554521186
2024-09-12,27,-0.0343772819898627,-0.0295465447541368
2024-09-12,28,0.00247525080460509,0.00660091181282674
2024-09-12,29,0.0060454708757316,0.0095096728321904
2024-09-12,30,-0.0363071015603227,-0.0301196470684255
2024-09-12,31,-0.0363304065548196,-0.0316735403850172
2024-09-12,32,-0.00896994202451573,-0.00403421283367411
2024-09-12,33,-0.0821255286609537,-0.0792316985742865
2024-09-12,34,-0.0238128680501291,-0.0199564683936515
2024-09-12,35,0.00632470071000046,0.00715888885325278
2024-09-12,36,0.0205361580105681,0.0226197206818366
2024-09-12,37,-0.0382556282416262,-0.0373015162373393
2024-09-12,38,-0.0565367394808698,-0.0541291204025036
2024-09-12,39,0.00728098111682662,0.00949245319414693
2024-09-12,40,0.0166098492855911,0.016049643015382
2024-09-12,41,0.0471203965787899,0.0448100397028739
2024-09-12,42,0.000150150371839075,0.000846261700127471
2024-09-12,43,-0.00485211134536279,-0.00192407782335291
2024-09-12,44,0.00458273619664418,0.00323481314652785
2024-09-12,45,0.00327087233814183,0.00224273873460579
2024-09-12,46,-0.0152211531273458,-0.0159390809806608
2024-09-12,47,0.0125556462743255,0.010861215389661
2024-09-12,48,0.0374122881594836,0.0343282958615267
2024-09-12,49,0.0529679380504051,0.0467374586820135
2024-09-12,50,-0.0327340508875134,-0.0345939282980732
2024-09-12,51,-0.019392667254186,-0.0212577452852569
2024-09-12,52,-0.0155365484252963,-0.0170102594592567
2024-09-12,53,-0.00609324588201954,-0.00816517170751396
2024-09-12,54,0.0190207149750314,0.0180555416311305
2024-09-12,55,-0.0756496946841603,-0.0796158530362012
2024-09-12,56,-0.0445470332718889,-0.0487895473551747
2024-09-12,57,-0.0785613083399799,-0.0805213712392359
2024-09-12,58,-0.112823730801877,-0.114976297865604
2024-09-12,59,-0.0818347337101164,-0.0837641987231708
2024-09-12,60,0.0295598138994402,0.0231630296912604
2024-09-12,61,-0.00570155839062103,-0.011941708783791
2024-09-12,62,-0.0590378840725583,-0.0632992382077475
2024-09-12,63,-0.0361762478677949,-0.0405480893401879
2024-09-12,64,-0.0515749381394333,-0.0562477351576298
2024-09-12,65,0.0486399881670723,0.0425990794524465
2024-09-12,66,0.0030253309069348,-0.00261780172034776
2024-09-12,67,-0.00494768078644636,-0.00963235193759093
2024-09-12,68,0.0152212559885445,0.0114171341858489
2024-09-12,69,0.0320272894920661,0.0269124119932895
2024-09-12,70,0.0481279578003493,0.0450037389887541
2024-09-12,71,0.0545417929645211,0.0503555045007582
2024-09-12,72,0.0950648089286599,0.0902164188264329
2024-09-12,73,0.047544723605407,0.0449581607569138
2024-09-12,74,0.0018847649373912,0.00056172337390592
2024-09-12,75,0.0137306492222464,0.00990862444574248
2024-09-12,76,0.0482568930599561,0.0468182603398377
2024-09-12,77,0.0268096910179167,0.0220709040493787
2024-09-12,78,0.000619365575992958,-0.00161820213111419
2024-09-12,79,-0.000404278273700598,-0.00542455024189525
2024-09-12,80,-0.00148436279537201,-0.00690565608965166
2024-09-12,81,-0.0103891119662887,-0.0156246573335013
2024-09-12,82,0.0155818506611363,0.0120436603017193
2024-09-12,83,-0.0134218760861868,-0.0189080458122222
2024-09-12,84,-0.00819511568412512,-0.013987153145175
2024-09-12,85,-0.0153003445243076,-0.0218336846910603
2024-09-12,86,0.00538882729039081,0.00466641056476469
2024-09-12,87,-0.024105366964327,-0.0212887153763379
2024-09-12,88,0.00350922190699254,0.00671031317421988
2024-09-12,89,-0.0203683979681193,-0.0191682195416698
2024-09-12,90,0.00878225620082151,0.0117545008934137
2024-09-12,91,-0.0125095141080278,-0.0109360484853873
2024-09-12,92,0.0106369537777136,0.0126976909201746
2024-09-12,93,-0.00779964631526298,-0.00613971424860882
2024-09-12,94,-0.0148707564817103,-0.0151026518102482
2024-09-12,95,0.001532264337893,0.00231282683212708
2024-09-12,96,-0.00483258885440474,-0.0039942293086872
2024-09-12,97,-0.00838842117367911,-0.00895984604531552
2024-09-12,98,-0.00863906409305581,-0.0084329352551471
2024-09-12,99,0.00331703077843493,0.00342638053873934
2024-09-12,100,-0.0115776332202442,-0.0117857835909412
2024-09-12,101,0.0025234336147637,0.00257582537892631
2024-09-12,102,-0.00899311738308839,-0.00887223689569971
2024-09-12,103,0.00514294995617881,0.00472302676962411
2024-09-12,104,-0.00496490522638737,-0.00483099748652638
2024-09-12,105,-0.00265559521339753,-0.00257107140535329
2024-09-12,106,0.000329053900054888,0.000326027066699375
2024-09-12,107,-0.00110233804814008,-0.00105927696951813
2024-09-12,108,0.00083077884956051,-0.000943471508058735
2024-09-12,109,0.00154957479054829,0.00209379339659321
2024-09-12,110,0.00848610494336555,0.00897764131767875
2024-09-12,111,-0.000294941948246752,-0.000571458817549164
2024-09-12,112,-0.00347697929178992,-0.00466366199560042
2024-09-12,113,0.0023365499244985,0.0032909916303927
2024-09-12,114,0.00795177896035959,0.00665065408963628
2024-09-12,115,-0.00703348847752405,-0.00770470649713584
2024-09-12,116,0.0147762229214914,0.0156312903660139
2024-09-12,117,-0.00916959649733773,-0.0102971904976767
2024-09-12,118,0.00572222551942048,0.00481418618266982
2024-09-12,119,0.00369278815334528,0.00331415888557895
2024-09-12,120,0.000164308951118741,-0.0023526753462253
2024-09-12,121,0.00780626642100923,0.00798225171026079
2024-09-12,122,0.0103021981991605,0.0104785188431435
2024-09-12,123,0.0111303999573593,0.010428008531318
2024-09-12,124,-0.00931125037983804,-0.00987959567124541
2024-09-12,125,0.00870451882915457,0.0078880679823774
2024-09-12,126,0.00118039969181094,0.00133802026418905
2024-09-12,127,0.00722651239128513,0.00501059733032694
2024-09-12,128,0.00561815973212276,0.00621999788480387
2024-09-12,129,0.00305306502126967,0.00132744763060799
2024-09-12,130,0.0117473015528011,0.0109515526425961
2024-09-12,131,0.00182959125031346,0.00159347470684867
2024-09-12,132,0.000572028525829715,-0.000715245569817391
2024-09-12,133,0.0122403215012303,0.011774263435596
2024-09-12,134,0.00137632598353221,0.000171075517062746
2024-09-12,135,0.0235702020531976,0.023593588490403
2024-09-12,136,0.00603022070372106,0.00487242749847017
2024-09-12,137,0.000970403493675498,-0.000207491048736408
2024-09-12,138,0.00641577203112309,0.00561956932130414
2024-09-12,139,0.0159570863833132,0.0164701229851163
2024-09-12,140,0.0105023631614189,0.00925715517888381
2024-09-12,141,-0.00307896222395776,-0.00479180237809196
2024-09-12,142,0.0207660409487094,0.0194517927619238
2024-09-12,143,0.00349452228481084,0.00277648691833843
2024-09-12,144,0.0106293142417835,0.00932964190535923
2024-09-13,2,0.00756767219987875,0.0047120965168661
2024-09-13,3,0.00265619214438573,-0.000384017230611988
2024-09-13,4,0.00365524289765506,0.00205405845826068
2024-09-13,5,-0.00832459588783419,-0.0127675927690589
2024-09-13,6,-0.00644297739684774,-0.00991807960133961
2024-09-13,7,-0.00344297739684762,-0.00743973183892876
2024-09-13,8,-0.000196848683919448,-0.00176759276905791
2024-09-13,9,-0.00794759666834022,-0.0115507135258497
2024-09-13,10,0.0108684525407972,0.00773978046029988
2024-09-13,11,-0.00512313764686123,-0.00395105137406215
2024-09-13,12,-0.00844137005918455,-0.00232467543608461
2024-09-13,13,-0.0180126290352458,-0.0127063262192122
2024-09-13,14,0.0190730887074491,0.0250951488415794
2024-09-13,15,-0.00709412750907479,-0.00159394513236766
2024-09-13,16,0.0289029058962331,0.0363644382245596
2024-09-13,17,0.0147400617978235,0.0198364475436543
2024-09-13,18,0.0271111085685147,0.0350311245006267
2024-09-13,19,0.00520121278669361,0.0116127553740375
2024-09-13,20,0.00241248805693761,0.0105361855516675
2024-09-13,21,0.00825813954936017,0.0159401563606965
2024-09-13,22,-0.00855109358548756,-0.00117836748130973
2024-09-13,23,0.0238354359719599,0.0305445465496712
2024-09-13,24,-0.00674838307581194,9.50752106936292e-05
2024-09-13,25,-0.00772714741340153,-0.00188213398033188
2024-09-13,26,0.0146129328315396,0.0194675708476177
2024-09-13,27,-0.00473629915664286,0.00320894792635507
2024-09-13,28,0.00365082529336025,0.00845745286538335
2024-09-13,29,0.000808459997063693,0.00390842742346731
2024-09-13,30,0.0393388925261711,0.0410433450231125
2024-09-13,31,0.0057206795898912,0.00581876917374924
2024-09-13,32,-0.00485473855160556,-0.00438361496228712
2024-09-13,33,-0.0177051820916487,-0.0160879779003391
2024-09-13,34,-0.0225306524797269,-0.017996487373642
2024-09-13,35,-0.0224307284876373,-0.0199554866382154
2024-09-13,36,-0.022275024147981,-0.0191691276178778
2024-09-13,37,0.0148435926116903,0.0175590602710614
2024-09-13,38,0.00863441156408129,0.00895289957609346
2024-09-13,39,-0.0222318494903142,-0.0221542022421879
2024-09-13,40,-0.0272714323207444,-0.0275360052804468
2024-09-13,41,-0.0138700281129189,-0.0146641137111638
2024-09-13,42,-0.0222414135195059,-0.0227446428085303
2024-09-13,43,-0.0244586947418401,-0.0273983785763239
2024-09-13,44,0.00692121615550167,0.000498426502586469
2024-09-13,45,0.0776841546060227,0.0687994442118525
2024-09-13,46,-0.0966676091650482,-0.101459998892932
2024-09-13,47,-0.0565249331224829,-0.0590674440758452
2024-09-13,48,-0.0189379525571773,-0.0195012282593083
2024-09-13,49,-0.0102716433437751,-0.00985381165090438
2024-09-13,50,-0.025014088891175,-0.0275490647954673
2024-09-13,51,0.0182572745164817,0.0182415285493933
2024-09-13,52,-0.0377836743158424,-0.0346992373587298
2024-09-13,53,-0.0221548806552443,-0.0202107776172475
2024-09-13,54,-0.00156312552799154,-0.0018329253157523
2024-09-13,55,-0.0317509970474292,-0.0287199091800741
2024-09-13,56,0.075427107151306,0.073102113287435
2024-09-13,57,0.0110540111039743,0.00725631550557093
2024-09-13,58,0.0116432932980057,0.00961313228250393
2024-09-13,59,-0.0366440573700579,-0.0374989829581347
2024-09-13,60,0.0077685850493987,0.00627974356068783
2024-09-13,61,0.0289153820714381,0.0311354473993406
2024-09-13,62,0.0112170444793698,0.0117874227541606
2024-09-13,63,0.0330978168453351,0.0302143883791839
2024-09-13,64,-0.0129109985136928,-0.0181392371485147
2024-09-13,65,-0.0115151311236588,-0.0164394814072928
2024-09-13,66,0.00924748761862393,0.00283868812195998
2024-09-13,67,-0.00691991015307458,-0.0159208198986711
2024-09-13,68,0.016741937434662,0.0132158194396519
2024-09-13,69,-0.00302753571295256,-0.00928469807364785
2024-09-13,70,0.0587464938429525,0.0525099558387394
2024-09-13,71,0.0359436292390907,0.0335383450524871
2024-09-13,72,0.00144356392200162,-0.000685486567517657
2024-09-13,73,0.00918754556680668,0.00820171751515986
2024-09-13,74,-0.0123240511341676,-0.0124479854767854
2024-09-13,75,-0.0120882845940988,-0.00969818079296392
2024-09-13,76,-0.0214865099254311,-0.0210709242221494
2024-09-13,77,-0.00789080490957694,-0.00756555994440333
2024-09-13,78,-0.0128587364966872,-0.0157316479730198
2024-09-13,79,0.0128889469381415,0.00905026767712513
2024-09-13,80,0.00402457352521246,-0.00149172661284247
2024-09-13,81,0.00455381823424528,-0.000292733352652341
2024-09-13,82,0.0106845042694337,0.00662656466508427
2024-09-13,83,0.0152440704477446,0.0118879823263223
2024-09-13,84,0.00724423840459565,0.00107569107353278
2024-09-13,85,0.0099342082033278,0.00584442642188154
2024-09-13,86,-0.00773940422730757,-0.00798132654544759
2024-09-13,87,0.00745674152312592,0.0134971707165388
2024-09-13,88,-0.0156541955394998,-0.0119688712123924
2024-09-13,89,-0.0128051017948838,-0.00804311663698076
2024-09-13,90,-0.0121603594883064,-0.00842145574336417
2024-09-13,91,-0.0215232568453549,-0.0173606339402594
2024-09-13,92,-0.0106906626796945,-0.00804763028205713
2024-09-13,93,-0.0137432215403059,-0.0104478971022726
2024-09-13,94,-0.00380615468379997,-0.000819878990751199
2024-09-13,95,-0.0250922076614888,-0.0239461301743775
2024-09-13,96,-0.011759709366137,-0.0108924244996738
2024-09-13,97,-0.0069446277887204,-0.00565261770808156
2024-09-13,98,-0.0220783067078196,-0.0217316232061879
2024-09-13,99,-0.0186525954138368,-0.0179818760365977
2024-09-13,100,-0.00670110414454417,-0.00529637630886537
2024-09-13,101,-0.013230732792203,-0.0131387220645518
2024-09-13,102,-0.00219939027676652,-0.000805652949988023
2024-09-13,103,-0.0165015059220597,-0.0160335550219743
2024-09-13,104,-0.00417626424804673,-0.00338569323438698
2024-09-13,105,-0.00460229773187049,-0.00287986493538561
2024-09-13,106,0.00227853534246947,0.0043500593503456
2024-09-13,107,0.00357876074243713,0.00476921430754107
2024-09-13,108,-0.00483897229724661,-0.00309497389349733
2024-09-13,109,-0.00950840078596471,-0.00794435025830076
2024-09-13,110,0.00633520295151246,0.00724419797535081
2024-09-13,111,-0.00611166079687031,-0.00500332284776572
2024-09-13,112,0.00612729980784987,0.00700458024147377
2024-09-13,113,0.0117590922859119,0.0132000513011281
2024-09-13,114,-0.00793395987639656,-0.00722561168733904
2024-09-13,115,0.0170531635987334,0.0197701783208846
2024-09-13,116,-0.0109782235459051,-0.0118490258624986
2024-09-13,117,0.0163108245698478,0.0184772905327737
2024-09-13,118,-0.00831284868011739,-0.00922264003705031
2024-09-13,119,0.00573047522312464,0.00549616258013241
2024-09-13,120,0.0152837856364405,0.0169973588732244
2024-09-13,121,-0.00734826853122605,-0.00929754397731042
2024-09-13,122,0.00169605101455428,0.00194931033116408
2024-09-13,123,0.00118094866790486,0.000435584525765087
2024-09-13,124,0.0139423263469229,0.0126659276660943
2024-09-13,125,-0.00817870583744806,-0.00878462603429142
2024-09-13,126,0.00120589377096536,-0.000569195357072338
2024-09-13,127,0.00357533354399386,0.0041666083525298
2024-09-13,128,-0.00179538563984138,-0.00377791475121647
2024-09-13,129,0.0113505112661176,0.0113001127679455
2024-09-13,130,0.0106620295924067,0.00962515975939038
2024-09-13,131,0.00374741669500267,0.00236244933790886
2024-09-13,132,0.00447564188048055,0.00348670359562053
2024-09-13,133,-0.00566992753756512,-0.0086620863148843
2024-09-13,134,0.00619660424495372,0.00555795864808495
2024-09-13,135,0.00364221271087484,0.000461146592853012
2024-09-13,136,0.00857165326273712,0.00698850494931946
2024-09-13,137,-0.00754569912831737,-0.0110342019141791
2024-09-13,138,0.0139623501694768,0.012765537743781
2024-09-13,139,-0.00637694058686211,-0.0094597133370149
2024-09-13,140,0.00432904058932948,0.00207342013134149
2024-09-13,141,0.00214379701072964,-0.000571766583207456
2024-09-13,142,0.0184107998303507,0.0165961822734797
2024-09-13,143,0.00307359362329507,0.000553831951958017
2024-09-13,144,0.00641151884133073,0.00425500374972199
2024-09-14,2,0.0332435472668537,0.0312837228352274
2024-09-14,3,0.00987985788172807,0.00610620331246192
2024-09-14,4,0.0110194027032939,0.00903202363157352
2024-09-14,5,0.0333880067280585,0.030738617401318
2024-09-14,6,0.00245832063078666,-0.00196043127167389
2024-09-14,7,0.0273944611653816,0.0247754758338141
2024-09-14,8,0.0195934046288206,0.0165083440346736
2024-09-14,9,0.0198063574844767,0.0166798721960584
2024-09-14,10,0.0320267325085233,0.0298578328142431
2024-09-14,11,0.00767461482029663,0.00470885677286326
2024-09-14,12,0.0123838517234871,0.0200782787184766
2024-09-14,13,0.0411300630572988,0.0501481783316864
2024-09-14,14,0.0256000592452388,0.0329700288385055
2024-09-14,15,0.0192934266916867,0.0260655439982962
2024-09-14,16,0.0205037137083535,0.0285712374220761
2024-09-14,17,0.0314323906938174,0.040357411922038
2024-09-14,18,0.0281747506815853,0.0357332904106658
2024-09-14,19,0.019822619464116,0.0274673605482851
2024-09-14,20,0.0379780122047757,0.046075438361532
2024-09-14,21,0.0283983305019184,0.0358147907254915
2024-09-14,22,0.0138335448060687,0.0204353655744738
2024-09-14,23,0.00702359252998086,0.0152328358527134
2024-09-14,24,0.0341745221260625,0.0458236697861132
2024-09-14,25,-0.00510749086650009,0.000782431704888786
2024-09-14,26,0.0169687585827907,0.0242364604464296
2024-09-14,27,0.0155583251827487,0.0197213294410368
2024-09-14,28,-0.0163130112848027,-0.0131004130217178
2024-09-14,29,0.00682087548935151,0.0120984757818299
2024-09-14,30,0.00521846893717015,0.0108597772175107
2024-09-14,31,-0.0334422671911208,-0.029956123674066
2024-09-14,32,-0.0262575116322541,-0.0230283756472494
2024-09-14,33,-0.00134032582338861,0.00146604132190298
2024-09-14,34,-0.013925121076614,-0.0139383467361194
2024-09-14,35,-0.0314205947355344,-0.0299484539510759
2024-09-14,36,-0.0104856238282585,-0.00647535396107557
2024-09-14,37,-0.00874336951993193,-0.00622057185346314
2024-09-14,38,-0.0108538683277191,-0.0113981856175611
2024-09-14,39,-0.0161537740973925,-0.0137774137945037
2024-09-14,40,-0.0155007085685863,-0.0165078304470532
2024-09-14,41,-0.00970262584775483,-0.00633785450807434
2024-09-14,42,-0.0768549892262929,-0.0731630370840124
2024-09-14,43,0.03336461897144,0.0361399384791481
2024-09-14,44,-0.0139344851887815,-0.0131512060252739
2024-09-14,45,0.043717068416445,0.0432046157364487
2024-09-14,46,-0.0611108129666897,-0.0664058975301272
2024-09-14,47,0.000358768912319007,-0.00263550105892207
2024-09-14,48,0.0197777830084567,0.0177391896973873
2024-09-14,49,0.0250330582961267,0.0245398860155479
2024-09-14,50,-0.0721163219015981,-0.074434366640733
2024-09-14,51,-0.026760808907679,-0.0267649403749273
2024-09-14,52,0.0239111884958234,0.0195934809418947
2024-09-14,53,0.0116131810872568,0.00733110526589797
2024-09-14,54,-0.0218859991504772,-0.0253571059061493
2024-09-14,55,0.0147369919292544,0.0105296485428008
2024-09-14,56,0.0160395167958018,0.0105017621372303
2024-09-14,57,0.0118025031458098,0.00857556102914803
2024-09-14,58,-0.00465893210429957,-0.00784237658170728
2024-09-14,59,0.0818303653423857,0.0788191850418807
2024-09-14,60,-0.0101772080176996,-0.0140249505355587
2024-09-14,61,-0.036339485301502,-0.0358346650412935
2024-09-14,62,0.00280087402958618,0.00210385126412582
2024-09-14,63,0.0438923010416659,0.0392118334109268
2024-09-14,64,-0.000562936665106761,-0.0023965682306164
2024-09-14,65,-0.0403897258539692,-0.0416569199724552
2024-09-14,66,-0.0575715278687801,-0.0580113333788699
2024-09-14,67,-0.0505947056797913,-0.0546256864667996
2024-09-14,68,-0.00181531613740038,-0.00811250536357999
2024-09-14,69,-0.00880201397111602,-0.0114333183322159
2024-09-14,70,-0.0379588838423537,-0.0403039332787403
2024-09-14,71,-0.0123034751840603,-0.013399188700788
2024-09-14,72,0.0121077488991785,0.00867272738636604
2024-09-14,73,0.0400088496151385,0.0368073011136376
2024-09-14,74,-0.0449566372814747,-0.0496970402799626
2024-09-14,75,0.0109518203678709,0.00680956611716166
2024-09-14,76,0.0063344035475632,0.00158701572906939
2024-09-14,77,0.0243018943249984,0.0212956284063228
2024-09-14,78,-0.0175893243097631,-0.0207283980637651
2024-09-14,79,-0.00128453292288722,-0.0048085514065157
2024-09-14,80,0.0104763810090951,0.00674910470880619
2024-09-14,81,0.0120765176342505,0.00637946627708086
2024-09-14,82,0.000895425183517595,-0.00466432792006533
2024-09-14,83,-0.0157493617376439,-0.0226763149106102
2024-09-14,84,-0.00878144187084029,-0.0150593583008032
2024-09-14,85,-0.00284529175943948,-0.00975228506839354
2024-09-14,86,-0.024095162685227,-0.0233372592674055
2024-09-14,87,-0.0174097659593002,-0.0154616837052872
2024-09-14,88,-0.0181557177868914,-0.0175493989284323
2024-09-14,89,-0.0456679059146774,-0.0459027026628851
2024-09-14,90,-0.0190082515358423,-0.0194059630740728
2024-09-14,91,-0.049104072386104,-0.0496445431223611
2024-09-14,92,-0.0305843093214744,-0.0320508782033437
2024-09-14,93,-0.026101118307003,-0.0261551687312771
2024-09-14,94,-0.0414908954489217,-0.0428791312415013
2024-09-14,95,-0.0224725588720016,-0.0221953018011307
2024-09-14,96,-0.0336626136162446,-0.0342272923584988
2024-09-14,97,-0.0203102543111147,-0.0194579264150425
2024-09-14,98,-0.0177260274391839,-0.018106511724377
2024-09-14,99,-0.0135034990070153,-0.0122226128809082
2024-09-14,100,-0.0213827437524516,-0.0200674879510956
2024-09-14,101,-0.0159889769032997,-0.0152674295015585
2024-09-14,102,-0.0166255538426974,-0.0155084232961515
2024-09-14,103,-0.015137120053101,-0.0144862023824253
2024-09-14,104,-0.00923318958477548,-0.00778701241289692
2024-09-14,105,0.000199597722563283,0.00252301949414591
2024-09-14,106,-0.024698370525261,-0.0239273650419483
2024-09-14,107,-0.00297493469150911,-0.000861502886307264
2024-09-14,108,-0.0137844884876168,-0.0140882798160167
2024-09-14,109,0.0046113596531292,0.00557446033429887
2024-09-14,110,-0.012634482986277,-0.0114768798086775
2024-09-14,111,-0.0124835898342317,-0.0126974416464867
2024-09-14,112,0.00300366707593724,0.0043869732425641
2024-09-14,113,-0.00870625733307229,-0.00722152013999366
2024-09-14,114,-0.00532922692641069,-0.00529385958610273
2024-09-14,115,-0.0027495595054452,-0.00225152128589468
2024-09-14,116,0.00126510768763843,0.00174086595718936
2024-09-14,117,-0.00612370489169223,-0.00558133349523704
2024-09-14,118,-0.00424688916259353,-0.0051426008219142
2024-09-14,119,-0.0190210277240928,-0.0190115249415621
2024-09-14,120,-0.00973837794390331,-0.0104467702162205
2024-09-14,121,0.013330992768565,0.013422888129984
2024-09-14,122,0.0087054770795918,0.00900767402600255
2024-09-14,123,-0.0168364676752812,-0.0185819781292027
2024-09-14,124,0.0104485763172795,0.0110462887394576
2024-09-14,125,-0.0131115903256651,-0.0145686027299856
2024-09-14,126,0.00674513173934344,0.00551671777795626
2024-09-14,127,-0.00150460532769081,-0.00167500298255074
2024-09-14,128,6.91719169196858e-05,-0.000247306032670203
2024-09-14,129,0.00761803930592908,0.00767670798421705
2024-09-14,130,-0.000697281664886695,-0.0010682875615533
2024-09-14,131,0.00167694271636076,0.000300539122136456
2024-09-14,132,0.00658054662868057,0.00607246242479675
2024-09-14,133,-0.0050563179455656,-0.0059737655906309
2024-09-14,134,0.0155307978620121,0.0144184838121628
2024-09-14,135,0.00187038377250293,0.00183398961200254
2024-09-14,136,0.0156927795761561,0.0146132278937019
2024-09-14,137,1.69069009814393e-06,-0.000485277882175339
2024-09-14,138,0.00636032821862642,0.00478570734240247
2024-09-14,139,0.00323853303655675,0.00160264654681352
2024-09-14,140,0.0162773908672733,0.0155529758767061
2024-09-14,141,0.00879666088974496,0.00857391605204505
2024-09-14,142,0.0188941174339394,0.0180751341096324
2024-09-14,143,0.0138913753202479,0.0123167921407434
2024-09-14,144,0.00279148136504315,0.0016487378754606
2024-09-15,2,0.0218601962627503,0.0204584340715339
2024-09-15,3,0.0289295209334179,0.0284706209182533
2024-09-15,4,0.0376035353422859,0.0361553386388342
2024-09-15,5,0.00868489385240867,0.00743964944861197
2024-09-15,6,0.0451750752430469,0.0435516810186005
2024-09-15,7,0.0223901728751281,0.0215614000337752
2024-09-15,8,0.0460692680274368,0.0460248775498107
2024-09-15,9,0.0209464398364494,0.0191593573570152
2024-09-15,10,0.0135960978583078,0.00970385120188233
2024-09-15,11,0.0518094884294147,0.0516209352335988
2024-09-15,12,0.0104719372963142,0.0189900612217384
2024-09-15,13,0.0425498257121228,0.0507007605808756
2024-09-15,14,0.0506689638589402,0.0602072006309191
2024-09-15,15,0.0281155718136654,0.0362601559344862
2024-09-15,16,0.0384682617388741,0.0483667283059059
2024-09-15,17,0.0356109188475617,0.0454942583308613
2024-09-15,18,0.013644903631139,0.0219740176087591
2024-09-15,19,0.0283229649858399,0.0379368907222011
2024-09-15,20,0.0341666426961025,0.0423213747723699
2024-09-15,21,0.0376709374035178,0.0500715782415098
2024-09-15,22,0.00790425809956563,0.017170833646035
2024-09-15,23,0.0186761930672636,0.0281602915053707
2024-09-15,24,0.0300607494708958,0.0384706620775574
2024-09-15,25,0.011222435215255,0.0219842918613304
2024-09-15,26,0.0238502739485238,0.0343671780597274
2024-09-15,27,-0.00376481716847277,0.005566798126174
2024-09-15,28,0.00164016499511632,0.0120234782488149
2024-09-15,29,-0.0138048125416361,-0.00428242483598762
2024-09-15,30,-0.0199555476625495,-0.0105613240677691
2024-09-15,31,-0.0213559408879371,-0.0121076571873537
2024-09-15,32,0.00260093941977857,0.0102668094745484
2024-09-15,33,0.0337313525347707,0.040098349020866
2024-09-15,34,0.0453151926410671,0.04583121078534
2024-09-15,35,-0.0278973777218061,-0.0271649273530734
2024-09-15,36,0.0246159633259291,0.0279289367474087
2024-09-15,37,0.0236622767996844,0.0259504402095967
2024-09-15,38,-0.0250283854215709,-0.0265359458461001
2024-09-15,39,-0.0543259655295047,-0.0533385866086213
2024-09-15,40,-0.0278507184854462,-0.0251166898393196
2024-09-15,41,-0.0392643006956481,-0.0358146248593307
2024-09-15,42,-0.124592421803986,-0.118194588068388
2024-09-15,43,-0.00119870065720296,-0.00424395999155536
2024-09-15,44,0.0915459256322091,0.0860808493679865
2024-09-15,45,0.0194966929073672,0.00819220357974704
2024-09-15,46,-0.0450350817027143,-0.0503453507537444
2024-09-15,47,0.0188127256452715,0.0121004109111036
2024-09-15,48,0.0732121031032591,0.0662654530833153
2024-09-15,49,0.0353069904477588,0.030979485492149
2024-09-15,50,-0.0531752778795891,-0.0555733474024835
2024-09-15,51,-0.0403678366084836,-0.0417823237968982
2024-09-15,52,0.0111054486659352,0.00892133655244542
2024-09-15,53,0.0136836658384363,0.00859005872752228
2024-09-15,54,-0.012693481134006,-0.0156019197450918
2024-09-15,55,0.0333200089880163,0.032390340110287
2024-09-15,56,0.0713970116828655,0.0673821309306337
2024-09-15,57,-0.00644884532657208,-0.00346285715137817
2024-09-15,58,-0.0541120256908316,-0.0523605710768971
2024-09-15,59,0.0234361710588438,0.0276706014091035
2024-09-15,60,-0.0418920115714663,-0.0425614978782107
2024-09-15,61,0.0563698155493428,0.0562377800669509
2024-09-15,62,0.00497525647104613,0.00230027440581448
2024-09-15,63,0.0322519221889186,0.0313245046600876
2024-09-15,64,-0.020681807452112,-0.0200241740919269
2024-09-15,65,-0.00559840103425024,-0.00512812076829761
2024-09-15,66,-0.104848775944443,-0.103025781631389
2024-09-15,67,-0.0323622745518417,-0.0377721639809474
2024-09-15,68,-0.0298080237140681,-0.0340068060397547
2024-09-15,69,-0.0702772721603973,-0.0738253209022499
2024-09-15,70,-0.0399724914475375,-0.04512215193924
2024-09-15,71,-0.0134401564442586,-0.0187128234156644
2024-09-15,72,0.0417306666435842,0.0315815396489851
2024-09-15,73,0.0107618571229633,0.00177841597189232
2024-09-15,74,-0.0340112830216466,-0.0395643722672219
2024-09-15,75,-0.0375886689897564,-0.0457950716882083
2024-09-15,76,-0.0439086915211755,-0.0525609034601944
2024-09-15,77,-0.0201042411654901,-0.0278613311036882
2024-09-15,78,-0.0213572180431187,-0.0304756526386925
2024-09-15,79,-0.0178036596090765,-0.0248258508455175
2024-09-15,80,0.00020474150424743,-0.00742631153454987
2024-09-15,81,0.0213297693030734,0.0139867240890847
2024-09-15,82,0.0107754759891456,0.00456153619191824
2024-09-15,83,0.00381564781278421,-0.00395227229674777
2024-09-15,84,-0.00440656176574539,-0.0129501210555594
2024-09-15,85,-0.0059688864531342,-0.0131220918262223
2024-09-15,86,-0.0195977272736734,-0.0179041231789716
2024-09-15,87,-0.0100419905031259,-0.00575008365736185
2024-09-15,88,-0.0463953342181016,-0.0442803498430893
2024-09-15,89,-0.0116560401147972,-0.00892188674975536
2024-09-15,90,-0.027841758796046,-0.0265060150238474
2024-09-15,91,-0.0311143828580942,-0.0305573451132339
2024-09-15,92,-0.0336770471999355,-0.0325650746010488
2024-09-15,93,-0.0324741400149762,-0.0316652061666254
2024-09-15,94,-0.0165492886891032,-0.0151939362916611
2024-09-15,95,-0.0274509517590502,-0.0273012510847614
2024-09-15,96,-0.0269858338756039,-0.0265744824376135
2024-09-15,97,-0.0266964837396753,-0.0267548374205955
2024-09-15,98,-0.0167134980451555,-0.0172774117595109
2024-09-15,99,-0.024106419977981,-0.0237527181637152
2024-09-15,100,-0.0296897670824832,-0.0294654382631379
2024-09-15,101,-0.00154467155533755,-0.00145038526003116
2024-09-15,102,-0.0353078106856302,-0.0357003433193865
2024-09-15,103,-0.00319157718225149,-0.00150153267121667
2024-09-15,104,-0.0181046211522444,-0.0190421333456658
2024-09-15,105,-0.0163038137422715,-0.0160045617595079
2024-09-15,106,-0.00823045161488611,-0.0067788870317127
2024-09-15,107,-0.0177929357761855,-0.0175804661704815
2024-09-15,108,-0.0222786785198172,-0.0221382146869971
2024-09-15,109,0.0106527302836135,0.0122540872055064
2024-09-15,110,-0.032981160526643,-0.0339948667980723
2024-09-15,111,-0.0169600101867911,-0.0173740203639126
2024-09-15,112,-0.00410093028034808,-0.00335539720418598
2024-09-15,113,-0.0034897581703639,-0.00311685468995648
2024-09-15,114,0.00478147203634727,0.00601333836206308
2024-09-15,115,-0.023893657093339,-0.0250161608536663
2024-09-15,116,-0.00680772789998318,-0.00692956118027954
2024-09-15,117,-0.00221254793960313,-0.00192893736016675
2024-09-15,118,-0.00846922382979365,-0.0093916736283326
2024-09-15,119,-0.00910947288655883,-0.00878866116416788
2024-09-15,120,-0.00850550368622649,-0.00956133042704455
2024-09-15,121,0.00664013218796367,0.00602448223676522
2024-09-15,122,-0.0202791674750493,-0.0212293077707653
2024-09-15,123,-0.00369260512216663,-0.00359100412446445
2024-09-15,124,0.00602143969036817,0.0047995472318636
2024-09-15,125,-0.00186585891037616,-0.00248823626206018
2024-09-15,126,-0.000468426009851974,-0.0019661422299011
2024-09-15,127,-0.00192666996047031,-0.00251106094429687
2024-09-15,128,0.00767003020297974,0.00749167043343313
2024-09-15,129,-0.00207226095376356,-0.00354498053823615
2024-09-15,130,-0.00573244946013229,-0.00635366891753808
2024-09-15,131,0.0280208915113542,0.0281358552593183
2024-09-15,132,-0.0316730785249488,-0.0355143693641091
2024-09-15,133,0.0163133517687326,0.0163610671233103
2024-09-15,134,-0.00485438366952806,-0.00726387513709881
2024-09-15,135,0.0089096032592888,0.00733680634642919
2024-09-15,136,0.000480378702254924,-0.00137497354097782
2024-09-15,137,0.0147470321869019,0.013679207008864
2024-09-15,138,0.00990881393688614,0.00946208370924051
2024-09-15,139,-3.75318673944136e-05,-0.000973153530498649
2024-09-15,140,0.00734893072118226,0.00540169979514626
2024-09-15,141,0.00411409019927511,0.00263036741377487
2024-09-15,142,0.00203511474535478,0.00143856009747889
2024-09-15,143,0.0101373286964996,0.00797006947173173
2024-09-15,144,0.00651010066853708,0.00496004943704609
2024-09-16,2,0.0228169058626051,0.0222840110574491
2024-09-16,3,0.0200504866974036,0.0186543842145346
2024-09-16,4,0.00791212475677128,0.00657707400603247
2024-09-16,5,0.0275456187881984,0.026083081837232
2024-09-16,6,0.0114177438038725,0.00964772706480943
2024-09-16,7,0.0151240193743787,0.0119139787472413
2024-09-16,8,0.0156117137797125,0.014309176049033
2024-09-16,9,0.0157505620688907,0.0129707986396363
2024-09-16,10,0.0147736151456446,0.0129069870503109
2024-09-16,11,0.0272207409142338,0.0276424812123883
2024-09-16,12,0.0181183084042784,0.0274943585434571
2024-09-16,13,0.0129869141507832,0.0233678540255786
2024-09-16,14,0.0050995783496921,0.0141852769226611
2024-09-16,15,-0.000802473451364527,0.00919991386834251
2024-09-16,16,0.0341847489512528,0.0438299993621278
2024-09-16,17,0.018196586259223,0.0269253386258645
2024-09-16,18,0.0528805563506198,0.063895177096672
2024-09-16,19,0.0368506785703788,0.0477850848797798
2024-09-16,20,0.0397780050293495,0.0503397841074529
2024-09-16,21,0.0489582762582899,0.0600331505540401
2024-09-16,22,0.0320733520494869,0.0422912137027049
2024-09-16,23,0.0458317057547486,0.0579042427765586
2024-09-16,24,0.0420736073968895,0.0515560573607283
2024-09-16,25,0.0326922225041786,0.0442505128933801
2024-09-16,26,0.00350961833895624,0.0137005340914804
2024-09-16,27,0.0207380737970091,0.0276741253604289
2024-09-16,28,0.00359619349455631,0.0107712143960494
2024-09-16,29,-0.00877317851088311,-0.00254025522008394
2024-09-16,30,-0.00351609941512976,0.00254666179911567
2024-09-16,31,-5.0070590333462e-05,0.00500101076215564
2024-09-16,32,0.0115679578373138,0.0155896049480431
2024-09-16,33,-0.00483976087331506,-0.00217242590167821
2024-09-16,34,0.0138069887964347,0.0164380937788176
2024-09-16,35,0.00884866519837146,0.0115627027080327
2024-09-16,36,0.0179188732646418,0.0185328282557977
2024-09-16,37,0.0724224027984697,0.0758931450846756
2024-09-16,38,0.0407046431423614,0.0405847110297142
2024-09-16,39,-0.00980763689033459,-0.00718117535549467
2024-09-16,40,0.051078913051926,0.0530051686730912
2024-09-16,41,-0.0134524021182019,-0.00885829792992432
2024-09-16,42,-0.00842102683603585,-0.00378294041824478
2024-09-16,43,-0.106322726588338,-0.0961317220700506
2024-09-16,44,-0.167094132331125,-0.157655842634143
2024-09-16,45,-0.101341868877242,-0.0926081091598752
2024-09-16,46,-0.185231095294629,-0.177782960108481
2024-09-16,47,-0.175303343180429,-0.16905393577127
2024-09-16,48,-0.0129067624646577,-0.0123141919226919
2024-09-16,49,0.0368470590448329,0.0385081947571653
2024-09-16,50,-0.0567615154841778,-0.0552831621156642
2024-09-16,51,-0.108926781528498,-0.105411099650497
2024-09-16,52,-0.110134727026994,-0.10537837300851
2024-09-16,53,0.0699351540998334,0.0631692698001531
2024-09-16,54,-0.085900620588208,-0.0871086916469856
2024-09-16,55,0.119502982119289,0.114433544514691
2024-09-16,56,0.036029002863784,0.0233232171092785
2024-09-16,57,0.0113305554719929,0.0085791714853185
2024-09-16,58,0.0779727253024696,0.0751487479511059
2024-09-16,59,0.0620278648988659,0.0597220845866016
2024-09-16,60,0.057374555764417,0.0568979348299745
2024-09-16,61,-0.0584309699991303,-0.0573323044778116
2024-09-16,62,0.0411422872013834,0.0405223630119833
2024-09-16,63,-0.0552906354198379,-0.0553283746569333
2024-09-16,64,-0.0141487873752588,-0.0145738235250494
2024-09-16,65,0.0250681137216118,0.024314889792973
2024-09-16,66,0.0082627900693204,0.0062290022680509
2024-09-16,67,0.0261071203791179,0.0239963973679345
2024-09-16,68,-0.0237770393123657,-0.0276622067953811
2024-09-16,69,-0.0182401486311594,-0.0229841183021637
2024-09-16,70,-0.0073480067642917,-0.0106187350761671
2024-09-16,71,-0.0552505343098222,-0.0586182017234931
2024-09-16,72,-0.028912200289815,-0.0335100043109371
2024-09-16,73,0.0401209468063266,0.0339032716718899
2024-09-16,74,0.0521480152893199,0.0448010470433458
2024-09-16,75,0.0933455743751646,0.086744531770905
2024-09-16,76,0.0421841428208749,0.0359517780935539
2024-09-16,77,0.033676436172545,0.0243875880820514
2024-09-16,78,0.01806002121267,0.00977688191056103
2024-09-16,79,-0.0340440291504303,-0.0406938322931119
2024-09-16,80,-0.0709662948672101,-0.0800890674103734
2024-09-16,81,-0.0643300868534524,-0.062689575434236
2024-09-16,82,-0.0207346695201247,-0.0200561160891253
2024-09-16,83,-0.02012175385177,-0.0279223531460033
2024-09-16,84,-0.0195733462258376,-0.0269122089151486
2024-09-16,85,-0.0159370151485083,-0.0158127774796748
2024-09-16,86,0.0162253474577083,0.0210600786440702
2024-09-16,87,-0.0315756403630152,-0.0352078569615433
2024-09-16,88,-0.0287727058960447,-0.0296528282111952
2024-09-16,89,-0.00468770834116938,-0.00333510869428544
2024-09-16,90,-0.0439431481593422,-0.0451739205493871
2024-09-16,91,-0.0221058136449237,-0.0244219301670245
2024-09-16,92,-0.0227765741515542,-0.0221533417478472
2024-09-16,93,-0.0280955852542419,-0.0284465405034666
2024-09-16,94,-0.0112146452588568,-0.0108918004850649
2024-09-16,95,-0.0113665987572542,-0.0109896649224224
2024-09-16,96,-0.0112640303835159,-0.00964214759386994
2024-09-16,97,-0.0107625366414599,-0.00961454570488218
2024-09-16,98,-0.0204335860378002,-0.0201648453743122
2024-09-16,99,-0.0130648366409929,-0.013686263687533
2024-09-16,100,-0.0139150626603062,-0.013319273069782
2024-09-16,101,-0.0167771525374381,-0.0174953209023707
2024-09-16,102,0.00190348510393257,0.00161981550782198
2024-09-16,103,-0.0293741770591414,-0.0308652609323943
2024-09-16,104,-0.00563083702020517,-0.00550684838112137
2024-09-16,105,-0.00119026065028738,-0.00151091000823467
2024-09-16,106,-0.0199924671403764,-0.0215415245291606
2024-09-16,107,-0.00467003327482551,-0.00413276515330185
2024-09-16,108,-0.00153782141843806,-0.00313037931926541
2024-09-16,109,-0.0213268332270227,-0.022892292732382
2024-09-16,110,-0.00116357849690729,-0.00153198438398672
2024-09-16,111,-0.00758039093115848,-0.00839060326048191
2024-09-16,112,-0.00715312466480444,-0.00707845708220134
2024-09-16,113,-0.00260574719498408,-0.00345779796181844
2024-09-16,114,-0.0109592408441834,-0.0109134136681579
2024-09-16,115,-0.0125102290691013,-0.0126042215800766
2024-09-16,116,0.00692584852230116,0.00671809389287592
2024-09-16,117,-0.0170791797307634,-0.0175953488697944
2024-09-16,118,-0.00484889645765829,-0.0046194747162227
2024-09-16,119,0.000339454069928635,0.000463120872501221
2024-09-16,120,-0.0146256427775819,-0.0171628680591738
2024-09-16,121,0.0123331857921514,0.0141712079669274
2024-09-16,122,-0.0175683318491444,-0.0200646842962966
2024-09-16,123,-0.000447515294830225,-6.84101591730268e-06
2024-09-16,124,-0.000298013609581815,-0.0016709078550905
2024-09-16,125,-0.0112161459722797,-0.0129600611000873
2024-09-16,126,-0.00301931846979997,-0.00309797110175491
2024-09-16,127,-0.00332890211066328,-0.00434346983781619
2024-09-16,128,0.00111815787268466,7.89405707912749e-05
2024-09-16,129,0.0101211177414253,0.00949752702907602
2024-09-16,130,-0.0129019088606803,-0.0155350667355947
2024-09-16,131,0.0137363305158242,0.0127754725899152
2024-09-16,132,-0.00751832887325854,-0.00840348381919398
2024-09-16,133,0.00461410407159679,0.00230510145851692
2024-09-16,134,-0.00217130630698836,-0.00442740346568371
2024-09-16,135,-0.00344334329798368,-0.00437141126522089
2024-09-16,136,0.00119802999801699,-0.000744389264077938
2024-09-16,137,0.0117619024702043,0.0120776030726066
2024-09-16,138,0.00168499608102302,-0.00154807474346175
2024-09-16,139,0.00435777122511016,0.00291512557922058
2024-09-16,140,-0.00541075997936691,-0.00773986752868971
2024-09-16,141,0.0134302017874699,0.0128248734643623
2024-09-16,142,0.0037781949248723,0.00182620045418425
2024-09-16,143,-0.0109548755514091,-0.0128724559406548
2024-09-16,144,0.017529869425263,0.0166879439263843
2024-09-17,2,-0.0145100294940717,-0.0133611031058285
2024-09-17,3,0.00360083109983744,0.00422037457946534
2024-09-17,4,0.00160014380913154,0.00268628682783412
2024-09-17,5,-0.0047262303577682,-0.00316039491645448
2024-09-17,6,-0.0158683851279084,-0.0161118972225918
2024-09-17,7,-0.00424983362649467,-0.00289150458135889
2024-09-17,8,0.0131137719648926,0.0149016079074427
2024-09-17,9,-0.0109081324670148,-0.0107956646726368
2024-09-17,10,0.0141278181025921,0.0158513009051369
2024-09-17,11,-0.0131978392321175,-0.0130798648731503
2024-09-17,12,0.0124284284450882,0.0186610582298199
2024-09-17,13,0.00343550966943518,0.00965100373867411
2024-09-17,14,0.0382071399610924,0.04488247704343
2024-09-17,15,0.0175537123943244,0.0239963267579917
2024-09-17,16,0.0192442509700257,0.0248675628604218
2024-09-17,17,0.0254335686353135,0.0298457395996685
2024-09-17,18,0.0317785912089459,0.0381240375174414
2024-09-17,19,0.01321186479655,0.0196267547386739
2024-09-17,20,-0.0138534761831863,-0.00834414473012046
2024-09-17,21,-0.000246289318612369,0.0060567214561118
2024-09-17,22,0.00594055469789811,0.0121166070181031
2024-09-17,23,0.00109182109440553,0.00722623400601918
2024-09-17,24,0.00838880536420383,0.0135608280660433
2024-09-17,25,-0.0294550103935958,-0.0233093345655799
2024-09-17,26,-0.0548071641372907,-0.0502444856244253
2024-09-17,27,-0.00179229053243013,0.00427648962381344
2024-09-17,28,-0.0162843385164377,-0.0128420030499248
2024-09-17,29,-0.0490671998512777,-0.0452250887424253
2024-09-17,30,-0.0535189677958936,-0.0489671351989909
2024-09-17,31,-0.0426460968960498,-0.0378372476110238
2024-09-17,32,0.077063989082701,0.0808088504306754
2024-09-17,33,0.0194076587657497,0.0218181366095358
2024-09-17,34,-0.0232988038099924,-0.0188929279830656
2024-09-17,35,-0.013167788338726,-0.00897184014546237
2024-09-17,36,0.000636555560155294,0.00424056476650314
2024-09-17,37,-0.000894101603065245,0.00416086818551165
2024-09-17,38,-0.0919768688865545,-0.0888583506598417
2024-09-17,39,-0.0382482186114164,-0.0341164829697744
2024-09-17,40,-0.0029177877393618,-0.000351751156324021
2024-09-17,41,0.0516394805867071,0.0519129687268576
2024-09-17,42,0.0477717555911488,0.0488346146679737
2024-09-17,43,0.0815972374772569,0.0808008555284481
2024-09-17,44,0.071477405839909,0.0720236409573607
2024-09-17,45,0.0713406453456153,0.0711459517301147
2024-09-17,46,0.0759739594112085,0.0765513391204315
2024-09-17,47,0.0840686035325309,0.0823627075839237
2024-09-17,48,0.0472308499722027,0.0459084814601978
2024-09-17,49,0.0153037513624819,0.0157867914192238
2024-09-17,50,0.0468974484172175,0.0480944506455927
2024-09-17,51,0.0519399675127179,0.051333598236802
2024-09-17,52,0.0188272652686896,0.0199695330865461
2024-09-17,53,-0.00193733024350173,0.000349857450069102
2024-09-17,54,0.0232269637366471,0.0224921253455239
2024-09-17,55,0.0576548086187536,0.0576830433444195
2024-09-17,56,-0.0218389636929954,-0.021982100171706
2024-09-17,57,-0.0415988829820728,-0.0413323558243874
2024-09-17,58,-0.0561093965260344,-0.0553252102763233
2024-09-17,59,-0.0553189053169021,-0.0552564680453216
2024-09-17,60,-0.0600743391474099,-0.0614635002306905
2024-09-17,61,-0.0981521870248505,-0.100002717314013
2024-09-17,62,-0.0710713474306699,-0.070810899966876
2024-09-17,63,-0.0974093181806692,-0.10114510553663
2024-09-17,64,-0.0754882520573839,-0.0775075500132196
2024-09-17,65,-0.0622289733100851,-0.0636760800674905
2024-09-17,66,-0.0310959288262174,-0.0346014796166427
2024-09-17,67,-0.0137068375583977,-0.0168928455527988
2024-09-17,68,0.00496279405109235,0.0016721554303567
2024-09-17,69,0.0130788560138404,0.00932702318470735
2024-09-17,70,0.0466067803608246,0.042891485756134
2024-09-17,71,0.00978685211652142,0.00443816641872274
2024-09-17,72,0.0369416811708092,0.0348283039318087
2024-09-17,73,-0.00305493219752595,-0.00556134540758624
2024-09-17,74,0.00232460062367057,-0.00138186209403202
2024-09-17,75,-0.00239495055741124,-0.00673894705930866
2024-09-17,76,0.0143842258065758,0.012159337955544
2024-09-17,77,-0.00383759755657476,-0.00808422745525927
2024-09-17,78,0.0163903710695283,0.0127429151878609
2024-09-17,79,-0.0218418334884793,-0.0263084753713141
2024-09-17,80,-0.00658727540082094,-0.00977274717935295
2024-09-17,81,0.00304422723653275,-0.00215531437234429
2024-09-17,82,0.00362491560801814,-0.00040727856744649
2024-09-17,83,-0.000575612017278182,-0.00599808531211821
2024-09-17,84,-0.00325574812934626,-0.00757333875852062
2024-09-17,85,0.00721145990742222,0.00506967461144026
2024-09-17,86,0.00279288080148632,0.00339920203634492
2024-09-17,87,0.00168158679498376,0.00261794751615962
2024-09-17,88,-0.0103328336866761,-0.00995763157461571
2024-09-17,89,-0.0212309099381667,-0.0240493665173922
2024-09-17,90,-0.00798166374836118,-0.00691772686382031
2024-09-17,91,0.014783093996666,0.0157140226223991
2024-09-17,92,-0.0101350854953139,-0.0109208650804273
2024-09-17,93,-0.00928885771307009,-0.0101093421442133
2024-09-17,94,-0.000523301889058025,0.000334717034908394
2024-09-17,95,0.00224271514702767,0.00262067930063381
2024-09-17,96,-0.00950076112344966,-0.0099990559150509
2024-09-17,97,0.00267175350739546,0.0034667865689233
2024-09-17,98,-0.00749346497043213,-0.00722648453224828
2024-09-17,99,0.00556153566528117,0.00619630593277787
2024-09-17,100,-0.0129169667168716,-0.0135564496409142
2024-09-17,101,0.0144318334044353,0.0154338126198423
2024-09-17,102,-0.0205367608642906,-0.0216471283295983
2024-09-17,103,0.0117765560971677,0.0118442957595049
2024-09-17,104,-0.00310918337952337,-0.00298647013724107
2024-09-17,105,0.00174979019592314,0.00228574956895322
2024-09-17,106,0.00164882394255095,0.000372055196343091
2024-09-17,107,-0.00750229805578417,-0.00614255397193375
2024-09-17,108,0.00682264050463033,0.00588549866811494
2024-09-17,109,0.00339256980143965,0.00341215240717574
2024-09-17,110,-0.00258519112147404,-0.00310048405849628
2024-09-17,111,0.00705107488963108,0.00742336223068474
2024-09-17,112,0.000398725054274074,0.0003348545734152
2024-09-17,113,-0.00242900886757269,-0.00303976058450672
2024-09-17,114,-0.00551381966195841,-0.0065281487828992
2024-09-17,115,0.0150823506258106,0.0157256548961486
2024-09-17,116,-0.00325919841976052,-0.00389058406993392
2024-09-17,117,-0.00517337176989496,-0.00585837755470209
2024-09-17,118,0.00528502236962414,0.00497011591093521
2024-09-17,119,0.0101816536088455,0.00990059256114861
2024-09-17,120,-0.00426694042878673,-0.00636298474457053
2024-09-17,121,0.00641235350007374,0.00742575956512326
2024-09-17,122,0.00476322793711415,0.00394278024030648
2024-09-17,123,0.00339183213034655,0.00167213826518697
2024-09-17,124,-0.00239135903722065,-0.00233255862241322
2024-09-17,125,0.0012068827700098,0.000773062079812092
2024-09-17,126,0.0162527940977641,0.0143798245422211
2024-09-17,127,-0.0137779106884794,-0.0146312059395104
2024-09-17,128,0.00540871945934196,0.00444370368213409
2024-09-17,129,0.0108613776229358,0.0103612086120588
2024-09-17,130,0.0102766741229656,0.00883667954273726
2024-09-17,131,-0.0129804767829205,-0.0143416828985732
2024-09-17,132,-0.000315178801170823,-0.00183796620456
2024-09-17,133,0.01768489930335,0.0170782992666574
2024-09-17,134,0.00452217819378209,0.00303839440316089
2024-09-17,135,-0.00107082943378245,-0.00164425900945275
2024-09-17,136,-0.00386907443112516,-0.00633023210855566
2024-09-17,137,0.00939587535764375,0.00825096958300175
2024-09-17,138,0.000628510710527941,-0.0004215405217316
2024-09-17,139,0.00191795087976399,0.00073314787584966
2024-09-17,140,0.00292238445252213,0.000374528049214007
2024-09-17,141,0.0075835604385972,0.00642884358817231
2024-09-17,142,0.0132811376315649,0.0121101310172094
2024-09-17,143,0.00239474617952329,0.000828420164779686
2024-09-17,144,-0.00720056656049106,-0.00973868662839017
2024-09-18,2,-0.0206382995133341,-0.0215791321245451
2024-09-18,3,-0.00923016241559882,-0.010813033041841
2024-09-18,4,0.00369384808050555,0.00255144054114176
2024-09-18,5,-0.018698990441683,-0.0196801625384859
2024-09-18,6,-0.0103020821246798,-0.0114778094987038
2024-09-18,7,0.0104376666660091,0.010197970877905
2024-09-18,8,-0.0263168317773967,-0.0293294121117311
2024-09-18,9,0.0105357649218494,0.0117079297072165
2024-09-18,10,-0.0134958012121986,-0.0150989979855023
2024-09-18,11,-0.000535440613282034,-0.00130401256633039
2024-09-18,12,-0.00611832734112561,-0.00515132211688485
2024-09-18,13,-0.00745966029095246,-0.00575263324440645
2024-09-18,14,-0.00402834094412441,-0.00176023905872658
2024-09-18,15,0.0100618487232493,0.0109935044226308
2024-09-18,16,0.00372020458100408,0.00725291514610049
2024-09-18,17,0.0148204036360875,0.0155307844754224
2024-09-18,18,0.00786817207960233,0.00986268837204651
2024-09-18,19,0.0164156230007357,0.0200310301467788
2024-09-18,20,0.00327648280885295,0.00454426708437161
2024-09-18,21,0.000211869357810812,0.00305357185040123
2024-09-18,22,-0.00673345316776341,-0.00539507557820862
2024-09-18,23,0.0134152336442002,0.016331717894289
2024-09-18,24,0.00248528319668928,0.00448119194254915
2024-09-18,25,0.0241728106013976,0.026695595358257
2024-09-18,26,0.0104721352251023,0.0111838078416193
2024-09-18,27,0.00926446824015059,0.0115187129966516
2024-09-18,28,0.015207909621564,0.0180070920415565
2024-09-18,29,0.0124598606477591,0.0143137222391205
2024-09-18,30,0.0103029587134724,0.0127286048614659
2024-09-18,31,0.00759431848569125,0.00805856626926804
2024-09-18,32,0.0124858227170828,0.0154989742452454
2024-09-18,33,-0.00226823347703498,-0.00126780832409423
2024-09-18,34,0.0235317971099258,0.0263655769416982
2024-09-18,35,-0.00650135061824564,-0.0055344222349536
2024-09-18,36,-0.00423338885684377,-0.000883903587866719
2024-09-18,37,0.00265836145112708,0.00483325255222944
2024-09-18,38,-0.0474495705791256,-0.0472940597629758
2024-09-18,39,-0.00279314965847188,-0.000613344760344248
2024-09-18,40,-0.0107915684437758,-0.010172304649517
2024-09-18,41,0.00373193040049546,0.00477839342511288
2024-09-18,42,-0.00487233167829793,-0.0044038620133966
2024-09-18,43,-0.0194361773624969,-0.0184755652767228
2024-09-18,44,-0.0120388259117226,-0.012251200956368
2024-09-18,45,0.0114379454794804,0.0111423901693
2024-09-18,46,-0.0171619717439704,-0.0173117036593133
2024-09-18,47,0.0132075649391963,0.0129093754574274
2024-09-18,48,0.00354439370605952,0.00229919356013841
2024-09-18,49,0.00361755294970134,0.00441929816119391
2024-09-18,50,0.014689764356203,0.0132613422248147
2024-09-18,51,-0.00199504907930859,-0.00277088370293121
2024-09-18,52,-0.0320319066867452,-0.0338434749839216
2024-09-18,53,-0.022371001277218,-0.0236977130403222
2024-09-18,54,-0.0243590693793871,-0.0258667616210451
2024-09-18,55,-0.0164638982535577,-0.017698656753657
2024-09-18,56,-0.00758833801923231,-0.0114939036690691
2024-09-18,57,0.00444390432347674,0.00198486907349604
2024-09-18,58,0.00524952033995252,0.00324396374670055
2024-09-18,59,0.000463916619766636,-0.00145092106301448
2024-09-18,60,-0.0143575206736362,-0.0168500050172824
2024-09-18,61,-0.017764938122526,-0.0215143156832465
2024-09-18,62,0.0048007515575188,0.00430862380542862
2024-09-18,63,-0.00960091912249528,-0.012228710996955
2024-09-18,64,-0.0358570997320875,-0.0386432355371049
2024-09-18,65,-0.00113549346743191,-0.00386074567001415
2024-09-18,66,-0.020989504874187,-0.0242076978658847
2024-09-18,67,0.000874787009817801,-0.00114019325779946
2024-09-18,68,-0.000282476591015879,-0.00184905906117727
2024-09-18,69,-0.00857380198659996,-0.0116538236171202
2024-09-18,70,-0.0176648995727531,-0.0213615943469847
2024-09-18,71,-0.00641864463578745,-0.0108082196904506
2024-09-18,72,0.00565793152946981,0.00308651959082784
2024-09-18,73,0.00744419261883511,0.00478562176108088
2024-09-18,74,0.0140435514137103,0.0112893214256244
2024-09-18,75,0.00712264336734769,0.00487420150337137
2024-09-18,76,0.0100398178612222,0.00668943409640654
2024-09-18,77,0.00223194056778642,-0.000284955899541472
2024-09-18,78,0.0119056509385569,0.00887164590816703
2024-09-18,79,0.0224498164989262,0.0206867401282729
2024-09-18,80,0.00169162172654058,-0.000560710065882652
2024-09-18,81,-0.000834150767367703,-0.00474722798710303
2024-09-18,82,0.0176995552723085,0.0151379692335878
2024-09-18,83,0.00949328080745016,0.00824879149644353
2024-09-18,84,0.00732697636350466,0.00488421995835076
2024-09-18,85,0.00199588953021568,0.00105484301377334
2024-09-18,86,-0.00568174732521598,-0.00511998440117445
2024-09-18,87,0.00245894974953664,0.00241921508824117
2024-09-18,88,-0.0154423661102223,-0.0146073921998457
2024-09-18,89,0.00433288683471122,0.00491143442226161
2024-09-18,90,-0.000143440924790461,0.000389921616641864
2024-09-18,91,0.000484704971252192,0.00099535733841627
2024-09-18,92,0.0141250473004355,0.0150196373028013
2024-09-18,93,-0.0170994428567086,-0.0179743738492553
2024-09-18,94,-0.0164875878853232,-0.0160737271703315
2024-09-18,95,0.00849944865409569,0.00880189172387347
2024-09-18,96,-0.00610477835014933,-0.00575631768949414
2024-09-18,97,-0.0149898743151109,-0.0151698587903377
2024-09-18,98,0.00540350277341783,0.00607721665799055
2024-09-18,99,-0.00492430911834685,-0.00516721068579606
2024-09-18,100,0.00589623659608662,0.00660462863711153
2024-09-18,101,0.00531762025793636,0.00508533160516489
2024-09-18,102,-0.00687964590635026,-0.006088755583046
2024-09-18,103,-0.0100236220196877,-0.0102521944116454
2024-09-18,104,0.00252963789000393,0.0030998446177728
2024-09-18,105,-0.00309958803038946,-0.00202527715159295
2024-09-18,106,-0.000626166866533495,-6.47458707101478e-05
2024-09-18,107,-0.00856555189331853,-0.00894946496102555
2024-09-18,108,0.0181329316957592,0.0190723704103819
2024-09-18,109,-0.0188562302000275,-0.0187342617621535
2024-09-18,110,0.0124612360707053,0.0129018775873515
2024-09-18,111,-0.00685950809284019,-0.00681013731114621
2024-09-18,112,-0.00561632742950557,-0.00421459471421048
2024-09-18,113,0.00941028546873746,0.00976534057924194
2024-09-18,114,0.0130285293249832,0.014360495628253
2024-09-18,115,-0.00554840036190374,-0.00559372814765791
2024-09-18,116,0.00425431875467019,0.00600770793144445
2024-09-18,117,0.00975745291678987,0.0105697860863057
2024-09-18,118,0.00497774932243455,0.00715542132485503
2024-09-18,119,0.00294507278167444,0.00320557951514555
2024-09-18,120,-0.0122481186825629,-0.0124986906286768
2024-09-18,121,0.000126010549609923,0.000729009133977776
2024-09-18,122,0.00393962499606992,0.0035163117343906
2024-09-18,123,0.00898321080535691,0.0100401792112725
2024-09-18,124,0.0176088291070311,0.0191426746989363
2024-09-18,125,-0.0126983661409348,-0.013502513936424
2024-09-18,126,0.0124136371058947,0.0115508727733422
2024-09-18,127,-0.00834497520299049,-0.0092017378609599
2024-09-18,128,0.0111499587013304,0.0107885136760846
2024-09-18,129,0.00946946587171116,0.00907461289820954
2024-09-18,130,0.00178304837240262,-0.000471801008452566
2024-09-18,131,-0.000151927482801462,-0.000479544583602554
2024-09-18,132,0.00970571303424084,0.00929017218196915
2024-09-18,133,-0.00270463612082583,-0.00443867085308991
2024-09-18,134,0.00420872992503796,0.00291037076581269
2024-09-18,135,-0.0101358794928768,-0.0114180972189599
2024-09-18,136,0.00634963932602339,0.00592463313130054
2024-09-18,137,0.0212133382733217,0.0227004721709587
2024-09-18,138,-0.00962241123435614,-0.0109376773086352
2024-09-18,139,0.012808928090533,0.0113901145246746
2024-09-18,140,0.00266885455495292,0.00327171218014843
2024-09-18,141,0.0196892906586319,0.0196951453271899
2024-09-18,142,0.00396597722179592,0.00261793023958656
2024-09-18,143,0.00553879401193225,0.00561793023958668
2024-09-18,144,0.0042519673633068,0.00478207842903888
2024-09-19,2,0.0268155007456121,0.025188280986109
2024-09-19,3,0.0172857961053987,0.0164678929224946
2024-09-19,4,0.0285945429144272,0.0264021249415833
2024-09-19,5,0.0275386558616333,0.0262449163926215
2024-09-19,6,0.0202043517149297,0.0196407267281762
2024-09-19,7,0.0459782995930755,0.0453526764801406
2024-09-19,8,0.00963848950156976,0.0101830429204366
2024-09-19,9,0.0167110381995768,0.0148130291966257
2024-09-19,10,0.0162543935258643,0.0157240439909216
2024-09-19,11,0.0404734147347652,0.0392384578091622
2024-09-19,12,0.00684524184673663,0.0122031993075868
2024-09-19,13,0.0157908598106191,0.024161009260868
2024-09-19,14,0.00768476584454358,0.0168770090629469
2024-09-19,15,0.00525206017876911,0.0122896771427339
2024-09-19,16,-0.0295931261027143,-0.0215232890760895
2024-09-19,17,-0.015414380124569,-0.010291737818549
2024-09-19,18,-0.00565579376254988,-0.000163099675609679
2024-09-19,19,-0.0249296812995112,-0.0199889097444306
2024-09-19,20,0.00120160961241744,0.00512240093904914
2024-09-19,21,0.012491870747998,0.0174245507643809
2024-09-19,22,0.00468765254845316,0.00693693936717477
2024-09-19,23,0.0322590404404943,0.0392680950841884
2024-09-19,24,0.00538087230798645,0.010841810866423
2024-09-19,25,-0.00402979049070229,0.00249274517236842
2024-09-19,26,-0.0211684043812159,-0.0156020367904617
2024-09-19,27,0.00465709134613235,0.0108371183447815
2024-09-19,28,-0.0142231186561119,-0.00856522202559784
2024-09-19,29,0.0188285273136737,0.0234340759922933
2024-09-19,30,-0.0304839149925513,-0.0263389876963354
2024-09-19,31,-0.0492934501980731,-0.0455810594303729
2024-09-19,32,-0.0406548052195435,-0.0330773817682957
2024-09-19,33,0.0699411872290341,0.067848756840684
2024-09-19,34,0.0505169036637687,0.0484208969441733
2024-09-19,35,-0.0680923102916822,-0.0666171778509463
2024-09-19,36,0.0997613133525865,0.096526600528815
2024-09-19,37,0.0245927700357926,0.0240193880047128
2024-09-19,38,-0.0234554585303695,-0.0247397194632635
2024-09-19,39,-0.0110740453811591,-0.0107170962609251
2024-09-19,40,0.0721106399851967,0.071072730330088
2024-09-19,41,-0.0116040587974036,-0.00842732438950655
2024-09-19,42,0.0184889181676091,0.0196589003379684
2024-09-19,43,0.0586570383208107,0.0596579397820509
2024-09-19,44,0.0773917888717621,0.0802309867079547
2024-09-19,45,0.0384224546133094,0.0441059521950571
2024-09-19,46,-0.0352378456082025,-0.0274318628399453
2024-09-19,47,0.0493565453391733,0.0548773400359082
2024-09-19,48,0.127622753556692,0.13667680499517
2024-09-19,49,0.015815133049025,0.0292183196511804
2024-09-19,50,-0.00956527432447363,0.00358793835511051
2024-09-19,51,0.00848558252028653,0.0182595433500321
2024-09-19,52,-0.000610548589366822,0.00229706554781473
2024-09-19,53,0.0444106924069043,0.0387512819180076
2024-09-19,54,0.0102405522623634,0.00443359674036348
2024-09-19,55,0.071923779999393,0.0686057837163396
2024-09-19,56,0.152092557329706,0.149552103992499
2024-09-19,57,-0.0674766351632732,-0.0668189036525666
2024-09-19,58,0.0697954778942984,0.0668486657686032
2024-09-19,59,0.0568086682419535,0.0524953813482805
2024-09-19,60,-0.0460940304601101,-0.0496870186661686
2024-09-19,61,0.0293647979536722,0.0285130541751908
2024-09-19,62,-0.0287758070354975,-0.0341508133515536
2024-09-19,63,0.0704343149754187,0.0712155158192429
2024-09-19,64,-0.154893520240504,-0.151499660214355
2024-09-19,65,0.030727741338473,0.0281755022924921
2024-09-19,66,-0.0380215655407117,-0.0364625033803181
2024-09-19,67,0.00430213678415736,0.00122538635964897
2024-09-19,68,-0.038023556704589,-0.0429656111615495
2024-09-19,69,0.00354602202467635,0.000405442589588745
2024-09-19,70,-0.0355340083750741,-0.0378110684961648
2024-09-19,71,-0.0948115122935906,-0.100594715725122
2024-09-19,72,-0.0945446790452085,-0.102865015015772
2024-09-19,73,-0.0827722924110255,-0.0935501190190822
2024-09-19,74,-0.0662090607529731,-0.0764367741850958
2024-09-19,75,-0.0308278651359517,-0.0429295025193994
2024-09-19,76,-0.0215894733479178,-0.0326597552849135
2024-09-19,77,-0.032449419515622,-0.041407078464001
2024-09-19,78,-0.0232556642319617,-0.0298031119131146
2024-09-19,79,-0.00526695200812011,-0.0122641381441344
2024-09-19,80,-0.0301011426416915,-0.0378885578271566
2024-09-19,81,-0.0127759150621989,-0.019390829601269
2024-09-19,82,-0.013319545098164,-0.0201871026001479
2024-09-19,83,0.00457707434198262,-0.000608159367031291
2024-09-19,84,0.00389373511772728,-0.00109857013466375
2024-09-19,85,-0.0151742669300345,-0.00908380242216911
2024-09-19,86,-0.015315148512399,-0.00934285844124894
2024-09-19,87,-0.0231541888739528,-0.0177609004022115
2024-09-19,88,-0.0164704433866447,-0.0133343485433031
2024-09-19,89,-0.0211463959417131,-0.0176895968773723
2024-09-19,90,-0.0263982145690527,-0.023997948563478
2024-09-19,91,-0.0183001052951424,-0.0161082719742378
2024-09-19,92,-0.051622941466051,-0.0501069484738581
2024-09-19,93,-0.0064882676439959,-0.00533118368557517
2024-09-19,94,-0.0291507009257161,-0.0296315575643122
2024-09-19,95,-0.0153207796983832,-0.0152239749681851
2024-09-19,96,-0.0330927337392168,-0.0344758499163511
2024-09-19,97,-0.0230926582538205,-0.0235360460325689
2024-09-19,98,-0.0145833718286745,-0.015489466057411
2024-09-19,99,-0.025200328868717,-0.0258903645246393
2024-09-19,100,-0.0125690236225946,-0.0137571106487844
2024-09-19,101,-0.0184057686613563,-0.0177936717352996
2024-09-19,102,-0.0145717440379372,-0.0144716728994112
2024-09-19,103,-0.0118174529404946,-0.0116953299720111
2024-09-19,104,-0.000604673853348281,0.00160045581245072
2024-09-19,105,-0.0172264934102335,-0.0172607620406078
2024-09-19,106,-0.0176025288080837,-0.0170136518358239
2024-09-19,107,-0.0117797556783463,-0.0113999939733498
2024-09-19,108,0.00202342865059268,0.00399073499537383
2024-09-19,109,-0.0112610477221429,-0.0115857668270856
2024-09-19,110,-0.0161261542287789,-0.01310334724461
2024-09-19,111,-0.00312116976185983,-0.00400136003605134
2024-09-19,112,-0.0125407634251529,-0.0127444233262617
2024-09-19,113,-0.00420473013771083,-0.00407512692460177
2024-09-19,114,0.0171664019316298,0.0173751938191966
2024-09-19,115,-0.0177610184089909,-0.0180780304997068
2024-09-19,116,-0.0116239239631106,-0.0119363191248123
2024-09-19,117,-0.0148481564165284,-0.014967133870603
2024-09-19,118,-0.00374645633249848,-0.00501449887128835
2024-09-19,119,0.0036268689955854,0.00295456822734508
2024-09-19,120,-0.00541145452159775,-0.00710015447380474
2024-09-19,121,0.0133174614825142,0.0130450482884221
2024-09-19,122,0.00470892501894582,0.00441473815112303
2024-09-19,123,-0.00798388387615034,-0.00902292843198449
2024-09-19,124,0.00915145798201245,0.00876580327880649
2024-09-19,125,-0.0135776236767118,-0.0136865537458126
2024-09-19,126,0.00715734607575769,0.0065405406828809
2024-09-19,127,-0.00477300246030232,-0.00526171670147324
2024-09-19,128,0.0159871687841466,0.0145303402461057
2024-09-19,129,-0.00051705207097541,-0.000642984042039885
2024-09-19,130,0.0246182219671667,0.0242780974249737
2024-09-19,131,-0.00988271964479015,-0.0114040753345739
2024-09-19,132,0.0185000091263321,0.0188334672181893
2024-09-19,133,-0.00257988146413091,-0.00240834259413614
2024-09-19,134,0.00674161662734729,0.00693324006717067
2024-09-19,135,0.0249205495870122,0.0237237798498899
2024-09-19,136,-0.00168627021210543,-0.0019464566358991
2024-09-19,137,-0.00131732795938788,-0.000534346568443311
2024-09-19,138,-0.00864796488670194,-0.00877311160519145
2024-09-19,139,0.0258461569551685,0.0242309246707837
2024-09-19,140,-0.00791621958713495,-0.00978041656009232
2024-09-19,141,0.00490568739184383,0.0036235927288697
2024-09-19,142,0.00358174320284554,0.00177295674424816
2024-09-19,143,0.0348755884548568,0.0339723199106636
2024-09-19,144,0.0152168795932628,0.013679018963896
2024-09-20,2,-0.00250025400295861,-0.00513144212800043
2024-09-20,3,0.0281263543977497,0.0257307253388568
2024-09-20,4,-0.000383901818123533,-0.00308078540308987
2024-09-20,5,0.0159933152156677,0.0136064479866791
2024-09-20,6,0.0097681974047843,0.00808707923912344
2024-09-20,7,-0.00725231683551986,-0.0109593735509774
2024-09-20,8,0.0251538742999067,0.0235891740721961
2024-09-20,9,-0.00195381089234559,-0.00469763844725168
2024-09-20,10,0.0209621816190761,0.0179673964795715
2024-09-20,11,0.0188122451855346,0.0165963751889517
2024-09-20,12,0.02372596035001,0.0274711094431366
2024-09-20,13,0.0205862011793565,0.030370802795276
2024-09-20,14,0.0259191597627977,0.0339347768754017
2024-09-20,15,0.0161825752659395,0.0238502066256716
2024-09-20,16,0.0254829956471365,0.0347198253553804
2024-09-20,17,0.0155011891053922,0.0244008195855026
2024-09-20,18,0.00836111067441525,0.0148995233712634
2024-09-20,19,0.0275711938422241,0.0359303582617407
2024-09-20,20,0.0257948226424549,0.0337879827340144
2024-09-20,21,0.00228706467849982,0.00992658649423905
2024-09-20,22,-0.00105604601867526,0.00831021160006351
2024-09-20,23,-0.000545383989056347,0.00831588276257911
2024-09-20,24,-0.00977288073207916,-0.00199729377546642
2024-09-20,25,-0.0274622078897915,-0.021679455704505
2024-09-20,26,0.00522068236768636,0.00925074953090732
2024-09-20,27,0.00612787353475852,0.0084127893216559
2024-09-20,28,0.00244571106447733,0.00628032144877722
2024-09-20,29,-0.0130348071044866,-0.00839975575487273
2024-09-20,30,-0.0180969577798598,-0.0174934571240213
2024-09-20,31,0.010106347049434,0.0122077582383948
2024-09-20,32,-0.0146488409327894,-0.0136817221047485
2024-09-20,33,0.0981280042597774,0.0977424134118277
2024-09-20,34,0.0541652108799688,0.0527124573592124
2024-09-20,35,-0.044156293899495,-0.0406753613191198
2024-09-20,36,0.100371043426575,0.0982730438909982
2024-09-20,37,0.0594144483692336,0.065552950383073
2024-09-20,38,-0.00487645871285913,0.000676984326102748
2024-09-20,39,-0.0196322273018552,-0.0100857347834138
2024-09-20,40,-0.11300932847861,-0.107842131047722
2024-09-20,41,0.103823160936694,0.107348731670051
2024-09-20,42,0.0450166122905049,0.0418408601045446
2024-09-20,43,-0.0631854799250773,-0.0573622316401279
2024-09-20,44,-0.062821770864165,-0.0556426688214016
2024-09-20,45,0.00853821078869466,0.0114447149644645
2024-09-20,46,-0.0195954990586946,-0.0193428979156627
2024-09-20,47,-0.0434581792548636,-0.0390780840834379
2024-09-20,48,0.00493081647214666,0.00742172646969053
2024-09-20,49,-0.117900434712035,-0.12203655210489
2024-09-20,50,0.0227610901862549,0.0222779631336074
2024-09-20,51,-0.0555061797714052,-0.0623724668737715
2024-09-20,52,-0.00651341835645347,-0.00656545301437106
2024-09-20,53,0.0774714769212297,0.0732925238122162
2024-09-20,54,-0.0730248393356918,-0.0767735975510835
2024-09-20,55,-0.0036143577538672,-0.00262628436825807
2024-09-20,56,-0.0639418917429424,-0.0654949660149526
2024-09-20,57,-0.0230564277064396,-0.0203690161172849
2024-09-20,58,-0.0468711099421686,-0.0451570481182104
2024-09-20,59,-0.00519768326260817,-0.00833351425577078
2024-09-20,60,0.0588928800593846,0.0554892293516644
2024-09-20,61,-0.044367851803095,-0.0463516603971685
2024-09-20,62,-0.0272773326395086,-0.0307861866863526
2024-09-20,63,0.0196693038261184,0.0144063278238153
2024-09-20,64,-0.00381046094367665,-0.00657181008880592
2024-09-20,65,-0.00582396270798569,-0.00861688343467293
2024-09-20,66,0.051358004123041,0.0513348837653496
2024-09-20,67,0.00143062544353256,-7.47593233443311e-05
2024-09-20,68,0.0218045938819849,0.0185812313250171
2024-09-20,69,0.0275249653357816,0.0213701736674032
2024-09-20,70,0.0053725183989286,0.00401260346408261
2024-09-20,71,0.0106388112266327,0.00976860980145666
2024-09-20,72,0.0265851429043051,0.0240472740068745
2024-09-20,73,-0.0246426865022347,-0.0246181311257683
2024-09-20,74,0.0144874588147408,0.012263166132163
2024-09-20,75,-0.00858033738658825,-0.010784473604863
2024-09-20,76,0.00441659024897323,0.00120950335203229
2024-09-20,77,-0.0313188179983426,-0.034466016398639
2024-09-20,78,-0.0124250183289707,-0.0173621075711496
2024-09-20,79,-0.008631847986452,-0.0147471900737486
2024-09-20,80,-0.0088480336319563,-0.0140838749382128
2024-09-20,81,-0.00597060103934055,-0.0135335476850154
2024-09-20,82,-0.0170146190444429,-0.0223166630635836
2024-09-20,83,-0.0123244124019166,-0.0197040018450005
2024-09-20,84,-0.0140478995388333,-0.0196840315506845
2024-09-20,85,-0.0192049098594689,-0.0157477527168073
2024-09-20,86,-0.029551843500931,-0.0270474764773976
2024-09-20,87,-0.0357719062226369,-0.0334179845233837
2024-09-20,88,-0.0215459864081691,-0.0193400761735001
2024-09-20,89,-0.043174015492859,-0.0432187848366796
2024-09-20,90,-0.0314782840679486,-0.031427624772645
2024-09-20,91,-0.0342939028281064,-0.0350796284749508
2024-09-20,92,-0.0615443697762803,-0.0621979605971035
2024-09-20,93,-0.00555244022007351,-0.00830200663658776
2024-09-20,94,-0.0213068555301641,-0.0225979448448292
2024-09-20,95,-0.0278847458210842,-0.0290877367945956
2024-09-20,96,-0.0220426932268634,-0.0237751579486929
2024-09-20,97,-0.0351384501026057,-0.0363960876210108
2024-09-20,98,-0.0429644030963674,-0.0432573841469859
2024-09-20,99,-0.024394756240123,-0.0255800296587108
2024-09-20,100,0.0106055484756968,0.0107107622233054
2024-09-20,101,-0.0203940540200724,-0.0200197656924255
2024-09-20,102,-0.0117160760386152,-0.0111008583405638
2024-09-20,103,0.00283810128639583,0.00304955323811029
2024-09-20,104,-0.0086811697173852,-0.00884775661672954
2024-09-20,105,-0.00148610543582528,0.00057513746810578
2024-09-20,106,-0.0147241263022959,-0.0143361445875758
2024-09-20,107,-0.00468704245739815,-0.00366682540239971
2024-09-20,108,-0.0025172383844545,-0.00275254459171226
2024-09-20,109,-0.0027948304191785,-0.00246235138779927
2024-09-20,110,0.00485037928250254,0.00477003377634322
2024-09-20,111,-0.0121518033300552,-0.0118955012662099
2024-09-20,112,-0.0124596121985139,-0.0129788509187492
2024-09-20,113,-0.00512219589383722,-0.006271434637803
2024-09-20,114,-0.0161391735201528,-0.0189575784192124
2024-09-20,115,0.00191008264671577,0.00162858004255551
2024-09-20,116,-0.00379684581124096,-0.00522079112298801
2024-09-20,117,-0.00779674960822518,-0.0099990883116563
2024-09-20,118,-0.00491568178344437,-0.00537742160280885
2024-09-20,119,0.0152584886657356,0.0143126152219724
2024-09-20,120,-0.0164504870112303,-0.0173988248885788
2024-09-20,121,-0.000281168912943386,-0.0011759188970375
2024-09-20,122,0.0035844225008077,0.00267195827157973
2024-09-20,123,-0.0054247754800798,-0.00666258199109748
2024-09-20,124,0.00807911984096243,0.00760194376775836
2024-09-20,125,-0.00594948578759436,-0.00626888521480318
2024-09-20,126,-0.00217882420075277,-0.00227798378931343
2024-09-20,127,0.0057781327221047,0.00369319984829097
2024-09-20,128,0.0294373359374624,0.0284719694660538
2024-09-20,129,0.0106589526561889,0.0108871888333217
2024-09-20,130,0.00603135705861835,0.00530234197167623
2024-09-20,131,-0.0102736485744055,-0.00877457293264161
2024-09-20,132,0.0121147009979596,0.0119714793920558
2024-09-20,133,0.0171087478617036,0.0165991749456884
2024-09-20,134,0.00970526154677653,0.00948575908489868
2024-09-20,135,0.0155127021796,0.0147585891854307
2024-09-20,136,0.0245705288359321,0.0258232255252047
2024-09-20,137,0.0069960454677771,0.00696240433925333
2024-09-20,138,0.00673575715630648,0.00745201016389796
2024-09-20,139,0.0317915707883669,0.0303323215067373
2024-09-20,140,0.0265419831385358,0.0274719508369845
2024-09-20,141,0.0161213197324033,0.0162584055230734
2024-09-20,142,0.0278518438487572,0.0288254841601541
2024-09-20,143,0.0269325657802613,0.0275172536965913
2024-09-20,144,0.0277476115790281,0.0279787497959711
2024-09-21,2,0.00868326032564948,0.00738974946962045
2024-09-21,3,0.0117241966658339,0.0103998867207311
2024-09-21,4,-0.00486214619195557,-0.0061064131905253
2024-09-21,5,0.018860168214891,0.0173596031721335
2024-09-21,6,0.0169841190767759,0.0175256013891625
2024-09-21,7,0.002240056495455,-5.77993539261357e-05
2024-09-21,8,0.0199079858606437,0.0184790353845807
2024-09-21,9,0.0123132426185801,0.0101026636603248
2024-09-21,10,0.00261421172460352,0.00234101217815486
2024-09-21,11,0.0129608435890596,0.010510405125256
2024-09-21,12,0.0257179613137621,0.0281086750046393
2024-09-21,13,0.0195727946871651,0.0272093734405905
2024-09-21,14,0.0301245494420339,0.0378663802666566
2024-09-21,15,0.00178858269313942,0.00900626978089392
2024-09-21,16,0.0107630971854675,0.0192386863238143
2024-09-21,17,0.00549549385510506,0.0126864440782759
2024-09-21,18,0.00290523589393032,0.011350368814246
2024-09-21,19,-0.0121127908677945,-0.00365350002506837
2024-09-21,20,-0.00126894699245916,0.00519273674470444
2024-09-21,21,-0.0084122564412139,-0.000563705202726972
2024-09-21,22,-0.0103631256837495,-0.0023551612760242
2024-09-21,23,-0.0289209833986224,-0.0218676079853566
2024-09-21,24,-0.0086311986300025,-0.000606795482735123
2024-09-21,25,0.00034464278596591,0.00617471542627701
2024-09-21,26,-0.00364337819172089,0.000406461989349793
2024-09-21,27,0.0221868122640974,0.0225018889749933
2024-09-21,28,-0.0171733772700353,-0.0144446078397857
2024-09-21,29,-0.00780511796071259,-0.00397521320759342
2024-09-21,30,-0.000441430382871921,0.00291081706827523
2024-09-21,31,-0.0106389763941319,-0.0100632321884149
2024-09-21,32,-0.0036852283495632,0.000154949838652385
2024-09-21,33,0.0380612445151423,0.0376709543597125
2024-09-21,34,-0.00176118722279295,-0.000128082253199935
2024-09-21,35,-0.0403245586771801,-0.0361836702664071
2024-09-21,36,0.0753555978000602,0.073767332154473
2024-09-21,37,-0.0162226840776256,-0.00977436815295185
2024-09-21,38,-0.00103633819735816,0.00018883080637
2024-09-21,39,0.00440002220048807,0.0078583744977827
2024-09-21,40,0.0437267812256081,0.0414354432549375
2024-09-21,41,-0.0262496055240327,-0.023392504356381
2024-09-21,42,0.0304679648757817,0.0330240342732511
2024-09-21,43,0.0638765627191775,0.0646941027515373
2024-09-21,44,0.0447625625423544,0.0466131125173064
2024-09-21,45,-0.019193903457416,-0.0149962025737755
2024-09-21,46,-0.0181386217604285,-0.0152189997995658
2024-09-21,47,0.0398076086907997,0.041260282905891
2024-09-21,48,0.114556132822148,0.114689416729376
2024-09-21,49,-0.0104928143512533,-0.00923354659688957
2024-09-21,50,-0.0247499859745233,-0.0208738345263146
2024-09-21,51,-0.0177332467972731,-0.0167376662290444
2024-09-21,52,0.0232374751430973,0.0245209996847091
2024-09-21,53,-0.026114275670845,-0.0274559463147019
2024-09-21,54,0.056918854994362,0.0578548079432171
2024-09-21,55,0.108404023342272,0.106940763763885
2024-09-21,56,0.0723155626672645,0.0725544784641308
2024-09-21,57,-0.0577302747590256,-0.0551214113863354
2024-09-21,58,0.0259933718651277,0.0274387315727562
2024-09-21,59,0.00705848459912772,0.00794843800221656
2024-09-21,60,0.118889487461792,0.119872917295069
2024-09-21,61,-0.0255769056128168,-0.0252127617356734
2024-09-21,62,0.0904895579460581,0.0934928871675176
2024-09-21,63,0.0420034524717563,0.0447427394292266
2024-09-21,64,-0.168843865177522,-0.163112683182973
2024-09-21,65,-0.0538938416408747,-0.0523086981151799
2024-09-21,66,-0.0281792321804639,-0.0300926740060623
2024-09-21,67,-0.030519045615355,-0.0339616225352284
2024-09-21,68,-0.0218084164218375,-0.025961325926616
2024-09-21,69,-0.0352931411762718,-0.0380957241220319
2024-09-21,70,-0.0641516195957754,-0.0651768190094995
2024-09-21,71,-0.0337602820322296,-0.0347236509044953
2024-09-21,72,-0.0569846145590764,-0.0603389251972448
2024-09-21,73,-0.0410175180294079,-0.0459046132954555
2024-09-21,74,-0.0212435121389554,-0.0262947975690304
2024-09-21,75,-0.0336497527922841,-0.0398402198147849
2024-09-21,76,-0.0159016092838167,-0.0208576500252065
2024-09-21,77,-0.0140446428498837,-0.020867838586935
2024-09-21,78,-0.0296155118780677,-0.0370457463789977
2024-09-21,79,0.00341422111977341,-0.001949082255984
2024-09-21,80,-0.00946460175014963,-0.0165253177973899
2024-09-21,81,-0.0144243704212279,-0.0205985134035922
2024-09-21,82,0.00029937691472437,-0.00665377629796637
2024-09-21,83,-0.00759785905136834,-0.0127474231278226
2024-09-21,84,-0.00859092158563435,-0.0134812423757493
2024-09-21,85,-0.00817143459237535,-0.00488336181488869
2024-09-21,86,-0.0303995906877113,-0.0276144840028918
2024-09-21,87,-0.03471881236465,-0.0331703870327429
2024-09-21,88,-0.0161553526289362,-0.0137157056993553
2024-09-21,89,-0.027386498972553,-0.0256826194724349
2024-09-21,90,-0.0428811982043298,-0.0432610259960802
2024-09-21,91,-0.030397178281758,-0.0300893798785173
2024-09-21,92,-0.027826922795378,-0.026152420012731
2024-09-21,93,-0.0299971694305006,-0.0302171467281882
2024-09-21,94,-0.0312112019442408,-0.0307548915962572
2024-09-21,95,-0.0280140933093795,-0.0270043995775859
2024-09-21,96,-0.0348605549200238,-0.0356478719396476
2024-09-21,97,-0.0377449382904791,-0.0383072248698104
2024-09-21,98,0.00417616675431809,0.00335596348748801
2024-09-21,99,-0.0315956112918148,-0.032236837640351
2024-09-21,100,-0.0227610245756731,-0.0231899455726756
2024-09-21,101,-0.00686051390152898,-0.00692859584246808
2024-09-21,102,-0.00638530233913848,-0.00626885867803839
2024-09-21,103,-0.00422756059705875,-0.00438635788995789
2024-09-21,104,-0.0159267085257824,-0.0163168241498344
2024-09-21,105,-0.0206739317219018,-0.0195247593648009
2024-09-21,106,-0.00970163867060769,-0.00923936559155436
2024-09-21,107,-0.00843599487352176,-0.00840547798054558
2024-09-21,108,0.010947454286387,0.0118558542165781
2024-09-21,109,-0.00113214517647187,-0.000350756054700696
2024-09-21,110,0.00615508021464528,0.00780230343530519
2024-09-21,111,-0.00154227707172083,-0.0023423216476397
2024-09-21,112,0.00142900642471666,0.00237601039390167
2024-09-21,113,0.000980203436237836,0.00194456521123154
2024-09-21,114,-0.00643898807870169,-0.00681297633318945
2024-09-21,115,0.0174342135149033,0.0186788744350581
2024-09-21,116,-0.0055392415947173,-0.00666125751345348
2024-09-21,117,0.00482166280255836,0.00404257769978766
2024-09-21,118,-0.00381609506822578,-0.003189699547125
2024-09-21,119,0.00193214841523925,0.00101372076767436
2024-09-21,120,0.00399872674979473,0.00404462889494184
2024-09-21,121,0.0129103963515886,0.0124673344386466
2024-09-21,122,-0.000911667309170028,-0.000765710141013898
2024-09-21,123,-0.00684022263662154,-0.00815153868555907
2024-09-21,124,0.0166420789441029,0.016455294902709
2024-09-21,125,0.0249275815988836,0.0245253946960755
2024-09-21,126,0.00481125247199277,0.00515346589050303
2024-09-21,127,0.000621554430048299,0.000844986364517908
2024-09-21,128,0.000290035120981358,-0.000215217107766286
2024-09-21,129,0.0185513938639525,0.0174483303964461
2024-09-21,130,0.0032948734004643,0.00283116590653876
2024-09-21,131,0.00619149334162472,0.00468406098233309
2024-09-21,132,0.0208802460495816,0.0211779513006141
2024-09-21,133,0.00605673456616884,0.00417637462032783
2024-09-21,134,0.0105079323835557,0.0104215800627108
2024-09-21,135,0.0130527375337559,0.011967145616528
2024-09-21,136,0.0135568950493843,0.0129220000787234
2024-09-21,137,0.00540251061048824,0.00336687555187254
2024-09-21,138,0.0324521315529909,0.0331195713273509
2024-09-21,139,0.00575752111069061,0.00434650284356142
2024-09-21,140,0.00919724119297616,0.00802016540785377
2024-09-21,141,0.0215320594512143,0.0193377349546351
2024-09-21,142,0.00638680050057161,0.00623417380254399
2024-09-21,143,0.0169298127162651,0.0155822445226503
2024-09-21,144,0.0173872628974863,0.0155128482239881
2024-09-22,2,0.0373014259642392,0.0369955874612069
2024-09-22,3,0.01516735943106,0.0131320731654707
2024-09-22,4,0.0109770532779887,0.00977303841694432
2024-09-22,5,0.0296325647757412,0.0278520238884523
2024-09-22,6,0.0174751398546542,0.014330229895207
2024-09-22,7,0.0219146316896843,0.0201145896129695
2024-09-22,8,0.0112310123654078,0.00943286303990565
2024-09-22,9,0.0298126254179065,0.0265014991505712
2024-09-22,10,0.0286535031983686,0.027776929846957
2024-09-22,11,0.004951329530547,0.00215319943532144
2024-09-22,12,0.0289946914586743,0.0294018007819696
2024-09-22,13,0.0342982152484259,0.0391300479309127
2024-09-22,14,0.0184544183620599,0.0248039878582773
2024-09-22,15,0.0313701774598663,0.0390041207669292
2024-09-22,16,0.00946936676322707,0.0161063972547764
2024-09-22,17,0.030555240526347,0.0388505456723438
2024-09-22,18,0.0116210009822204,0.0195767157401194
2024-09-22,19,-0.00298769446500646,0.00390696946504576
2024-09-22,20,0.00177426600828756,0.00853190104797186
2024-09-22,21,0.012329058703779,0.0205252198070642
2024-09-22,22,-0.0149580651107817,-0.00674653603331876
2024-09-22,23,0.00349232618026196,0.01149407981013
2024-09-22,24,-0.00572140793873199,0.00374272447359392
2024-09-22,25,-0.00124948118185308,0.00557890545268602
2024-09-22,26,0.00222909518008052,0.00565799019812729
2024-09-22,27,0.0271641204169883,0.0318396961489853
2024-09-22,28,0.00140711762892565,0.00670272779330894
2024-09-22,29,-0.00423778162237465,-0.000493182770882505
2024-09-22,30,-0.000134924899930056,0.00364463631673306
2024-09-22,31,-0.0332298805844164,-0.0313182636522873
2024-09-22,32,-0.000822098349609668,0.000783377931059981
2024-09-22,33,0.0432850367888218,0.0449960692316687
2024-09-22,34,-0.0201399516658798,-0.0174717804627749
2024-09-22,35,-0.0424740038807396,-0.0422899701293922
2024-09-22,36,0.0570759384567552,0.0578313872620919
2024-09-22,37,-0.0319063814489873,-0.0298513939597491
2024-09-22,38,-0.0231297470236811,-0.0222288157833912
2024-09-22,39,0.025480210615858,0.0268787929034531
2024-09-22,40,0.0241869828350225,0.0237779754529175
2024-09-22,41,0.00201628316697189,0.00156867499477009
2024-09-22,42,-0.00928807941967236,-0.00865051773186387
2024-09-22,43,0.0593191071457682,0.0602165696463706
2024-09-22,44,0.0100657039825567,0.00961793137846723
2024-09-22,45,-0.0215130214333996,-0.0207240253361975
2024-09-22,46,0.012287379113479,0.0144477964669179
2024-09-22,47,0.016743994249051,0.0175626044113297
2024-09-22,48,0.0607663565058827,0.0594566750759693
2024-09-22,49,-0.010134219360336,-0.0108363452714206
2024-09-22,50,0.00846918454011902,0.0100372727138449
2024-09-22,51,-0.0093482559197593,-0.00925870828472863
2024-09-22,52,0.00529162225652691,0.00470135784139725
2024-09-22,53,0.00133299008570731,0.00118510477256528
2024-09-22,54,0.0448545179531319,0.0422806027587468
2024-09-22,55,0.0821679790709844,0.0812577633754419
2024-09-22,56,0.0682520637061419,0.0644714628120422
2024-09-22,57,-0.0432759649655843,-0.0416710313582218
2024-09-22,58,0.031334341119206,0.0314207685737848
2024-09-22,59,0.0328912103690779,0.0341809698984621
2024-09-22,60,0.0580210949847251,0.056761819261756
2024-09-22,61,0.0083026120422609,0.00800698967406
2024-09-22,62,0.0629293396719621,0.0627519062706847
2024-09-22,63,0.0123828732214912,0.0135264945785725
2024-09-22,64,-0.152576167070026,-0.148593228012049
2024-09-22,65,-0.031571314534669,-0.0322225774192484
2024-09-22,66,-0.0303836390996528,-0.0328126690512995
2024-09-22,67,-0.0199395213823079,-0.0216786913293641
2024-09-22,68,-0.0208735279260797,-0.0242178206760206
2024-09-22,69,-0.0459652956967105,-0.0477419565032458
2024-09-22,70,-0.0523596121154295,-0.0528958133083819
2024-09-22,71,-0.0495982858724755,-0.0501879746038831
2024-09-22,72,-0.0449679801042642,-0.0491797791447688
2024-09-22,73,-0.0344498353215252,-0.0381392084353296
2024-09-22,74,-0.0340749490088887,-0.0400594747378413
2024-09-22,75,-0.005735765000078,-0.0105896153101233
2024-09-22,76,-0.0249110559504953,-0.0309039922909244
2024-09-22,77,-0.0203069025241485,-0.0267198922611538
2024-09-22,78,-0.0106554045106231,-0.0167207500277131
2024-09-22,79,0.00577442107413795,0.000428545187808105
2024-09-22,80,-0.011056349105881,-0.017292247670758
2024-09-22,81,-0.00477601329603417,-0.00990088728141636
2024-09-22,82,-0.00344208577540162,-0.00946384312457127
2024-09-22,83,0.00199496850075143,-0.00451893362652278
2024-09-22,84,-0.000724517670248837,-0.00261063084266233
2024-09-22,85,-0.00850370781134124,-0.0058061401920142
2024-09-22,86,-0.0238834154333043,-0.0219166449201058
2024-09-22,87,-0.0265845383668797,-0.0244789106656897
2024-09-22,88,-0.0297350482242944,-0.0288544696800637
2024-09-22,89,-0.0205640629202248,-0.0183997091516446
2024-09-22,90,-0.0263573414097005,-0.0255266279185689
2024-09-22,91,-0.0240074546771902,-0.0221805199761995
2024-09-22,92,-0.0491165410122525,-0.0493610902537664
2024-09-22,93,-0.023766595251308,-0.023166083983555
2024-09-22,94,-0.0158585129710485,-0.0165019103947479
2024-09-22,95,-0.0304353592337154,-0.0309243565600026
2024-09-22,96,-0.0145191128404107,-0.0144206454247797
2024-09-22,97,-0.0272806910633152,-0.0274653735691777
2024-09-22,98,-0.028381096203911,-0.0286577284235241
2024-09-22,99,-0.0172143234986457,-0.0168765513296467
2024-09-22,100,-0.0210552619711315,-0.0218691650838245
2024-09-22,101,-0.00620607737509715,-0.0050258489270707
2024-09-22,102,-0.0206518563451432,-0.0206467534578438
2024-09-22,103,-0.0118930295067781,-0.0111425861767405
2024-09-22,104,-0.0137248854950638,-0.012257225034392
2024-09-22,105,-0.0164900329488384,-0.0166340296358385
2024-09-22,106,-0.0110900092236195,-0.0113308466685895
2024-09-22,107,-0.00986399806851779,-0.00885727115242219
2024-09-22,108,-0.0176300018802413,-0.017502733690657
2024-09-22,109,0.0104469623217369,0.0116878187144849
2024-09-22,110,-0.0156770788198992,-0.0147157782618956
2024-09-22,111,0.00190856643346216,0.00232407203260365
2024-09-22,112,-0.0126572732023522,-0.0129902982000329
2024-09-22,113,-0.00652313062224241,-0.00652835886777581
2024-09-22,114,-0.0206285974032552,-0.0219238834614561
2024-09-22,115,0.0025562399050516,0.00237882691402103
2024-09-22,116,-0.00945561971170328,-0.010831769967055
2024-09-22,117,-0.00058292558350459,-0.000298896630027912
2024-09-22,118,0.00261012326132626,0.0016261980493173
2024-09-22,119,-0.00282211686681766,-0.00291420780976281
2024-09-22,120,0.00267633797051392,0.00208289257564154
2024-09-22,121,0.00176105418819983,0.0015992671368803
2024-09-22,122,-0.0225097930910625,-0.0247738071294297
2024-09-22,123,0.0145213381655482,0.014150235790467
2024-09-22,124,-0.0131892384133412,-0.0129943960429131
2024-09-22,125,-0.0146664052627852,-0.0163842306187023
2024-09-22,126,0.022032537308851,0.0210362707404457
2024-09-22,127,-0.0162951728504783,-0.0170471045555658
2024-09-22,128,0.0175031181129839,0.0173403763522559
2024-09-22,129,-0.00166772200472121,-0.00300993466634303
2024-09-22,130,0.00876584704765193,0.00780969072114956
2024-09-22,131,0.00743153753132564,0.00651049090912181
2024-09-22,132,-0.00838388517993494,-0.00849071900938458
2024-09-22,133,0.0168499434400857,0.0152293565137285
2024-09-22,134,-0.00455730213719097,-0.00600861988292323
2024-09-22,135,0.0140252926180553,0.0124641304396373
2024-09-22,136,0.00216308922238184,0.00108039796056847
2024-09-22,137,0.00935194641546655,0.0073209166703494
2024-09-22,138,-0.00512525832959021,-0.00705530062405124
2024-09-22,139,0.002446711130486,0.00114016209353007
2024-09-22,140,0.0150419454896706,0.0115642057822445
2024-09-22,141,-0.00378233147245499,-0.0044498160241071
2024-09-22,142,0.00689902767554251,0.00552199621030969
2024-09-22,143,-0.00313748296670013,-0.00630787525430065
2024-09-22,144,0.0166868246854479,0.0152277849790305
2024-09-23,2,0.0200474120853098,0.0188312459948685
2024-09-23,3,0.00180407256770909,-0.0012127940446458
2024-09-23,4,0.00305041250834126,-8.25309006913244e-07
2024-09-23,5,0.01978210203053,0.0175718864772199
2024-09-23,6,0.00913409171294788,0.00699979296323328
2024-09-23,7,0.00922507541215545,0.00563311295864555
2024-09-23,8,0.0143389798423197,0.0135490265227043
2024-09-23,9,0.0171210344221358,0.0139080578815118
2024-09-23,10,0.00354594816033327,-6.22972241188791e-05
2024-09-23,11,0.0287670229113104,0.0251392880803456
2024-09-23,12,0.00859083808027172,0.00772850645232293
2024-09-23,13,0.0171873469185275,0.025092935685378
2024-09-23,14,0.0237018976101879,0.0319605474637346
2024-09-23,15,0.0210412153017376,0.0297204909888666
2024-09-23,16,0.0181626380460145,0.0248335433567988
2024-09-23,17,0.0501803251326223,0.0574439800382285
2024-09-23,18,0.0319846511958986,0.042067970012611
2024-09-23,19,0.0112747626952334,0.0214324224420768
2024-09-23,20,0.0261985805489271,0.0363878338039978
2024-09-23,21,0.0125103700890437,0.020834474807967
2024-09-23,22,0.0158548326936536,0.028785742979025
2024-09-23,23,0.00201516740237739,0.0132615966619367
2024-09-23,24,0.00789016056003966,0.0183924742296151
2024-09-23,25,0.0275856241501033,0.0375191836598425
2024-09-23,26,0.0209278193303151,0.0258720295690598
2024-09-23,27,0.0241197278358216,0.0321290760849795
2024-09-23,28,-0.00967470853714314,-0.000878924556517724
2024-09-23,29,0.0102267064062316,0.018094002375304
2024-09-23,30,0.0272199883502049,0.0339944543388802
2024-09-23,31,0.0117183012313244,0.0144353775164818
2024-09-23,32,0.0132943466247797,0.0182799070902844
2024-09-23,33,-0.000913347961911448,0.00692375212047658
2024-09-23,34,-0.036161904263273,-0.0293857483288846
2024-09-23,35,-0.00841913556105123,0.000118237055795944
2024-09-23,36,-0.0288903107258163,-0.0225383185454273
2024-09-23,37,-0.0366773097111226,-0.02850488279309
2024-09-23,38,-0.00956664329070644,-0.00495282785269158
2024-09-23,39,-0.0190002378030938,-0.014289137731577
2024-09-23,40,0.0201577304288216,0.0216520392367512
2024-09-23,41,-0.0147837627668208,-0.0123320420147195
2024-09-23,42,-0.0244378995471912,-0.0238177999035489
2024-09-23,43,-0.0157934076292445,-0.0163836282414227
2024-09-23,44,-0.0220600694389228,-0.020366879531716
2024-09-23,45,-0.0157072513510785,-0.0134312301531372
2024-09-23,46,-0.00993264340709654,-0.0106225625725314
2024-09-23,47,-0.0358223254175556,-0.037348778314314
2024-09-23,48,0.0536587037739418,0.0525608544004781
2024-09-23,49,-0.0538732719992829,-0.0547745324545312
2024-09-23,50,-0.0334101321491449,-0.0342903629546853
2024-09-23,51,0.0212710010889907,0.0216222832684334
2024-09-23,52,-0.0454549173079872,-0.047865180961181
2024-09-23,53,-0.011257729254484,-0.0120278027553908
2024-09-23,54,0.00263721194347522,0.000845298284647633
2024-09-23,55,0.0311043366752868,0.0264483085763505
2024-09-23,56,0.0179022980684813,0.0150507035997238
2024-09-23,57,-0.0373646701210912,-0.0378075622672904
2024-09-23,58,0.00231984337778002,0.000282634946211502
2024-09-23,59,0.00424245014032376,0.00165569440051172
2024-09-23,60,0.00506432199893059,0.00225902977459214
2024-09-23,61,0.00352110711643849,0.00252832880544318
2024-09-23,62,0.0441342143367356,0.0424155819362273
2024-09-23,63,-0.0385416983720459,-0.0399666799300302
2024-09-23,64,-0.102214770193934,-0.100779997456587
2024-09-23,65,-0.0107637200489119,-0.0134359042881576
2024-09-23,66,-0.00280529302825006,-0.0067611250319688
2024-09-23,67,-0.0146381770024693,-0.0169981620262432
2024-09-23,68,0.0102147948813842,0.0080350990068121
2024-09-23,69,-0.0143784315293187,-0.0179398034102949
2024-09-23,70,-0.0500523761453122,-0.0525278309373292
2024-09-23,71,-0.00761380015578883,-0.0120294076152518
2024-09-23,72,0.0158497607785399,0.0117614905494987
2024-09-23,73,-0.00736633320860491,-0.0147935744934511
2024-09-23,74,0.031246275710382,0.0254346590726389
2024-09-23,75,0.0150808338813393,0.00723050609880715
2024-09-23,76,0.0287369675273137,0.0217619191499567
2024-09-23,77,0.0226086122328484,0.0177152697322649
2024-09-23,78,-0.0125123248919508,-0.0183557793916487
2024-09-23,79,-0.0176015132150518,-0.0231129075698338
2024-09-23,80,-0.012345120464424,-0.0192050816361098
2024-09-23,81,-0.00456297590039956,-0.0117346592440164
2024-09-23,82,-0.00718653408186576,-0.0146515460198424
2024-09-23,83,-0.00621564003034347,-0.0130772121281462
2024-09-23,84,-0.000959741925537827,-0.00172729048891007
2024-09-23,85,-0.0127057225061318,-0.0105238265535554
2024-09-23,86,-0.0152642574095889,-0.0123123028479393
2024-09-23,87,-0.0241286881514977,-0.0223433171436485
2024-09-23,88,-0.0252187960241388,-0.0238230781619091
2024-09-23,89,-0.035838727566496,-0.0335250964531966
2024-09-23,90,-0.019730505467205,-0.0182123464396557
2024-09-23,91,-0.0307367204784423,-0.0305951360463173
2024-09-23,92,-0.0211404909481248,-0.021171817494154
2024-09-23,93,-0.0362345638249044,-0.0355581437282053
2024-09-23,94,-0.0332129114696142,-0.0332411436479045
2024-09-23,95,-0.0175879261557368,-0.0177809993451001
2024-09-23,96,-0.010351178715192,-0.0109026749482313
2024-09-23,97,-0.0257950223669852,-0.0254176192947995
2024-09-23,98,-0.0316505024814235,-0.0321784597953529
2024-09-23,99,-0.02625003605419,-0.0273567563819483
2024-09-23,100,-0.0138566894239194,-0.0133836690246838
2024-09-23,101,-0.0276429961586047,-0.0267680742658678
2024-09-23,102,-0.0152833254737148,-0.0162202499889208
2024-09-23,103,-0.0113765303086941,-0.0118001507194201
2024-09-23,104,-0.0180752561434439,-0.0184008599207752
2024-09-23,105,-0.0112490800544167,-0.0111644549761838
2024-09-23,106,-0.0194195240549835,-0.0197544334557227
2024-09-23,107,-0.0034906305344995,-0.00228629664657287
2024-09-23,108,-0.0145410603282219,-0.013299293337365
2024-09-23,109,-0.00173166867724817,-0.00143147776502239
2024-09-23,110,-0.00985069261238536,-0.00866527860399291
2024-09-23,111,-0.00627027606684116,-0.00515017926971328
2024-09-23,112,-0.000145637802370757,-0.000755923024430061
2024-09-23,113,-7.12834647407234e-05,0.000312779192314316
2024-09-23,114,-0.00997073302173757,-0.0100323395535256
2024-09-23,115,-0.0106071830357122,-0.0107355522850137
2024-09-23,116,0.00808934283646234,0.00953732309690913
2024-09-23,117,-0.00671042806898914,-0.00815711714118894
2024-09-23,118,-0.016512525948051,-0.0183714044109511
2024-09-23,119,0.0136315500975517,0.013331444681536
2024-09-23,120,-0.0102821204012971,-0.0111997259522685
2024-09-23,121,0.00684105896137144,0.00744236605037685
2024-09-23,122,-0.019653665398919,-0.021092903010917
2024-09-23,123,0.00655856789059683,0.00567824188783828
2024-09-23,124,0.00461055876731731,0.0034335346169021
2024-09-23,125,0.00371679182577633,0.00347794123762402
2024-09-23,126,0.00878178185209588,0.00809619928557925
2024-09-23,127,-0.00343256039663764,-0.00496206829527512
2024-09-23,128,0.00880916332845061,0.00852838375178955
2024-09-23,129,-0.00051048399367648,-0.00124862264153247
2024-09-23,130,0.0147672181272531,0.0139559856523519
2024-09-23,131,-0.0057084576968709,-0.00731542852459555
2024-09-23,132,0.0132800214946363,0.0119655208735869
2024-09-23,133,-0.013989093730598,-0.0165600909777215
2024-09-23,134,0.0119057976719388,0.0104764006999378
2024-09-23,135,0.00763149457755219,0.00670086060578967
2024-09-23,136,0.00205772757661471,0.00108914223896317
2024-09-23,137,0.00155802965709828,-0.000841665134624137
2024-09-23,138,0.000851053169951044,-0.00158867948575825
2024-09-23,139,0.024247877004254,0.0244443895277051
2024-09-23,140,0.00613847669528678,0.00332286407357874
2024-09-23,141,0.0162944037707566,0.0161969808194504
2024-09-23,142,-0.000864786723138167,-0.0041749094501089
2024-09-23,143,0.000318923979321539,-0.000781953741801011
2024-09-23,144,0.0294478418119146,0.0290568738211219
2024-09-24,2,0.026644505012583,0.0234957259939153
2024-09-24,3,0.019167863786171,0.0177201420237054
2024-09-24,4,0.0146836235890833,0.0106357901000997
2024-09-24,5,0.0265543389087322,0.0249986704135603
2024-09-24,6,0.0197239656397539,0.016433836067633
2024-09-24,7,0.0249438021393367,0.0228737405158874
2024-09-24,8,0.0256594195531203,0.0231441684627676
2024-09-24,9,0.0287420160682634,0.0257945722817956
2024-09-24,10,0.0134796732236691,0.00920492791614436
2024-09-24,11,0.0312255351700603,0.0285941727402328
2024-09-24,12,0.0274447595039478,0.024961348569609
2024-09-24,13,0.0390905072608687,0.0452185002136787
2024-09-24,14,0.0227605609552093,0.0283166563875872
2024-09-24,15,0.0294071463304277,0.0373148240343948
2024-09-24,16,0.0108143011756114,0.0181799144239791
2024-09-24,17,0.0217263878092879,0.0305677532518986
2024-09-24,18,0.0196406796491599,0.0294937796768808
2024-09-24,19,0.00460044414414096,0.0134282423405114
2024-09-24,20,-0.0117732339866636,-0.00323990897302817
2024-09-24,21,0.0113983543631155,0.022763128649542
2024-09-24,22,-0.000743012035540502,0.0103524508755486
2024-09-24,23,-0.0234208460268297,-0.0130664708087513
2024-09-24,24,-0.00904299073595904,0.00316996589337393
2024-09-24,25,0.00246993368233639,0.0120309930779019
2024-09-24,26,0.0184659629487145,0.0273402799258253
2024-09-24,27,0.0346870242634658,0.0405158400514285
2024-09-24,28,0.00888149560420715,0.0167883356952894
2024-09-24,29,0.00179745074902016,0.00833863447955885
2024-09-24,30,-0.0144266608325507,-0.00834241189608154
2024-09-24,31,0.0108659876095514,0.0183129676114371
2024-09-24,32,0.0093017428143165,0.0138697264772336
2024-09-24,33,0.0179294237006342,0.0221992882225361
2024-09-24,34,-0.000955723603089709,0.00356564177574459
2024-09-24,35,0.00731035459358509,0.0111544829241721
2024-09-24,36,0.0397647428908732,0.0446894397836592
2024-09-24,37,-0.0108041839455,-0.00706998029649775
2024-09-24,38,-0.0383440322773669,-0.0350876026561968
2024-09-24,39,0.0270471458310553,0.0300617459703272
2024-09-24,40,0.0395033926313042,0.0412556419313521
2024-09-24,41,0.0347922668576697,0.0366412523073949
2024-09-24,42,-0.0156667726813025,-0.013981575798681
2024-09-24,43,0.0434890150670899,0.0458179657649538
2024-09-24,44,0.0120061612475704,0.0126709264557316
2024-09-24,45,-0.0136221964292584,-0.0123955763055621
2024-09-24,46,0.0165181781940982,0.01927832449742
2024-09-24,47,0.0412423764898229,0.042752383495154
2024-09-24,48,0.0492713792350399,0.048972530051568
2024-09-24,49,-0.0195197226593864,-0.0194778316502404
2024-09-24,50,0.0121850967438455,0.0114541662523626
2024-09-24,51,0.0352000096175349,0.0371072376945136
2024-09-24,52,-0.000155100863773683,-0.0019241640668799
2024-09-24,53,0.0206322871270768,0.0205677567351668
2024-09-24,54,0.0307627202349199,0.0283023099792539
2024-09-24,55,0.0638683682623684,0.0615636698007869
2024-09-24,56,0.0384578861624219,0.0345319167051308
2024-09-24,57,-0.0208186198893303,-0.0224864474035202
2024-09-24,58,0.0746736925385374,0.0734867421260148
2024-09-24,59,0.00167968645515781,-0.00201717427158954
2024-09-24,60,0.0457157649955171,0.0462785455941059
2024-09-24,61,0.0250776466569027,0.0213821456244601
2024-09-24,62,0.0302217564645915,0.0293001970658846
2024-09-24,63,-0.0831408886952598,-0.0839099914430399
2024-09-24,64,-0.074943466647837,-0.0747371670901842
2024-09-24,65,-0.0387603963000585,-0.0402245178839653
2024-09-24,66,-0.0247975729112717,-0.0269775254979816
2024-09-24,67,-0.0350554594613914,-0.0379069593114112
2024-09-24,68,-0.0179101562803075,-0.020648797530197
2024-09-24,69,-0.0627500143869737,-0.0662346834139171
2024-09-24,70,-0.069449509735299,-0.070125713014944
2024-09-24,71,-0.0702520306740642,-0.0739597851503007
2024-09-24,72,-0.0329196822326656,-0.0353287221552252
2024-09-24,73,-0.0491826856470325,-0.054980410716869
2024-09-24,74,-0.0282000987186271,-0.0336095351133059
2024-09-24,75,-0.0346486047057963,-0.0410547853792149
2024-09-24,76,-0.0244512933485019,-0.0316219548497152
2024-09-24,77,-0.0210978275075169,-0.0282235829572892
2024-09-24,78,-0.0147298575236841,-0.0214360895954515
2024-09-24,79,-0.0289067149543962,-0.0366368015264023
2024-09-24,80,-0.0204299295779506,-0.0295991004427432
2024-09-24,81,0.0114203134630797,0.00407701709045849
2024-09-24,82,-0.0201315102687172,-0.0293265524150321
2024-09-24,83,-0.00169715930335368,-0.0107895606419417
2024-09-24,84,-0.00753866463442376,-0.00830012457047635
2024-09-24,85,-0.0173646069321638,-0.0162732633011333
2024-09-24,86,-0.0289642781810797,-0.0285264395145246
2024-09-24,87,-0.0323687264377277,-0.0318940357631052
2024-09-24,88,-0.0270564136577942,-0.0252471781453982
2024-09-24,89,-0.0261268885062651,-0.0246982117649388
2024-09-24,90,-0.027161790515585,-0.0253958851145777
2024-09-24,91,-0.0141555861138256,-0.0127748021543086
2024-09-24,92,-0.0408842370011482,-0.0391544190885362
2024-09-24,93,-0.0258190420027997,-0.024030062684977
2024-09-24,94,-0.0285390471257703,-0.0281874479584321
2024-09-24,95,-0.0173146971007769,-0.015640990909656
2024-09-24,96,-0.0201938752403978,-0.0185332154537439
2024-09-24,97,-0.0200155465986525,-0.0183622786690103
2024-09-24,98,-0.022095883670592,-0.0212405577665695
2024-09-24,99,-0.020546742054405,-0.0200431388528166
2024-09-24,100,-0.0208543788354669,-0.0193323096170577
2024-09-24,101,-0.0138198866275623,-0.0126976325776447
2024-09-24,102,-0.0106791220561675,-0.00817745663710756
2024-09-24,103,-0.0267347238571993,-0.026495237827227
2024-09-24,104,0.00646079305747893,0.00921935588793765
2024-09-24,105,-0.0189847214963041,-0.0185166542860431
2024-09-24,106,-0.00432972222768058,-0.00312962299484632
2024-09-24,107,-0.0131953188275729,-0.0110235728522206
2024-09-24,108,-0.00624279801533856,-0.00517217351822463
2024-09-24,109,-0.00686482549026923,-0.00477787781082739
2024-09-24,110,-0.0042920881059354,-0.00371850063307466
2024-09-24,111,-0.00624656167735793,-0.00500653376189764
2024-09-24,112,0.00113148077790726,0.00232390775703539
2024-09-24,113,-0.00308666059240714,-0.00189631369269883
2024-09-24,114,-0.00811939734543898,-0.00845377075154374
2024-09-24,115,-0.0164685196826113,-0.0150098063032171
2024-09-24,116,-0.00250739550726298,-0.00293869086852094
2024-09-24,117,-0.0073588896469623,-0.00785691961808599
2024-09-24,118,0.00554684531263216,0.00577228892872039
2024-09-24,119,-0.00813506660474772,-0.00865327638979441
2024-09-24,120,-0.0173794129340585,-0.0179361056694933
2024-09-24,121,0.00414127529465791,0.00387866109471435
2024-09-24,122,-0.00803091884896645,-0.00864618764073377
2024-09-24,123,-0.00503942905050359,-0.00499826825490679
2024-09-24,124,0.0113728426325057,0.0117735834774013
2024-09-24,125,-0.0347924818698635,-0.0363680073021646
2024-09-24,126,0.0182084518329626,0.0187993022366131
2024-09-24,127,0.00786031017967481,0.00734076277743956
2024-09-24,128,-0.000946379806542552,-0.000329466144526336
2024-09-24,129,0.0145987271604673,0.0147160271245825
2024-09-24,130,-0.0104386524347477,-0.0114767215642058
2024-09-24,131,0.0107051122530271,0.010371004539901
2024-09-24,132,-0.00415958699223129,-0.00454933300764804
2024-09-24,133,0.00441275313301848,0.00397915048554864
2024-09-24,134,0.00977840626789117,0.00855299966875656
2024-09-24,135,0.00459539364565131,0.00367229986422046
2024-09-24,136,-0.000481400102587237,-0.000984878710741377
2024-09-24,137,-0.00175329263694834,-0.00316844967239405
2024-09-24,138,0.0279469132224657,0.0273120010859227
2024-09-24,139,-0.00279713562979023,-0.00379235615299933
2024-09-24,140,0.00530738462098679,0.00421969554670998
2024-09-24,141,0.0059592783966842,0.00523515079988179
2024-09-24,142,0.00258611516578799,0.000993667787642316
2024-09-24,143,0.0155790535664231,0.0147704462510703
2024-09-24,144,0.0173420073427204,0.0164787671186826
2024-09-25,2,0.0212743504009287,0.0199208036801108
2024-09-25,3,0.0206026204022072,0.018771515796459
2024-09-25,4,0.0193024764848442,0.0178352052780575
2024-09-25,5,0.0249726877863017,0.0222350704134362
2024-09-25,6,0.0342391204670687,0.0338294420298277
2024-09-25,7,0.0217580849726522,0.0189144988620304
2024-09-25,8,0.0151877833667271,0.0122997933603921
2024-09-25,9,0.0364776948052494,0.0343400566332193
2024-09-25,10,0.0219269487882849,0.0189459749660781
2024-09-25,11,0.0209477698784655,0.0179197452614153
2024-09-25,12,0.0277666368676641,0.0246966920720979
2024-09-25,13,0.0360106697349369,0.041795287665475
2024-09-25,14,0.0258457346993435,0.0337368329232453
2024-09-25,15,0.0229456134013324,0.0314420778916107
2024-09-25,16,0.0268596628315914,0.0360353692064068
2024-09-25,17,0.0164507585780767,0.0255744639892894
2024-09-25,18,0.0208771382913859,0.0307065811350009
2024-09-25,19,0.000586244955457005,0.0115383170140753
2024-09-25,20,-0.00232105061642152,0.00881514297409236
2024-09-25,21,-0.00884322048551933,0.00129131695486429
2024-09-25,22,0.00826428836695658,0.0219832108076412
2024-09-25,23,-0.0175396736210285,-0.00579060470215254
2024-09-25,24,-0.0214406658087238,-0.00953441185523118
2024-09-25,25,0.00525972831757393,0.017255814748963
2024-09-25,26,0.0049519675132812,0.0131995069662354
2024-09-25,27,0.040815358518631,0.0495924234095888
2024-09-25,28,0.00252618598232957,0.00987415993183482
2024-09-25,29,0.0113813044948525,0.0209653930738325
2024-09-25,30,-0.0131438569359199,-0.00622194007723209
2024-09-25,31,-0.0024495366155044,0.00393049229408415
2024-09-25,32,0.0152529765114338,0.0228675531944607
2024-09-25,33,0.00364442428424994,0.00884261933915909
2024-09-25,34,0.00794773465044507,0.0128828408191755
2024-09-25,35,0.0181124953256484,0.0222632165361558
2024-09-25,36,0.022619450384453,0.025334523748862
2024-09-25,37,-0.00373318288084512,0.00045744670389869
2024-09-25,38,-0.0294263073768564,-0.0243423178933364
2024-09-25,39,0.0276905317691725,0.0300327280937109
2024-09-25,40,0.0541829071125584,0.0571432142674047
2024-09-25,41,0.0314631368536205,0.0311758044205979
2024-09-25,42,0.00829067444622478,0.0117523714948575
2024-09-25,43,0.0376584017064001,0.0399747890493387
2024-09-25,44,0.0246601982705394,0.0252485676166554
2024-09-25,45,-0.0175031907148027,-0.015122005965809
2024-09-25,46,0.0303484879898912,0.0333794991307927
2024-09-25,47,0.0301122139118286,0.0308903585851343
2024-09-25,48,0.0510393604630597,0.0512671155176871
2024-09-25,49,-0.016342084829537,-0.0177839347464719
2024-09-25,50,0.0157205683494821,0.0180921537151661
2024-09-25,51,0.0417238790864083,0.0413408393510419
2024-09-25,52,-0.0106700092980718,-0.013558676303953
2024-09-25,53,0.0410557971785224,0.0413034684758182
2024-09-25,54,0.0186672488266462,0.0180164460364338
2024-09-25,55,0.045877291055274,0.0429366241606974
2024-09-25,56,0.046561953150345,0.0446082943251946
2024-09-25,57,0.0173328148495129,0.0167742882060535
2024-09-25,58,0.0489876602671577,0.0468998468233446
2024-09-25,59,5.39601905380493e-06,-0.00183659621073406
2024-09-25,60,0.0276225723890988,0.026675367033075
2024-09-25,61,0.020125638468194,0.0193316469288423
2024-09-25,62,0.0236607274224445,0.0230996624708553
2024-09-25,63,-0.120017479342552,-0.118083067032887
2024-09-25,64,-0.052504266672825,-0.0517068980139754
2024-09-25,65,-0.040466089268941,-0.0395722261219156
2024-09-25,66,-0.0391487293959303,-0.0404041816430434
2024-09-25,67,-0.0202797690672396,-0.0210370936393502
2024-09-25,68,-0.0366264555467932,-0.0393170498685969
2024-09-25,69,-0.0777569066330219,-0.0786410481502857
2024-09-25,70,-0.0709216647227846,-0.0696545133875235
2024-09-25,71,-0.0657453925529223,-0.0671272095342275
2024-09-25,72,-0.0578983237720863,-0.0614122828444126
2024-09-25,73,-0.0302926337214888,-0.0345110342361874
2024-09-25,74,-0.0353035119868705,-0.0401111457240209
2024-09-25,75,-0.0373288771774085,-0.0433605435818052
2024-09-25,76,-0.026991786383439,-0.0345164696519724
2024-09-25,77,-0.018634669740444,-0.0251540643533001
2024-09-25,78,-0.0221701353929769,-0.0303269556829013
2024-09-25,79,-0.0138592105768267,-0.0217083868392001
2024-09-25,80,-0.00502412938266117,-0.013642951090532
2024-09-25,81,-0.0136916986954763,-0.0233694751003122
2024-09-25,82,-0.00188335395772832,-0.00987085456244152
2024-09-25,83,-0.00656738366650966,-0.014954608052137
2024-09-25,84,-0.0121307914749975,-0.0107578024986434
2024-09-25,85,-0.028088702870086,-0.0273588433755223
2024-09-25,86,-0.0248892497028055,-0.0230811499357633
2024-09-25,87,-0.0320899331528155,-0.0306319455407613
2024-09-25,88,-0.0135951222033777,-0.0107235322391013
2024-09-25,89,-0.0379407590490621,-0.0361112398215542
2024-09-25,90,-0.0261128363797534,-0.0246223854115732
2024-09-25,91,-0.0356247941028744,-0.0327492025509737
2024-09-25,92,-0.0111446051620749,-0.00758002540263147
2024-09-25,93,-0.0229266389040492,-0.0215045523876563
2024-09-25,94,-0.0207594091197221,-0.0187054274173715
2024-09-25,95,-0.0279440014898658,-0.0269232645169533
2024-09-25,96,-0.0199398334951044,-0.0179303363619052
2024-09-25,97,-0.023698664917466,-0.0227802306975735
2024-09-25,98,-0.0196330321991502,-0.0176940660936533
2024-09-25,99,-0.0161186917975424,-0.0146243255869405
2024-09-25,100,-0.0379648443569014,-0.037553115017384
2024-09-25,101,-0.00780737373080953,-0.00564379935443515
2024-09-25,102,-0.0216213520662469,-0.020962833728392
2024-09-25,103,-0.00642594732528856,-0.00477690096478778
2024-09-25,104,-0.0151873834709866,-0.0132241726877282
2024-09-25,105,-0.0146210227266774,-0.0134549544319693
2024-09-25,106,0.0112554055413501,0.0120286042546267
2024-09-25,107,-0.0120011862772795,-0.0099012781447092
2024-09-25,108,-0.00548189233794805,-0.00519713456010695
2024-09-25,109,-0.00317026223685435,-0.000487113119825189
2024-09-25,110,-0.015443029241057,-0.0156643530822853
2024-09-25,111,-0.0140354955603517,-0.0121592331309071
2024-09-25,112,0.00860274164322128,0.00899715941706525
2024-09-25,113,-0.00763671429362311,-0.00665850369140664
2024-09-25,114,0.00819267350512831,0.00883248516740753
2024-09-25,115,-0.0165198688370367,-0.0170955572780418
2024-09-25,116,0.00385608880082433,0.00507236735239758
2024-09-25,117,-0.012916921394253,-0.0146659877264579
2024-09-25,118,0.0117852635727109,0.0121727012100692
2024-09-25,119,0.00145593589413195,0.000300858434196805
2024-09-25,120,-0.00467453768061521,-0.00514126235690071
2024-09-25,121,-0.00921585964471117,-0.0107782652328332
2024-09-25,122,-0.00118706961269943,-0.00138618050122563
2024-09-25,123,0.00259830350464796,0.00157754833274648
2024-09-25,124,-0.000831863992552861,-0.00107590207993802
2024-09-25,125,0.0133204744692632,0.0126143966590471
2024-09-25,126,0.00528080042648327,0.00451836947082462
2024-09-25,127,-0.00504880760061965,-0.00582016742520608
2024-09-25,128,0.0025319352247255,0.000590304585400325
2024-09-25,129,-0.000766527484978852,-0.00129089447781094
2024-09-25,130,0.0020732327784776,0.000732009155790969
2024-09-25,131,0.00931827275913744,0.00909459893721376
2024-09-25,132,0.00307562485212287,0.000836012667523534
2024-09-25,133,0.00196832068571506,-0.000272255267687704
2024-09-25,134,0.0111292122596058,0.0091565641562239
2024-09-25,135,0.00322533547445758,0.00203643329390601
2024-09-25,136,0.00708407736508931,0.00427600249317273
2024-09-25,137,-0.0208721247562256,-0.0232641474973114
2024-09-25,138,0.038817715033244,0.0389988090777802
2024-09-25,139,-0.0206032010476624,-0.0242785765391327
2024-09-25,140,0.0132283283717056,0.0117682725302872
2024-09-25,141,0.023828840960185,0.0222948860199308
2024-09-25,142,0.0198839100437311,0.0176065210173943
2024-09-25,143,-0.00724214724934047,-0.00994300549003935
2024-09-25,144,0.0100779494661998,0.00805324899902615
2024-09-26,2,-0.0092976826605291,-0.0124702710485849
2024-09-26,3,0.00430857845040222,0.00319724884698758
2024-09-26,4,-0.00591197291803613,-0.00791589820531335
2024-09-26,5,-0.00178540912713743,-0.00473025740378308
2024-09-26,6,-0.001697443080654,-0.00379047214952166
2024-09-26,7,0.00433690751261739,0.00223498977412717
2024-09-26,8,-0.000365103815547663,-0.00249333308438882
2024-09-26,9,0.00725051565746959,0.00550191783820786
2024-09-26,10,-0.0127802067861484,-0.0162650538995885
2024-09-26,11,0.0259383164131437,0.0258073433299604
2024-09-26,12,0.00421641539457696,0.000678728022895037
2024-09-26,13,0.0162521905026916,0.021961673859817
2024-09-26,14,0.00878043757891156,0.0183593835465565
2024-09-26,15,-0.00283146099702059,0.00521759857597992
2024-09-26,16,0.026614488524257,0.0368127934209141
2024-09-26,17,0.0220834786640047,0.030557062512651
2024-09-26,18,0.055399669660531,0.0644605128823574
2024-09-26,19,0.000273062795967505,0.00938298092589918
2024-09-26,20,0.00421802288717732,0.0151518619590734
2024-09-26,21,-0.0116416044095855,-0.00135182236763143
2024-09-26,22,0.0300192636532381,0.0395788445322971
2024-09-26,23,0.0360311498982506,0.0464189041660674
2024-09-26,24,0.0278702823443711,0.0365329569599959
2024-09-26,25,0.0352676958103055,0.0451253524604365
2024-09-26,26,0.0435043880540222,0.0520815625199775
2024-09-26,27,-0.00632095067374028,-0.000308475448183465
2024-09-26,28,-0.00344291783691197,0.00621461841716275
2024-09-26,29,-0.00344305269301248,0.00583771549983325
2024-09-26,30,-0.00819629745348927,0.00083081958326936
2024-09-26,31,0.0202756836343623,0.0317048471787826
2024-09-26,32,-0.0274873026575309,-0.0195892100668491
2024-09-26,33,-0.0461092614837977,-0.0363669367309294
2024-09-26,34,-0.0135252731633981,-0.00356967806244324
2024-09-26,35,-0.0326456448310628,-0.0261322216553923
2024-09-26,36,0.00289763903624607,0.00532469284913439
2024-09-26,37,-0.0153861174574077,-0.0105975096491155
2024-09-26,38,-0.0190073192918305,-0.0162201273197313
2024-09-26,39,0.00795516525050477,0.00871864886204499
2024-09-26,40,0.0384236675806919,0.0376459887047256
2024-09-26,41,0.00316125440246928,0.00276624427250027
2024-09-26,42,-0.0159184617814896,-0.0134237241182653
2024-09-26,43,0.0346767737760194,0.0357468009709523
2024-09-26,44,0.000408005963648428,-5.81784788193929e-05
2024-09-26,45,-0.0213631446927289,-0.020645743605697
2024-09-26,46,0.0164524079637527,0.0171528251372957
2024-09-26,47,0.00776494009569539,0.00854165327932677
2024-09-26,48,0.0341582986501274,0.0316030250468398
2024-09-26,49,-0.00669953540441703,-0.00513118788452616
2024-09-26,50,-0.0084519478649252,-0.00908032474966269
2024-09-26,51,0.0333437265356284,0.0341176011168756
2024-09-26,52,-0.0193467409302892,-0.0205587641707714
2024-09-26,53,0.0151528588194632,0.0131800637933903
2024-09-26,54,0.0476595154760435,0.0437383663952451
2024-09-26,55,0.031102419644184,0.0287188777616363
2024-09-26,56,0.0346305491303394,0.0325437014326759
2024-09-26,57,-0.00121664328543769,-0.00519620308237734
2024-09-26,58,0.01650408859728,0.012694974206835
2024-09-26,59,0.00777383801033693,0.00657544825771694
2024-09-26,60,0.0415295029320761,0.0409774600567268
2024-09-26,61,-0.00642533492034669,-0.00993262419482299
2024-09-26,62,0.0180204369605477,0.0161204563439092
2024-09-26,63,-0.0807887143003327,-0.0806249695208221
2024-09-26,64,-0.0377333333074761,-0.0398527884142945
2024-09-26,65,-0.0281917562926584,-0.0298903432454747
2024-09-26,66,-0.00305258791651752,-0.00509893771498415
2024-09-26,67,0.00417025115884861,0.00106423481717854
2024-09-26,68,-0.0281099882313471,-0.0339611252234766
2024-09-26,69,-0.0413209541100192,-0.0423112686721661
2024-09-26,70,-0.0781818529474139,-0.0792740012088231
2024-09-26,71,-0.0504864497515554,-0.0558010385073047
2024-09-26,72,-0.0428185187851335,-0.0475864539355806
2024-09-26,73,-0.0311371628050043,-0.0382880142308233
2024-09-26,74,-0.0213976367351103,-0.0303810126673216
2024-09-26,75,-0.0216801747739845,-0.030754726663023
2024-09-26,76,-0.00952054002597702,-0.0177706953715626
2024-09-26,77,-0.00176484657560216,-0.00972489567663892
2024-09-26,78,-0.00394239708153865,-0.0135578539977361
2024-09-26,79,-0.00938532057593999,-0.0182752473022347
2024-09-26,80,0.0153991248762013,0.00763246097963766
2024-09-26,81,0.00585498612762425,-0.00273189249697214
2024-09-26,82,0.0024292626204705,-0.00667846199630162
2024-09-26,83,-0.0137564054143944,-0.0189610014753665
2024-09-26,84,-0.0048013205480224,-0.00298246781568245
2024-09-26,85,-0.0126994114043537,-0.0106776771759067
2024-09-26,86,-0.0325169939717327,-0.0316371276804235
2024-09-26,87,-0.0376396138282642,-0.0365852654464591
2024-09-26,88,-0.0126317390714146,-0.00949802292419655
2024-09-26,89,-0.0186721205726341,-0.0176106987336322
2024-09-26,90,-0.0213177617565785,-0.0199766687816121
2024-09-26,91,-0.033953114887284,-0.0327606917666579
2024-09-26,92,-0.0180140469057246,-0.0170376492013267
2024-09-26,93,-0.0160223833112267,-0.0150954989187548
2024-09-26,94,-0.019954719507048,-0.0186724466646169
2024-09-26,95,-0.0341243269217042,-0.0336576645240472
2024-09-26,96,-0.0175355054498354,-0.0172753634378857
2024-09-26,97,-0.0206852094951797,-0.0200129580920709
2024-09-26,98,-0.018905614350456,-0.0171817221374431
2024-09-26,99,-0.0199356828828368,-0.0198040866156424
2024-09-26,100,-0.00146559751150832,-0.00135640743148802
2024-09-26,101,-0.0119840242724267,-0.0105624017992749
2024-09-26,102,-0.0107825943741942,-0.009409033932819
2024-09-26,103,-0.0241730184959685,-0.0240315426773723
2024-09-26,104,0.00112437899703455,0.00190181482961549
2024-09-26,105,-0.00791344069819822,-0.00619334276645045
2024-09-26,106,-0.000761070930787255,0.000885525476942206
2024-09-26,107,0.00296696525955653,0.00456776810724246
2024-09-26,108,-0.0127292162902108,-0.0122802803600841
2024-09-26,109,-0.00153215060474121,-0.000398530581922074
2024-09-26,110,-0.00802218532832022,-0.0073218151863399
2024-09-26,111,0.00560669241020584,0.00627003330066511
2024-09-26,112,-0.00140605891901657,0.000101369905086912
2024-09-26,113,0.00930148468589209,0.00994001963320557
2024-09-26,114,0.00342513805097511,0.00491579020550503
2024-09-26,115,0.00692274602161813,0.00715787099835996
2024-09-26,116,0.00562998926873259,0.00512337770253968
2024-09-26,117,-0.00995011039391347,-0.0100099249475125
2024-09-26,118,-0.00447173604532392,-0.00558092681064348
2024-09-26,119,0.00227259155201764,0.00240287981736031
2024-09-26,120,0.00139955115807577,0.00186862877695759
2024-09-26,121,0.0130477380982787,0.0126766268040894
2024-09-26,122,0.00113594475102996,0.000805486464430238
2024-09-26,123,0.0128665864548534,0.0125162955343097
2024-09-26,124,0.00145009413031616,0.001862193713567
2024-09-26,125,0.0124559557580675,0.0124400919164867
2024-09-26,126,0.00244122750372622,0.00103903586478893
2024-09-26,127,0.0162691529135257,0.0160968312870313
2024-09-26,128,0.00514796700917319,0.00418417575908148
2024-09-26,129,0.0161585030900229,0.0159639116369661
2024-09-26,130,0.00253290467023692,0.00153045295995735
2024-09-26,131,0.0149071300738628,0.013366096003768
2024-09-26,132,0.0167519284111428,0.016565957632217
2024-09-26,133,0.0082095688900754,0.0076030376356071
2024-09-26,134,0.0142767269493618,0.0148336880637041
2024-09-26,135,-0.00158493490537204,-0.00452624224274256
2024-09-26,136,0.0235362117133313,0.0235187958094487
2024-09-26,137,0.0175909490583122,0.0167448153301359
2024-09-26,138,0.0127237087059422,0.0118814440985577
2024-09-26,139,0.00289344899995658,0.000653005335540691
2024-09-26,140,0.0305800801038245,0.0304449159559965
2024-09-26,141,0.010992272133409,0.00962608918391794
2024-09-26,142,0.0124164536074485,0.0109363798031374
2024-09-26,143,0.0196610689608425,0.0177053269100726
2024-09-26,144,0.0214556980094924,0.0203817831711275
2024-09-27,2,0.0197428407742608,0.0180331465507368
2024-09-27,3,-0.000514438442269949,-0.00307673539879794
2024-09-27,4,0.013655260163552,0.0110402335539819
2024-09-27,5,0.0157067197885503,0.0143311386822065
2024-09-27,6,0.0205388054547404,0.018687896320392
2024-09-27,7,0.00129473343752373,-0.00272479668048131
2024-09-27,8,0.0183985736812877,0.016506123562027
2024-09-27,9,0.0270356135202796,0.0264585075848309
2024-09-27,10,0.00487829095161985,0.000775058647942473
2024-09-27,11,0.0183561330972406,0.0163422385919461
2024-09-27,12,0.0228251458509421,0.020833831858015
2024-09-27,13,0.031351786686292,0.0350620630625738
2024-09-27,14,0.0297258018247888,0.037491474478383
2024-09-27,15,0.00793079395706098,0.0152445898286135
2024-09-27,16,0.0226055940258538,0.0314445375557106
2024-09-27,17,0.0186836306697122,0.0272663973723963
2024-09-27,18,0.012632036677541,0.021730562865919
2024-09-27,19,0.00612767995672847,0.0167590785257206
2024-09-27,20,-0.00766006401336661,0.00252852206217913
2024-09-27,21,0.00981088662905805,0.0203784395969189
2024-09-27,22,-0.0299700676297672,-0.0211630068918458
2024-09-27,23,-0.00119966763401713,0.00991101937007954
2024-09-27,24,-0.0101828155846082,0.00130841850859298
2024-09-27,25,-0.0151297725272643,-0.00559288616420961
2024-09-27,26,0.0259672110082345,0.0331810975083267
2024-09-27,27,0.019035723134448,0.0238020745391072
2024-09-27,28,0.000864472400440519,0.00733436093203466
2024-09-27,29,-0.0052218889029545,0.000768232891270593
2024-09-27,30,-0.00260378142678519,0.00342714646914111
2024-09-27,31,0.00319702131682931,0.00759170160300915
2024-09-27,32,0.0418783432361227,0.048081207271836
2024-09-27,33,-0.0175614937415771,-0.0145964499758824
2024-09-27,34,-0.025252862002346,-0.0210567486366688
2024-09-27,35,0.0248010856283516,0.0269905708388096
2024-09-27,36,0.0208916834419028,0.0234546061408114
2024-09-27,37,-0.0181407821019697,-0.0148456564213344
2024-09-27,38,0.0177868067640823,0.0200104204143212
2024-09-27,39,0.0217747803802686,0.0246209913847277
2024-09-27,40,0.0349931244764639,0.0342162112007856
2024-09-27,41,0.0258378026019921,0.0275031053045822
2024-09-27,42,0.00227844007371747,0.00468879835868119
2024-09-27,43,0.0476401084244369,0.0483315265110615
2024-09-27,44,0.0183018925105811,0.0174193794836341
2024-09-27,45,-0.0183196559904877,-0.0176379043754551
2024-09-27,46,0.0354551053257683,0.036102940185863
2024-09-27,47,0.0168726023031907,0.0162375061439954
2024-09-27,48,0.0573646572788187,0.0567593387006227
2024-09-27,49,0.0172778419585953,0.0167260915439105
2024-09-27,50,-0.0165274623435945,-0.0165274594880751
2024-09-27,51,0.064851692565707,0.0651525527098133
2024-09-27,52,-0.00315941318359236,-0.00528776462559311
2024-09-27,53,0.0319263804798249,0.0311068466746915
2024-09-27,54,0.0512445795751457,0.0494387053978071
2024-09-27,55,0.0291921486738138,0.0261712824233911
2024-09-27,56,0.0271498648074306,0.0257191111287502
2024-09-27,57,0.0291120166108323,0.0270461339843875
2024-09-27,58,0.0693844184058046,0.0662766137849511
2024-09-27,59,0.00758616381327926,0.00467338942488649
2024-09-27,60,0.0243463896441405,0.0218307517266441
2024-09-27,61,0.0151447024321074,0.0151244574509635
2024-09-27,62,-0.0652487725602331,-0.0664571451860922
2024-09-27,63,-0.0647524877189687,-0.0641881044651962
2024-09-27,64,-0.0349989984952934,-0.0370934077168661
2024-09-27,65,-0.0295379779992677,-0.0327272463831809
2024-09-27,66,-0.0266462190079917,-0.0301403565241349
2024-09-27,67,-0.0288000971660249,-0.0342374703335624
2024-09-27,68,-0.0484455527434138,-0.0513820395291713
2024-09-27,69,-0.0682375921619256,-0.0694120560392877
2024-09-27,70,-0.0660964438570701,-0.0681690105178161
2024-09-27,71,-0.0542762646971129,-0.0571991136315786
2024-09-27,72,-0.0358781887550146,-0.0410723599114187
2024-09-27,73,-0.03219740912711,-0.0383280529290371
2024-09-27,74,-0.0325461271439096,-0.0400881846428955
2024-09-27,75,-0.0215996435453842,-0.0270889735825879
2024-09-27,76,-0.0382278415242405,-0.0462229203005249
2024-09-27,77,0.00641860301980213,0.000410947824969199
2024-09-27,78,-0.0196692554143851,-0.0280449753963934
2024-09-27,79,-0.00681165343672507,-0.0145457651494727
2024-09-27,80,-0.0126143498139788,-0.020166368710461
2024-09-27,81,-0.000414311787748645,-0.00879335674183412
2024-09-27,82,-1.36506851662332e-05,-0.0085786980404885
2024-09-27,83,-0.00575541332512941,-0.00946819367134211
2024-09-27,84,-0.0234496330095197,-0.0232827362798309
2024-09-27,85,-0.0236110842136963,-0.0224215860649988
2024-09-27,86,-0.0142778761349138,-0.0120983207388967
2024-09-27,87,-0.0423048665436685,-0.0412625493295522
2024-09-27,88,-0.0230614869363119,-0.0211261358197214
2024-09-27,89,-0.0290270515038582,-0.0278988987845121
2024-09-27,90,-0.0204476120646415,-0.0186568526557931
2024-09-27,91,-0.0380966201074076,-0.0370880954983486
2024-09-27,92,-0.023056037075281,-0.0218271635602774
2024-09-27,93,-0.0240379081899196,-0.0231959491345091
2024-09-27,94,-0.0346338413157916,-0.0334589932514255
2024-09-27,95,-0.0178181422894195,-0.017492186072535
2024-09-27,96,-0.0243531749379731,-0.0232685200516594
2024-09-27,97,-0.024815010298318,-0.023738566805898
2024-09-27,98,-0.0244729712429539,-0.0242591452811789
2024-09-27,99,-0.0183238110000383,-0.0169740074370015
2024-09-27,100,-0.0135560052481951,-0.0122915854272492
2024-09-27,101,-0.00954779143076134,-0.00868561855866989
2024-09-27,102,-0.0248955126619066,-0.0232695785387165
2024-09-27,103,-0.0174729557146023,-0.0155954412598991
2024-09-27,104,-0.00580624177236455,-0.00402188038609719
2024-09-27,105,-0.000124755878596616,0.00127423536343763
2024-09-27,106,-0.00423691224752432,-0.00243672993807209
2024-09-27,107,-0.0128423140279503,-0.0121891762187856
2024-09-27,108,0.00450307246929871,0.0077210718692946
2024-09-27,109,-0.00578902841904139,-0.00568717669076424
2024-09-27,110,0.00626829414759289,0.00866074194515232
2024-09-27,111,-0.0087355115918708,-0.00752702208826772
2024-09-27,112,0.0129688159493417,0.0144577840074174
2024-09-27,113,-0.0239001533242442,-0.023947747841941
2024-09-27,114,-0.0119417491251061,-0.0109779387760831
2024-09-27,115,0.00440678775226022,0.00450651212173625
2024-09-27,116,0.0131566541678909,0.0144555460903097
2024-09-27,117,-0.0136509562132616,-0.0143625906316478
2024-09-27,118,0.00549062234311215,0.00590541028006974
2024-09-27,119,0.00925520357761034,0.00967986067350601
2024-09-27,120,-0.00954481223588477,-0.0111653354804124
2024-09-27,121,0.00337208483962126,0.00411201612631373
2024-09-27,122,0.00643459966037607,0.0062830882089937
2024-09-27,123,0.00483405541134285,0.00472457078687238
2024-09-27,124,0.00781102702497716,0.0084385161817373
2024-09-27,125,-0.00502724282698974,-0.00604600972828884
2024-09-27,126,0.010585586973229,0.00991545971702035
2024-09-27,127,0.00748977182151833,0.0080387486322886
2024-09-27,128,0.00336049991403797,0.00300356825884851
2024-09-27,129,0.022970428431786,0.0217438218604995
2024-09-27,130,0.000186044038169797,0.000303410803418558
2024-09-27,131,0.00908110083731195,0.00905940114893955
2024-09-27,132,0.0270177668791254,0.0260729319118091
2024-09-27,133,-0.0128120284226778,-0.0145083164994144
2024-09-27,134,0.00879664493549015,0.00741071641793933
2024-09-27,135,0.0164262937124207,0.016258697712999
2024-09-27,136,0.00829558873847436,0.00639934413514531
2024-09-27,137,0.0125150548370083,0.0110040607657407
2024-09-27,138,0.00694950821160045,0.00495664384163597
2024-09-27,139,0.0190853978266619,0.0179319729193077
2024-09-27,140,-0.0099157754209882,-0.0123906789759927
2024-09-27,141,0.0371546366456119,0.0371488625247807
2024-09-27,142,0.00124406575384217,-0.00134039057206525
2024-09-27,143,0.0125561557075446,0.0111852259494789
2024-09-27,144,0.00844746932094864,0.00616970644834236
2024-09-28,2,0.0263542034568225,0.0250018726015275
2024-09-28,3,0.00551024196795957,0.00330712768186281
2024-09-28,4,0.0196053405625642,0.0189908006280355
2024-09-28,5,0.031953872572581,0.0303941331703355
2024-09-28,6,0.0103375136833215,0.00799414138504506
2024-09-28,7,0.0277857057428594,0.0265706268945909
2024-09-28,8,0.0309052432034225,0.0297273886617768
2024-09-28,9,0.0100178638288266,0.00622456336633093
2024-09-28,10,0.0151026726298893,0.0125520826158461
2024-09-28,11,0.0242076106618985,0.02289834290535
2024-09-28,12,0.0323505781283178,0.0309733741118094
2024-09-28,13,0.0399578108050287,0.0425983523503186
2024-09-28,14,0.0244480033592538,0.031334588878341
2024-09-28,15,0.0410271906297934,0.0492622413538015
2024-09-28,16,0.0219301904452243,0.0299429877445254
2024-09-28,17,0.0189055936116418,0.0282639170674885
2024-09-28,18,0.0194444933194022,0.0293468937070278
2024-09-28,19,0.0192231991368432,0.0295671625364262
2024-09-28,20,0.00716243764776969,0.0166991318728567
2024-09-28,21,-0.0145927021307832,-0.00550037985611951
2024-09-28,22,0.00888431729545136,0.0197876680308298
2024-09-28,23,-0.0103513460019551,0.000520844100060813
2024-09-28,24,-0.0132060242020993,-0.0025051200251216
2024-09-28,25,-0.00522736619015429,0.00535915198133896
2024-09-28,26,0.0400626706347973,0.0469748622174562
2024-09-28,27,-0.00128789874791835,0.00323111822136202
2024-09-28,28,0.022132074712947,0.0307547341792098
2024-09-28,29,0.00514269531032152,0.0121061064796484
2024-09-28,30,0.00309763902230387,0.00850021147322444
2024-09-28,31,-0.00529016218295908,-0.000318342867644539
2024-09-28,32,0.00218349711761068,0.00542604890667775
2024-09-28,33,0.00285922302780683,0.00789168707029031
2024-09-28,34,-0.00892568450677178,-0.00450154049441753
2024-09-28,35,0.0234064514328747,0.0260996569623186
2024-09-28,36,0.00632565901702353,0.00845236191198229
2024-09-28,37,-0.0189573450114455,-0.015346412778265
2024-09-28,38,0.00963682120241316,0.0117354960546958
2024-09-28,39,0.0414931009579584,0.0431033106636471
2024-09-28,40,0.0207360562170429,0.0202869324033177
2024-09-28,41,0.000187971746066218,-0.000144324148857677
2024-09-28,42,0.00572916063168094,0.00991440756264783
2024-09-28,43,0.036806785461204,0.0349246605714963
2024-09-28,44,0.0307523591074821,0.0324956083341785
2024-09-28,45,-0.0126840370218018,-0.0132644899367955
2024-09-28,46,0.00962905635921185,0.00872613410258438
2024-09-28,47,0.00373804262803912,0.00237349581876689
2024-09-28,48,0.0873909881373685,0.0865671767078737
2024-09-28,49,-0.0129416630296602,-0.0169705214791698
2024-09-28,50,-0.0113292988945801,-0.00946178167439449
2024-09-28,51,0.0530883907617277,0.0525490862441762
2024-09-28,52,-0.00255030136707024,-0.00491778569051515
2024-09-28,53,0.0294666364730531,0.0278561231657131
2024-09-28,54,0.0551383883057142,0.0516254277071146
2024-09-28,55,0.00645712331208426,0.003776696672257
2024-09-28,56,0.037948696164527,0.0361209792559878
2024-09-28,57,0.0206992869660434,0.0195115841874998
2024-09-28,58,0.0632539531195366,0.0606420942987711
2024-09-28,59,0.0136122948223063,0.0119607287098349
2024-09-28,60,0.0153727853760923,0.0151625216017797
2024-09-28,61,-0.0164376446417638,-0.0165908640402073
2024-09-28,62,-0.0664268465104483,-0.0678343778247337
2024-09-28,63,-0.0535294202548604,-0.0543672441457543
2024-09-28,64,-0.0277130028241377,-0.0301031960665012
2024-09-28,65,-0.0307793745878815,-0.0330490725639505
2024-09-28,66,-0.022375346967495,-0.0253684268493721
2024-09-28,67,-0.0250880973182026,-0.0296057767351643
2024-09-28,68,-0.0447939042490546,-0.0495426262147856
2024-09-28,69,-0.0755744012619033,-0.077060410774382
2024-09-28,70,-0.0704680530121973,-0.0715830437881353
2024-09-28,71,-0.0434546433769718,-0.0472236704983393
2024-09-28,72,-0.048333324184032,-0.053606587610914
2024-09-28,73,-0.0277987753873301,-0.0333147244679592
2024-09-28,74,-0.0123806941792441,-0.0174500133654165
2024-09-28,75,-0.0294739988360488,-0.0367848872528143
2024-09-28,76,-0.0279751429612247,-0.0351087459467179
2024-09-28,77,-0.00449573734590825,-0.0110957049724556
2024-09-28,78,-0.0103051147389062,-0.019754675350792
2024-09-28,79,-0.0191155398958847,-0.0272210164536624
2024-09-28,80,0.0100010894133389,0.00162618721307162
2024-09-28,81,-0.0102081762927186,-0.0179808565360684
2024-09-28,82,-0.00103453654778907,-0.00979481310666408
2024-09-28,83,0.0104604362535756,0.00886461014045192
2024-09-28,84,-0.0343954946537339,-0.0339010060613489
2024-09-28,85,-0.00848617256003514,-0.00628401133947332
2024-09-28,86,-0.0262715345766216,-0.0260615606692252
2024-09-28,87,-0.0224439644350447,-0.0201902208932081
2024-09-28,88,-0.0366592112223056,-0.0344528387525491
2024-09-28,89,-0.0218929857733015,-0.020663699520556
2024-09-28,90,-0.0295489105347473,-0.0280333251300089
2024-09-28,91,-0.0276863468191095,-0.0259251258024209
2024-09-28,92,-0.0108317086456715,-0.00875818874818002
2024-09-28,93,-0.0324133856478221,-0.0314854922578887
2024-09-28,94,-0.0133996908397576,-0.0125149050622451
2024-09-28,95,-0.0374550141273282,-0.0366322788646984
2024-09-28,96,-0.0187007394268699,-0.0175663969325157
2024-09-28,97,-0.0245014706711055,-0.0237739931339842
2024-09-28,98,-0.0132071768622088,-0.0121830430195118
2024-09-28,99,-0.0156832026046443,-0.0143232937031446
2024-09-28,100,-0.0203165285904019,-0.0197244811776285
2024-09-28,101,0.00183966806686975,0.00425973906930377
2024-09-28,102,-0.0235435797601475,-0.0234585979406843
2024-09-28,103,-0.0165905471821537,-0.0146428066967079
2024-09-28,104,0.000264102407991906,0.00137281701685499
2024-09-28,105,-0.019362299954607,-0.0171512509523604
2024-09-28,106,-0.00388022839575797,-0.00364226868024797
2024-09-28,107,-0.0045250030320263,-0.00277887301018254
2024-09-28,108,-0.000377089766499417,0.00204259270713525
2024-09-28,109,-0.0135532894043733,-0.0130724387776615
2024-09-28,110,0.00331629671146505,0.00526546333465383
2024-09-28,111,-0.00903681415211821,-0.00793587604902513
2024-09-28,112,0.00200884661637435,0.00342343286563196
2024-09-28,113,-0.00795808283192212,-0.00808723350147211
2024-09-28,114,-0.0118164622707866,-0.0108487646633568
2024-09-28,115,0.0040819617231378,0.00453702946232415
2024-09-28,116,0.00423463428486226,0.00393435662900998
2024-09-28,117,-0.00746167908773199,-0.00858343306021059
2024-09-28,118,-0.0134489018531143,-0.0134426310208147
2024-09-28,119,-0.00974458902780384,-0.0105881906839675
2024-09-28,120,0.00899927586366367,0.00809236513506839
2024-09-28,121,-0.00801687239149906,-0.00926115280402406
2024-09-28,122,0.00488385924548673,0.00435886453771683
2024-09-28,123,-0.0176117363698181,-0.0189430739979244
2024-09-28,124,0.00844532208517457,0.00739014979588859
2024-09-28,125,0.00951231346708781,0.00928683386532025
2024-09-28,126,0.0083085532716245,0.00817567299562771
2024-09-28,127,-0.019432066150074,-0.0216649590743563
2024-09-28,128,-0.00485746813708499,-0.00480701590832222
2024-09-28,129,0.0159258850769035,0.0146087209312586
2024-09-28,130,-0.017361794288159,-0.0193604994408476
2024-09-28,131,0.00860324675554747,0.00767175300481959
2024-09-28,132,0.0072869466971035,0.00554780012257794
2024-09-28,133,0.000781084521521258,-0.000534871153517358
2024-09-28,134,0.00146230024488592,-0.000701051192702806
2024-09-28,135,0.00117341456159714,-0.00107211024918819
2024-09-28,136,0.005201381082232,0.00339005474352128
2024-09-28,137,0.0152290099566779,0.0141700688583839
2024-09-28,138,-0.0132344572369849,-0.0159037404187741
2024-09-28,139,0.00768163262024135,0.00528207683226523
2024-09-28,140,0.00862572735171163,0.00787010406884736
2024-09-28,141,-0.0086405843136399,-0.0110889941784436
2024-09-28,142,0.0209931044465073,0.0188314893150858
2024-09-28,143,0.0155489760081604,0.0146691677016548
2024-09-28,144,0.00602028355911521,0.0026040652941921
2024-09-29,2,0.0247676188304586,0.0229641424303528
2024-09-29,3,0.000162895735456914,-0.00286569701530848
2024-09-29,4,0.0226669309500194,0.0203907684914677
2024-09-29,5,0.00869530829489662,0.00637045439994921
2024-09-29,6,0.00980878185935197,0.00745334840015843
2024-09-29,7,0.0200908878352726,0.016850377401247
2024-09-29,8,0.0121222242696319,0.00889812164602688
2024-09-29,9,0.0143508438857607,0.0110921483841144
2024-09-29,10,0.0221353052494857,0.0196552177490732
2024-09-29,11,0.00272665468857802,-0.000183968970802972
2024-09-29,12,0.0304170443919078,0.0265988824403616
2024-09-29,13,0.0194335725531039,0.0204399251682439
2024-09-29,14,0.0159739991099928,0.0219075317315038
2024-09-29,15,0.0363391082095035,0.0429089603122472
2024-09-29,16,0.0499300257716842,0.0568327063221332
2024-09-29,17,0.0200471631696919,0.0268769633180233
2024-09-29,18,0.0213288554819382,0.0300970260102211
2024-09-29,19,0.010028565461039,0.0181437139636271
2024-09-29,20,0.021473297626101,0.0310303168523536
2024-09-29,21,0.00413054938770863,0.0129391892417248
2024-09-29,22,-0.0135503531514498,-0.00376214098165306
2024-09-29,23,0.00557469262382515,0.015735439692099
2024-09-29,24,-0.0172623826523166,-0.00711055123114157
2024-09-29,25,0.0075489141044649,0.0167549717317819
2024-09-29,26,0.0340843612814563,0.0412412217761231
2024-09-29,27,0.0211543129187239,0.0274931501527096
2024-09-29,28,-0.00809136467896554,-0.00172511183955137
2024-09-29,29,-0.0111509014529458,-0.00659638392158879
2024-09-29,30,0.0136845874934481,0.0199644601403595
2024-09-29,31,-0.00758290317155375,-0.00319273993262303
2024-09-29,32,0.020596476871038,0.023914556912823
2024-09-29,33,-0.0130968216490661,-0.0118776852720908
2024-09-29,34,-0.0261945961001295,-0.0244196952422024
2024-09-29,35,0.0370325139205683,0.0389494255315688
2024-09-29,36,-0.0225232830347117,-0.0227732166708927
2024-09-29,37,-0.0171293463161177,-0.0147821241555572
2024-09-29,38,0.028465310177074,0.0321093948582831
2024-09-29,39,0.0283674177861029,0.0289047414678754
2024-09-29,40,0.0467746597907563,0.0470160046147665
2024-09-29,41,-0.0272168389005945,-0.0267622828383525
2024-09-29,42,0.0379468776271201,0.0417672707908761
2024-09-29,43,0.0164954081716173,0.0163653753583155
2024-09-29,44,0.0189229499600323,0.0197856963530585
2024-09-29,45,0.00670883426788382,0.00718849026963575
2024-09-29,46,0.0176317730824396,0.0169072518982691
2024-09-29,47,0.00979474219319787,0.0116230719021253
2024-09-29,48,0.0411890813457259,0.0380617262512075
2024-09-29,49,0.0211914448259414,0.0196832716132196
2024-09-29,50,-0.0233609969399193,-0.0249373786091498
2024-09-29,51,0.0310998001673548,0.0317783862597185
2024-09-29,52,-0.00870545547782697,-0.0124724778232705
2024-09-29,53,0.0363913541696856,0.0346336266351255
2024-09-29,54,0.0483699930762853,0.0468896433205961
2024-09-29,55,-0.0085831057733845,-0.01289572432733
2024-09-29,56,0.012441617949233,0.00973021744463143
2024-09-29,57,0.0277990028601875,0.027420037792397
2024-09-29,58,0.0478146785245439,0.0455976564925908
2024-09-29,59,0.0419469140308708,0.0410616359816531
2024-09-29,60,0.0279903955868823,0.0247287462223023
2024-09-29,61,-0.0213450556112811,-0.0235145780668793
2024-09-29,62,0.0222740255411686,0.0206235354923319
2024-09-29,63,0.0201358569414705,0.0200796141795809
2024-09-29,64,-0.0860387317572018,-0.0873737217585928
2024-09-29,65,-0.0490928944696147,-0.0495149469161449
2024-09-29,66,-0.0379687873215531,-0.0391374156575646
2024-09-29,67,-0.0222291005096551,-0.0223839120926659
2024-09-29,68,-0.0688513073745005,-0.0689007441370286
2024-09-29,69,-0.0806996206823545,-0.0796595803315947
2024-09-29,70,-0.0513066275008329,-0.0523178343484858
2024-09-29,71,-0.0467438382428398,-0.0483016526477815
2024-09-29,72,-0.0502627586943358,-0.0536204904223432
2024-09-29,73,-0.0377825940727847,-0.0424687977790876
2024-09-29,74,-0.016313560263348,-0.019809546640233
2024-09-29,75,-0.0403745747671787,-0.0465934755505213
2024-09-29,76,-0.0257283392340097,-0.0321636366487859
2024-09-29,77,-0.030230654811688,-0.0370662051385144
2024-09-29,78,-0.0178201564306573,-0.023848429228611
2024-09-29,79,-0.0153947688804772,-0.0224045392686785
2024-09-29,80,-0.0159976966817723,-0.0227841669606077
2024-09-29,81,-0.0104995508225807,-0.0186726571845046
2024-09-29,82,-0.0160433730606391,-0.0232646887893129
2024-09-29,83,-0.0392963425422206,-0.0418493218615197
2024-09-29,84,-0.0200115780898189,-0.0179766210663184
2024-09-29,85,-0.026589840974073,-0.02546943384566
2024-09-29,86,-0.0336345746046094,-0.0321854423860337
2024-09-29,87,-0.0492580505712352,-0.0474069507959456
2024-09-29,88,-0.0227554614987673,-0.0218433020780271
2024-09-29,89,-0.0310265442191984,-0.0280969154962731
2024-09-29,90,-0.0271366436387819,-0.0266229659156565
2024-09-29,91,-0.0395941994672206,-0.0387164017337813
2024-09-29,92,-0.0259324575292155,-0.0247107711674612
2024-09-29,93,-0.0462685741904947,-0.0465130214888188
2024-09-29,94,-0.0233135833893687,-0.0224822165270693
2024-09-29,95,-0.0213328615992401,-0.0209022533847305
2024-09-29,96,-0.0280378351914505,-0.026973962449274
2024-09-29,97,-0.0283895759046313,-0.028450017940882
2024-09-29,98,-0.0140759179222361,-0.0120395170773238
2024-09-29,99,-0.0339699813889007,-0.0344469395444813
2024-09-29,100,-0.00406685569284715,-0.0013885390345898
2024-09-29,101,-0.0199671689883845,-0.0195769288243328
2024-09-29,102,-0.0196846670081294,-0.017905910477702
2024-09-29,103,-0.0351245115410528,-0.0355116352916518
2024-09-29,104,-0.00415346799099048,-0.00240579537220142
2024-09-29,105,-0.0223213172573882,-0.0214135651167844
2024-09-29,106,-0.0116576479769517,-0.011151928003331
2024-09-29,107,-0.0214675951601047,-0.0203376646315832
2024-09-29,108,-0.0142202959994879,-0.0134449782273922
2024-09-29,109,-0.0149629234725053,-0.0146654553415688
2024-09-29,110,0.00781343277657953,0.00810594306674872
2024-09-29,111,-0.00335969713148287,-0.00176835226831518
2024-09-29,112,0.00308354874896111,0.00388829275049751
2024-09-29,113,-0.00680330051028566,-0.00677951541927779
2024-09-29,114,-0.0145348414652737,-0.0153343540767796
2024-09-29,115,0.00415980428637042,0.0040886679008727
2024-09-29,116,0.00572148930219729,0.0066917451285784
2024-09-29,117,-0.013682320143829,-0.0138416999194844
2024-09-29,118,0.00531281546558748,0.0043308240419524
2024-09-29,119,0.00716039527166501,0.0072211510069673
2024-09-29,120,0.00594712577080525,0.00597265001831992
2024-09-29,121,0.00834850607171145,0.00908452195208032
2024-09-29,122,-0.00473562983227716,-0.00520318666651232
2024-09-29,123,0.000217947751028902,-0.000297958530465436
2024-09-29,124,-0.00328791394298467,-0.00422900129144743
2024-09-29,125,0.0131647417987697,0.0144128214056103
2024-09-29,126,0.00174174490631973,0.00142519273698927
2024-09-29,127,0.0283668205043224,0.0272283805275135
2024-09-29,128,0.000436067940078999,0.00080415693726188
2024-09-29,129,-0.00311680858315011,-0.00435306958753223
2024-09-29,130,0.0357926066538541,0.036438970866647
2024-09-29,131,0.0156371417535865,0.0142926177949594
2024-09-29,132,0.0165564892137917,0.0158505843730792
2024-09-29,133,0.00118157825482257,-0.000322836886158306
2024-09-29,134,0.00716406100911726,0.00605508554759737
2024-09-29,135,0.00848022070408216,0.00648486432263784
2024-09-29,136,0.0145602585792526,0.0129324833432864
2024-09-29,137,0.0305626044928884,0.0300521296085554
2024-09-29,138,-0.00373585508445196,-0.00703750375887502
2024-09-29,139,0.0231517652768645,0.0221848652451655
2024-09-29,140,0.0111656151062398,0.00974875831802002
2024-09-29,141,0.0271927024001357,0.0261114004596354
2024-09-29,142,0.0153011167247259,0.014201520810345
2024-09-29,143,0.018612941206344,0.0166692887433451
2024-09-29,144,0.026051296522807,0.0244714328944262
2024-09-30,2,-0.00648866647879931,-0.0068705544282821
2024-09-30,3,-0.0121757248240071,-0.0130019296314563
2024-09-30,4,0.000468114108199913,-0.000400414850266984
2024-09-30,5,-0.00740206678328992,-0.00725131649026167
2024-09-30,6,-0.0191844131443508,-0.0222864907778364
2024-09-30,7,-0.000527727477144246,0.000880858632129389
2024-09-30,8,-0.00867075931687111,-0.0109509965422481
2024-09-30,9,-0.00406961049450683,-0.00446298218541852
2024-09-30,10,-0.01191015512926,-0.0119187182650826
2024-09-30,11,0.011030107977712,0.0104605867089926
2024-09-30,12,0.00322042893184538,0.0022875366365378
2024-09-30,13,0.00672054459411875,0.00814504274480665
2024-09-30,14,0.0194857056577717,0.0284653245339452
2024-09-30,15,-0.00684336845747513,0.000447149308513417
2024-09-30,16,0.000880626676443619,0.00817402829037484
2024-09-30,17,3.71044776059648e-06,0.00883841392547158
2024-09-30,18,-0.0121803759405035,-0.00515125418715456
2024-09-30,19,0.00632776794090617,0.0149283544983216
2024-09-30,20,-0.00940063886035603,-0.000535229299014617
2024-09-30,21,-0.0269459039006881,-0.0189372246722233
2024-09-30,22,-0.0132925028704465,-0.00542005673967783
2024-09-30,23,-0.0253535997493834,-0.0177190085745806
2024-09-30,24,-0.021701925394586,-0.0136788464424482
2024-09-30,25,-0.0230965482487768,-0.0154458137107722
2024-09-30,26,0.00413657029139447,0.00748925744294571
2024-09-30,27,0.0347497318545278,0.0383426009276855
2024-09-30,28,0.0140681060429699,0.016445918832301
2024-09-30,29,0.0186242805466028,0.0236547291460241
2024-09-30,30,-0.00375476011393605,-0.00121101577339466
2024-09-30,31,0.0130565073615951,0.0168417677629753
2024-09-30,32,-0.0166725904698479,-0.0148707329459867
2024-09-30,33,-0.0013822649632198,0.00146821181562462
2024-09-30,34,-0.0130761723863824,-0.0138094545203131
2024-09-30,35,0.00636079542065549,0.00510913527629775
2024-09-30,36,0.000484332649268282,0.00115220997945897
2024-09-30,37,0.0186137901530197,0.0192186598206163
2024-09-30,38,0.00296018228574546,0.00273784783528708
2024-09-30,39,0.0159238719700658,0.0135404111885835
2024-09-30,40,0.0432334237714374,0.0424677507415474
2024-09-30,41,-0.0226974507816173,-0.0254725232717465
2024-09-30,42,0.0271223474679747,0.0270833239960675
2024-09-30,43,0.0181388846339958,0.0147580146546629
2024-09-30,44,0.0290094113654646,0.0291272209538569
2024-09-30,45,-0.0286711397640538,-0.0319943829000024
2024-09-30,46,0.0280690236135124,0.0240979109425536
2024-09-30,47,0.011460242623297,0.0104643903513804
2024-09-30,48,0.0522067720525232,0.0492487802958737
2024-09-30,49,0.0368656911106457,0.0336760864796499
2024-09-30,50,-0.0209123744371835,-0.0223138063575279
2024-09-30,51,0.032635714236668,0.0309407713228014
2024-09-30,52,-0.00717736749825715,-0.0113709638912649
2024-09-30,53,0.0248683959803548,0.021185262438606
2024-09-30,54,0.0361181346965633,0.0314298785397735
2024-09-30,55,0.0103573480607171,0.00713142722363358
2024-09-30,56,0.0129181290252633,0.0101958640604787
2024-09-30,57,0.0256992103109468,0.0229141024272037
2024-09-30,58,0.0247178271706741,0.0238906997742117
2024-09-30,59,0.028613397384734,0.0267406506441299
2024-09-30,60,-0.0168056906325633,-0.0195944569886892
2024-09-30,61,-0.00368017793787434,-0.00320934323884892
2024-09-30,62,-0.0507157395287532,-0.0503485368229892
2024-09-30,63,-0.021500403087197,-0.0242384272977416
2024-09-30,64,-0.0257601608293294,-0.028483082455133
2024-09-30,65,-0.0245067614010521,-0.0261210287966263
2024-09-30,66,-0.0169606139333256,-0.0206445722919382
2024-09-30,67,-0.0397666387575111,-0.0430635974497413
2024-09-30,68,-0.045669328076908,-0.0473268888794429
2024-09-30,69,-0.0416805905339634,-0.042180012498692
2024-09-30,70,-0.0415725832486196,-0.0446567634623669
2024-09-30,71,-0.01897268498145,-0.0240790293185045
2024-09-30,72,0.000854789642712461,-0.00403794087675546
2024-09-30,73,0.0078432562205224,0.00137914735051758
2024-09-30,74,0.00709216632155929,5.33515379350646e-05
2024-09-30,75,0.0211975507802009,0.0147976985010061
2024-09-30,76,0.00379623684379826,-0.00226098647203443
2024-09-30,77,-0.0055521744210596,-0.0115190921155577
2024-09-30,78,0.0188519736381005,0.0132988051646636
2024-09-30,79,0.00531797010982515,0.000442374647069421
2024-09-30,80,0.0271140025061207,0.0218348483614887
2024-09-30,81,0.013656153139201,0.00945520642496867
2024-09-30,82,0.0255819861331643,0.0227527356916815
2024-09-30,83,-0.015025479738406,-0.0124212568313773
2024-09-30,84,-0.00383961816270872,0.00246212682145508
2024-09-30,85,-0.0168129739294072,-0.0128127123224084
2024-09-30,86,-0.00606687577888199,-0.00203096639063371
2024-09-30,87,-0.0114400969474753,-0.00893953663966229
2024-09-30,88,-0.00933157682078534,-0.00581201975269785
2024-09-30,89,-0.0238483205242073,-0.0232273191890258
2024-09-30,90,-0.00297242989702085,-0.000796116820473536
2024-09-30,91,-0.00735318452408329,-0.00614550387520918
2024-09-30,92,-0.0309606578107022,-0.030706228657003
2024-09-30,93,-0.00864698811622944,-0.00780281630468682
2024-09-30,94,-0.00874607044153386,-0.00752281872486016
2024-09-30,95,-0.018401014016618,-0.0177237090467264
2024-09-30,96,-0.0133534495235654,-0.0136747749101884
2024-09-30,97,0.0050710279905477,0.00559249741260182
2024-09-30,98,-0.00442923881604873,-0.0028919695905314
2024-09-30,99,-0.0363781981715317,-0.0380086268322151
2024-09-30,100,0.0103351771184084,0.0123947318816713
2024-09-30,101,-0.00770193922467843,-0.00728304522760226
2024-09-30,102,0.00753369314782404,0.00877036807110709
2024-09-30,103,-0.0110440473298921,-0.0106167380633932
2024-09-30,104,0.00553829106664327,0.00806144624061478
2024-09-30,105,0.00343613182320368,0.00370763986394707
2024-09-30,106,0.00847812361819411,0.0105685947408798
2024-09-30,107,-0.00714621061858356,-0.0064157634317592
2024-09-30,108,0.00802431835919926,0.00910516634250058
2024-09-30,109,0.00667863694345439,0.00771927989650578
2024-09-30,110,-0.00341551334597057,-0.00331535079697609
2024-09-30,111,0.0136076143735231,0.0150465594801368
2024-09-30,112,0.0144402443981217,0.0158670305913065
2024-09-30,113,-0.00760050981156546,-0.00753889190978008
2024-09-30,114,0.010764409571169,0.0102006795421064
2024-09-30,115,-0.00438381119249875,-0.00539630322424678
2024-09-30,116,0.0283471632867807,0.02777186427726
2024-09-30,117,-0.0152045271981605,-0.0155341191223055
2024-09-30,118,-0.00750924022112542,-0.00912762469196249
2024-09-30,119,0.010394203955487,0.00964118587610496
2024-09-30,120,0.00221102905066495,0.00147791723950075
2024-09-30,121,0.0115800792850012,0.0112550139499641
2024-09-30,122,0.00278610581036887,0.00154185490948322
2024-09-30,123,0.0149367348789049,0.0165290300903056
2024-09-30,124,0.00692064908995338,0.00547483075069444
2024-09-30,125,0.0187332975230889,0.0182797049394665
2024-09-30,126,-0.0137812912356718,-0.0165255545059857
2024-09-30,127,0.0206814040976662,0.0205736616036445
2024-09-30,128,0.00678510355955098,0.00479954226074675
2024-09-30,129,0.0138806534367708,0.013419928469494
2024-09-30,130,-0.000989312682031063,-0.000982540173522395
2024-09-30,131,-0.000784263634581173,-0.00302891984588438
2024-09-30,132,0.00365044823288496,0.00127356549078605
2024-09-30,133,0.0229729107134862,0.0206039866882923
2024-09-30,134,-0.00765683032617481,-0.00925936846867703
2024-09-30,135,0.00880017674989464,0.00636865942952269
2024-09-30,136,0.00133263261375749,-0.00156242906218651
2024-09-30,137,0.000150885147533586,-0.00280038907520996
2024-09-30,138,0.00774880685510659,0.00574011683716247
2024-09-30,139,0.0260302909125247,0.0249761399191977
2024-09-30,140,-0.000182493483460888,-0.00208040581597935
2024-09-30,141,0.0135322474531652,0.00990580804410968
2024-09-30,142,0.000803908365329953,-0.00165405138647667
2024-09-30,143,0.0109733893375994,0.00885183755396746
2024-09-30,144,-0.000167946518820905,-0.00280852211025984
