"date","timestep","bob_eta","sm_eta"
2024-09-01,2,0.0217037370552733,0.0181342110855098
2024-09-01,3,0.0139134216911012,0.0102431986997651
2024-09-01,4,0.0107639444070164,0.00710591339887578
2024-09-01,5,0.02861592953652,0.0255031813636606
2024-09-01,6,0.0160465858060395,0.0119930377150332
2024-09-01,7,0.0147541073109654,0.0112145899274143
2024-09-01,8,0.0178439524156557,0.0137407340447915
2024-09-01,9,0.0395319124639739,0.036193890698625
2024-09-01,10,0.0235366998990809,0.0248636224006713
2024-09-01,11,0.0212286998167794,0.0236607324493878
2024-09-01,12,0.0395493568042973,0.0433856907392798
2024-09-01,13,0.0326151541287381,0.0366223191362014
2024-09-01,14,0.0301335551504671,0.0345373221846703
2024-09-01,15,0.0411113692690064,0.0456224986641214
2024-09-01,16,0.0314260889869908,0.0369298430503413
2024-09-01,17,0.0287029939283272,0.0345828827994215
2024-09-01,18,0.0377070757389744,0.0442803560187315
2024-09-01,19,0.0194400849837777,0.0263498600043324
2024-09-01,20,0.0425543127080141,0.0501634639627184
2024-09-01,21,0.016125831947309,0.0223547654895864
2024-09-01,22,0.0239732215307145,0.0325183900017016
2024-09-01,23,0.0299890437325256,0.0384730997697034
2024-09-01,24,0.0159105464775884,0.0239357424661417
2024-09-01,25,0.0370892575998019,0.0453089731110605
2024-09-01,26,0.019177254202134,0.0248658766643732
2024-09-01,27,0.0167854799944038,0.023139166614941
2024-09-01,28,0.000248941212334763,0.00662316966375265
2024-09-01,29,0.00210483995962729,0.00695558157881138
2024-09-01,30,0.00147748756758492,0.00626175802404383
2024-09-01,31,0.00329934324662595,0.00868418226852263
2024-09-01,32,-0.0240570531735509,-0.0220678323640033
2024-09-01,33,0.008691020618949,0.013221798848809
2024-09-01,34,-0.0108136067997684,-0.00786452740309329
2024-09-01,35,-0.0177819144158091,-0.0147456052530668
2024-09-01,36,-0.0079104521186979,-0.00471974464985081
2024-09-01,37,-0.0165480481743963,-0.0143248985110809
2024-09-01,38,-0.00213292722870495,0.000404551268292863
2024-09-01,39,-0.0152544193679764,-0.0132069666457362
2024-09-01,40,-0.0205545264516402,-0.0197971408996658
2024-09-01,41,-0.0106074523728132,-0.010246272909411
2024-09-01,42,-0.0138883503646561,-0.0131092078134358
2024-09-01,43,0.00365617372312244,0.00464587310461617
2024-09-01,44,-0.00602975318896704,-0.00541428604957161
2024-09-01,45,-0.0249242097269207,-0.0254521125440874
2024-09-01,46,0.00226767538370076,0.00314693893513862
2024-09-01,47,0.0139051155959384,0.0147840931366154
2024-09-01,48,-0.00316770635135644,-0.00330187360041023
2024-09-01,49,0.00100017416230358,0.000923681304746182
2024-09-01,50,-0.00710633930225235,-0.00762890859410703
2024-09-01,51,0.00751070271662257,0.00643206079761782
2024-09-01,52,0.00261712128460267,0.00110951163177297
2024-09-01,53,0.00866893266833824,0.00862118289957792
2024-09-01,54,0.00559093859483273,0.00444317875056122
2024-09-01,55,0.0181313896327282,0.0172053786719655
2024-09-01,56,0.00298605278789932,0.00145360432401098
2024-09-01,57,0.0221801332420704,0.0208995705539792
2024-09-01,58,0.0103690010217941,0.00820710399773894
2024-09-01,59,0.0258680399155686,0.0244297201094916
2024-09-01,60,0.019661338234787,0.0173038784691411
2024-09-01,61,0.0263549355239467,0.0240794216499065
2024-09-01,62,0.00443543122522616,0.00141184494691338
2024-09-01,63,0.0216393121103478,0.0189454791688952
2024-09-01,64,0.0121208867507399,0.0093353622885548
2024-09-01,65,0.0209602889119669,0.0186492702429231
2024-09-01,66,0.0116597239193839,0.00912546204144427
2024-09-01,67,0.0150736273539991,0.0108785221223666
2024-09-01,68,-0.0389819227534733,-0.0414258338665867
2024-09-01,69,-0.0454826126652259,-0.0446924055265896
2024-09-01,70,-0.0284525326517828,-0.0283015088044838
2024-09-01,71,-0.0222522391888518,-0.0250784775459643
2024-09-01,72,-0.014334963892944,-0.015426588159583
2024-09-01,73,-0.0419629979506047,-0.0446880310325568
2024-09-01,74,-0.0291530469163703,-0.029438178384706
2024-09-01,75,-0.0410415104585868,-0.0420594306076039
2024-09-01,76,-0.0295559586292753,-0.0306252028712048
2024-09-01,77,-0.0443554959008514,-0.0474540299775805
2024-09-01,78,-0.0318686335980911,-0.0350976008586326
2024-09-01,79,-0.037853884428916,-0.0422020193114978
2024-09-01,80,-0.0316233113338384,-0.0367643007799883
2024-09-01,81,-0.0298734165414718,-0.0348836164713147
2024-09-01,82,-0.0202258802626183,-0.0253241080522315
2024-09-01,83,-0.00801219698848943,-0.0125298123204907
2024-09-01,84,-0.0191336176435031,-0.0248228908413521
2024-09-01,85,-0.0282700164839933,-0.0339304583182658
2024-09-01,86,-0.0121738719553135,-0.0181124850981336
2024-09-01,87,-0.0201092207867206,-0.0264892229248233
2024-09-01,88,-0.0185363956195652,-0.0235761039692894
2024-09-01,89,-0.0312924375317252,-0.0325918588925571
2024-09-01,90,-0.0302305137890087,-0.0302178761950724
2024-09-01,91,-0.0278460076873341,-0.027216336185254
2024-09-01,92,-0.020353640949152,-0.0209731163730593
2024-09-01,93,-0.0376468696421788,-0.037478692540553
2024-09-01,94,-0.00877418163459165,-0.00712388101716677
2024-09-01,95,-0.0285434983560058,-0.028150646920702
2024-09-01,96,-0.0182957161303556,-0.0174960438641101
2024-09-01,97,-0.0295282022382626,-0.0289347688295871
2024-09-01,98,-0.00691063575327844,-0.0059770811065345
2024-09-01,99,-0.0202203888884234,-0.0191773849630721
2024-09-01,100,-0.0326664082205692,-0.0330795804611572
2024-09-01,101,-0.00880805874624802,-0.00669444093428773
2024-09-01,102,-0.00446085519263839,-0.00312507006682239
2024-09-01,103,-0.0203745233708208,-0.0204048149143459
2024-09-01,104,-0.0135653500798112,-0.0126037166004647
2024-09-01,105,-0.00364615116774836,-0.00247650591514059
2024-09-01,106,-0.0167961698049166,-0.0160420558606456
2024-09-01,107,-0.00177748877333972,-0.000746969722140278
2024-09-01,108,-0.0131035733120992,-0.0121930909280028
2024-09-01,109,0.00160933845742584,0.00225805662444323
2024-09-01,110,-0.0107030978279443,-0.00972415105416413
2024-09-01,111,-0.00413330721393113,-0.00341843509264717
2024-09-01,112,-0.00615043475156307,-0.00577917572933462
2024-09-01,113,0.00475852162335411,0.00561790267441076
2024-09-01,114,0.00466569872309819,0.00511962652432096
2024-09-01,115,-0.000288060289831193,0.000570351018939874
2024-09-01,116,-0.0147096564536966,-0.0154407312160814
2024-09-01,117,0.0132168304052529,0.0145469183687457
2024-09-01,118,0.00810412639652736,0.00828339892381713
2024-09-01,119,-0.00528042512163829,-0.00625306783885726
2024-09-01,120,0.00521512194935347,0.00475829759684565
2024-09-01,121,-0.00356012670794303,-0.00410769744092754
2024-09-01,122,0.0085851373602015,0.00746503992743719
2024-09-01,123,0.00305632017725621,0.00237893400805156
2024-09-01,124,0.00789631358914367,0.00767995034800073
2024-09-01,125,0.000784800209791214,-0.000808815857340051
2024-09-01,126,0.00444695324820721,0.00360880865072133
2024-09-01,127,0.00671984796512426,0.00581102097862463
2024-09-01,128,0.00927385416686999,0.00829009172863415
2024-09-01,129,0.0131156261537138,0.0120300720230979
2024-09-01,130,-0.000833524284829856,-0.00279406377405422
2024-09-01,131,0.0214820968692564,0.0197538348736064
2024-09-01,132,0.00999904680874053,0.00841328833170252
2024-09-01,133,-0.00635864425150245,-0.00829015942378497
2024-09-01,134,0.0141752307080791,0.0128277889771446
2024-09-01,135,0.0133764833433894,0.0117141134401439
2024-09-01,136,0.0195399571750841,0.0175106355418144
2024-09-01,137,0.00226020088499634,-0.000731283395110083
2024-09-01,138,0.0098833793416695,0.00797406748137597
2024-09-01,139,0.0120841662395081,0.00986389752463346
2024-09-01,140,0.0155408772656109,0.0132848306896545
2024-09-01,141,0.0112960792967698,0.00808576267576377
2024-09-01,142,0.00555011038925279,0.00287639124984551
2024-09-01,143,0.0162139037436733,0.0132223769913438
2024-09-01,144,0.0151645124435484,0.012379306237376
2024-09-02,2,0.00781154431566655,0.00647606550461433
2024-09-02,3,0.0193573667518567,0.018640404287158
2024-09-02,4,0.0167960381508019,0.0161266348453033
2024-09-02,5,0.0222826962257727,0.0219346654510488
2024-09-02,6,0.0198251853782923,0.0192111251433893
2024-09-02,7,0.0190938951872655,0.0191267451160062
2024-09-02,8,0.00577913204673308,0.00415931238359946
2024-09-02,9,0.0274267200560434,0.0263765529929767
2024-09-02,10,0.0299479178729243,0.0347545172168466
2024-09-02,11,0.0260883249099262,0.0312944321789743
2024-09-02,12,0.0337248376217438,0.0394599441348671
2024-09-02,13,0.0457254657214232,0.0520351224021827
2024-09-02,14,0.0481546377738633,0.0535193572199582
2024-09-02,15,0.0310622984018378,0.0365860834706275
2024-09-02,16,0.0459975168781419,0.052799250951221
2024-09-02,17,0.0505442393204936,0.0587194188052944
2024-09-02,18,0.0265994430651491,0.032387052058068
2024-09-02,19,0.042893551658806,0.0496204916985494
2024-09-02,20,0.040376151912211,0.0461204442469842
2024-09-02,21,0.0378558577252477,0.0443805196574107
2024-09-02,22,0.0368338078329877,0.0426896747749268
2024-09-02,23,0.02783127389824,0.03375008322746
2024-09-02,24,0.0451668801019993,0.0534901333276796
2024-09-02,25,0.0210008224772906,0.027141407112353
2024-09-02,26,0.00791581635130978,0.0120115168376564
2024-09-02,27,0.0156758405258239,0.0199536856890941
2024-09-02,28,0.0277888496399292,0.0333845075499095
2024-09-02,29,0.0182523859116772,0.0238069740704248
2024-09-02,30,0.0186472270120621,0.0217788650500079
2024-09-02,31,0.0138568953431433,0.0162710837454227
2024-09-02,32,0.0265377129109288,0.0265693328531267
2024-09-02,33,-0.0128854003729524,-0.0119759443448224
2024-09-02,34,0.00655931895211115,0.00853789190650645
2024-09-02,35,0.00128777127397584,0.00260857641442058
2024-09-02,36,-0.00513757943412063,-0.00269406474271783
2024-09-02,37,-0.00996495676484166,-0.0101826962177931
2024-09-02,38,-0.00864576715657961,-0.00599493429777453
2024-09-02,39,-0.0209773193987601,-0.0182179871433217
2024-09-02,40,-0.0133101442412391,-0.0104739586460827
2024-09-02,41,-0.0138954644997336,-0.011979625200377
2024-09-02,42,-0.020526236351829,-0.0195648092872496
2024-09-02,43,-0.0524910683648887,-0.0463937486056967
2024-09-02,44,0.0036242827401809,0.00571592961938805
2024-09-02,45,-0.00933588172322075,-0.00837766657526196
2024-09-02,46,-0.0222043623750414,-0.020295739984741
2024-09-02,47,-0.0699839580850883,-0.0655707226284807
2024-09-02,48,-0.0800323560909044,-0.0745326153613775
2024-09-02,49,-0.0510580066967146,-0.0468298162995673
2024-09-02,50,0.000871752106973211,0.0037682887151913
2024-09-02,51,0.0283253995681063,0.0215266191460817
2024-09-02,52,0.0314678291187915,0.0239976884728232
2024-09-02,53,0.024699894549518,0.0173482119807158
2024-09-02,54,-0.0199162670514221,-0.021968329200698
2024-09-02,55,-0.0232925505812842,-0.0239963643853347
2024-09-02,56,-0.0518484824983938,-0.0479045939672371
2024-09-02,57,-0.0176316059532233,-0.0138929002193038
2024-09-02,58,0.0110752178313422,0.0131816849525048
2024-09-02,59,0.0315094433937553,0.0303672435881932
2024-09-02,60,0.0510172843652015,0.0496338306946527
2024-09-02,61,0.0264357759246208,0.0214494987855929
2024-09-02,62,0.0272115479381343,0.0199356459454538
2024-09-02,63,0.0236814702937727,0.0191136576036204
2024-09-02,64,-0.0405369583795139,-0.0422300757028058
2024-09-02,65,0.0376024418421332,0.035807005770673
2024-09-02,66,-0.00874608728168358,-0.00974252477756465
2024-09-02,67,-0.00264323582278703,-0.00393693487396618
2024-09-02,68,-0.0204011711702021,-0.0221653271755677
2024-09-02,69,-0.00577033478079958,-0.00615935515146759
2024-09-02,70,0.0227843889136095,0.0211845656276903
2024-09-02,71,0.00715473277949563,0.0053069232122418
2024-09-02,72,0.0141689752413869,0.0109393617563835
2024-09-02,73,-0.0126646395735364,-0.0171146777065587
2024-09-02,74,0.00375789382807223,0.000164493114759523
2024-09-02,75,-0.00864547234602497,-0.0119339834080687
2024-09-02,76,-0.0188487427849164,-0.022919128193772
2024-09-02,77,-0.0125335083100087,-0.0180088777874037
2024-09-02,78,0.00217433661414734,-0.00335706231266641
2024-09-02,79,0.0273317374088267,0.0221813712488625
2024-09-02,80,-0.0115894051015788,-0.0161766916952839
2024-09-02,81,-0.00464801589886576,-0.00873945742128335
2024-09-02,82,-0.0189002416721422,-0.0230936816951406
2024-09-02,83,-0.0209806086307873,-0.0250485591430625
2024-09-02,84,-0.01214533092823,-0.0169574404373805
2024-09-02,85,0.00164335181157771,-0.00204608081526736
2024-09-02,86,-0.0180898160331981,-0.02233674603462
2024-09-02,87,-0.0227805894790487,-0.0272046855085186
2024-09-02,88,-0.00400747452020855,-0.00556930630531127
2024-09-02,89,-0.0290696603494363,-0.0282689348356193
2024-09-02,90,-0.0231236232803411,-0.022501168785606
2024-09-02,91,-0.02282413666821,-0.0211119667402029
2024-09-02,92,-0.0134796784589311,-0.0126028921536534
2024-09-02,93,-0.02129665420465,-0.0205925886832077
2024-09-02,94,-0.0133080869079105,-0.0125547265928327
2024-09-02,95,-0.00944951582803721,-0.00851800713288853
2024-09-02,96,-0.0237909816054893,-0.0246453470293728
2024-09-02,97,-0.0211052471608975,-0.021859435664588
2024-09-02,98,-0.0128256614962732,-0.0133421995530689
2024-09-02,99,-0.00404046780891498,-0.00428737747160035
2024-09-02,100,-0.0184891023578935,-0.0198631673707528
2024-09-02,101,-0.0195626615855637,-0.0204106538089306
2024-09-02,102,-0.0198184178193905,-0.0215626033673182
2024-09-02,103,-0.0233386912206024,-0.0248475262205634
2024-09-02,104,-0.00396812269748725,-0.00497568943962534
2024-09-02,105,-0.0300139508584447,-0.0317662556832374
2024-09-02,106,-0.00894158273253876,-0.00912253010929298
2024-09-02,107,-0.0179563445944613,-0.0195905148634061
2024-09-02,108,-0.0122563298183209,-0.0135965772956368
2024-09-02,109,-0.0110573847250484,-0.0118296970041545
2024-09-02,110,-0.0170901095966673,-0.0184630652639868
2024-09-02,111,-0.00228152148977578,-0.00278753940309961
2024-09-02,112,-0.0150558126605063,-0.0161265043098098
2024-09-02,113,-0.00536433280962179,-0.0055792961088148
2024-09-02,114,-0.0188603285231883,-0.0199834949958522
2024-09-02,115,0.00212668071987743,0.00182558942971589
2024-09-02,116,-0.0150235839636679,-0.0161177417073954
2024-09-02,117,-0.00323358694132114,-0.00384188237409155
2024-09-02,118,-0.0143285621978899,-0.0157571390975733
2024-09-02,119,-0.0105649160020542,-0.011170052088918
2024-09-02,120,0.000780216419586921,0.000386743657697863
2024-09-02,121,0.00405848110542006,0.00286277453387385
2024-09-02,122,-0.00647549695597949,-0.0075981720193905
2024-09-02,123,-0.0102949338932561,-0.0114271567828954
2024-09-02,124,0.00417247739773696,0.00300375390938079
2024-09-02,125,-0.011070106330509,-0.0118659730339541
2024-09-02,126,0.00107133814006843,-0.000127175131785506
2024-09-02,127,-0.0110232603745279,-0.0127164196366909
2024-09-02,128,-0.0121766452979593,-0.0142466695698271
2024-09-02,129,0.0190015801979238,0.0183859008611105
2024-09-02,130,-0.00194743454682733,-0.00265672408182027
2024-09-02,131,-0.00165054924528096,-0.00388743099381905
2024-09-02,132,0.00227633276686934,0.00129834381806049
2024-09-02,133,-0.00118354252531194,-0.00310678468142811
2024-09-02,134,0.000859354163027071,-0.000414284238839713
2024-09-02,135,-0.00452417624407619,-0.00703629313091625
2024-09-02,136,-0.00639818626189648,-0.00860906086813706
2024-09-02,137,-0.00600940792949167,-0.00884911363914931
2024-09-02,138,-0.00158337298464151,-0.00345915513004336
2024-09-02,139,-0.000937342293942045,-0.00317785531324333
2024-09-02,140,0.0117413418382339,0.0104664340209535
2024-09-02,141,-0.00984325713059508,-0.0125992299941533
2024-09-02,142,0.00371394262183333,0.00155198480452334
2024-09-02,143,-0.00346010065171054,-0.00531991613766714
2024-09-02,144,0.00398128728690939,0.00210882690765324
2024-09-03,2,-0.00445506096959392,-0.00642433556052247
2024-09-03,3,0.00957442301293465,0.00882914389083389
2024-09-03,4,-0.0196625889363586,-0.0224659291530855
2024-09-03,5,0.01609051103034,0.014699958189448
2024-09-03,6,-0.000912419044400536,-0.00226672532118499
2024-09-03,7,-0.00564427665052314,-0.00742028418276597
2024-09-03,8,-0.00932317174083686,-0.011719814451407
2024-09-03,9,-0.0150267787711149,-0.0168334936393499
2024-09-03,10,-0.00513380802229246,-0.0051439154658155
2024-09-03,11,0.0162296920069718,0.01831094972081
2024-09-03,12,-0.00565387491765268,-0.00442516236481616
2024-09-03,13,-0.00583268843490181,-0.00354947172888842
2024-09-03,14,0.0182034481249378,0.020711988060814
2024-09-03,15,0.00712258878728811,0.00984308187944194
2024-09-03,16,0.0135014406132088,0.0157102921222254
2024-09-03,17,0.0234111932564964,0.0260574188977571
2024-09-03,18,0.0206632314953277,0.0233153857991919
2024-09-03,19,0.0250648259566004,0.0283640500928914
2024-09-03,20,0.0657626566844254,0.0684822408999306
2024-09-03,21,0.0664583533378575,0.0688967048557636
2024-09-03,22,-0.00250849040474943,0.000333071601014368
2024-09-03,23,0.0520094600831769,0.0553806386872608
2024-09-03,24,0.026027436184938,0.0294414805999228
2024-09-03,25,0.0586079245776681,0.0604177166512248
2024-09-03,26,0.0744177036806191,0.0767020521034603
2024-09-03,27,0.0329054863865323,0.0339601602142476
2024-09-03,28,0.0534362002101734,0.0532771358015793
2024-09-03,29,-0.0325042015849117,-0.0310936320225377
2024-09-03,30,-0.104096578423388,-0.0990841298634155
2024-09-03,31,-0.0197788674558268,-0.0159299322466584
2024-09-03,32,0.0669434648187988,0.0685204998718056
2024-09-03,33,-0.00240336529183516,-0.00157720385534255
2024-09-03,34,-0.00458340547469582,-0.00165786219804609
2024-09-03,35,0.025506332055758,0.0261598881799401
2024-09-03,36,0.0307580509672354,0.0318092349328829
2024-09-03,37,0.0367301266516984,0.0373862623539996
2024-09-03,38,-0.0121552510728673,-0.0102805979198575
2024-09-03,39,-0.0726018310988783,-0.0692307706095825
2024-09-03,40,0.0127066885684135,0.0156427998264572
2024-09-03,41,-0.072641748838361,-0.0699954916113565
2024-09-03,42,-0.129529410612879,-0.125583955345832
2024-09-03,43,-0.16311158095611,-0.159190534964006
2024-09-03,44,-0.127536673632084,-0.124358284093649
2024-09-03,45,-0.11475298689077,-0.11180432447302
2024-09-03,46,-0.0815190126066581,-0.0795426151378464
2024-09-03,47,0.0565831684504543,0.0583726835749996
2024-09-03,48,0.0338343983242897,0.0342534019487335
2024-09-03,49,0.0699842186534276,0.0704301474375786
2024-09-03,50,0.0598688211989016,0.0598531724856741
2024-09-03,51,0.0732184945794154,0.0700985477664915
2024-09-03,52,0.0421657692415796,0.0387030529670014
2024-09-03,53,0.0393428300079961,0.0362294419201685
2024-09-03,54,0.017897018515094,0.0149727844392018
2024-09-03,55,0.0188292810525148,0.016902404869148
2024-09-03,56,0.0350787208997607,0.0334890616277033
2024-09-03,57,0.0406061414740808,0.0392905064620077
2024-09-03,58,0.00967252183703682,0.00892702642806675
2024-09-03,59,0.026929267994757,0.0266113555004299
2024-09-03,60,0.0475366908843027,0.0459662990144789
2024-09-03,61,-0.0128492111349763,-0.0142624159858418
2024-09-03,62,0.0337157956803047,0.0320123501286886
2024-09-03,63,0.0427015348727569,0.0397303926142349
2024-09-03,64,0.022942914305581,0.0203019931288502
2024-09-03,65,-0.0248631068984935,-0.0265873458445807
2024-09-03,66,-0.0353360795832165,-0.0337318081394216
2024-09-03,67,0.0189964084314118,0.0193973592251044
2024-09-03,68,-0.0106004337077774,-0.00938613099850016
2024-09-03,69,-0.0184974623143495,-0.017761139920605
2024-09-03,70,-0.0160258826434925,-0.0161934094196816
2024-09-03,71,-0.0239877594390823,-0.0240479822943094
2024-09-03,72,-0.00634800768402144,-0.00675326032871659
2024-09-03,73,0.0200860512866914,0.0204900338441867
2024-09-03,74,-0.0348830279872301,-0.0345153353426841
2024-09-03,75,-0.0386574470203112,-0.0388410166878188
2024-09-03,76,-0.0161116250633055,-0.0166276673491197
2024-09-03,77,-0.0199904189393374,-0.0207456229339193
2024-09-03,78,-0.0188617575262953,-0.021091677802211
2024-09-03,79,-0.0340414843370347,-0.0369177974178054
2024-09-03,80,-0.0128946808985146,-0.0151863499400964
2024-09-03,81,-0.0188759042299536,-0.021174004766312
2024-09-03,82,-0.0335518047689201,-0.0370915222054187
2024-09-03,83,-0.0137444868182754,-0.0169097810909946
2024-09-03,84,-0.0337402343262694,-0.0364805189095865
2024-09-03,85,-0.0432566161485406,-0.0461874992242004
2024-09-03,86,-0.0265871620494007,-0.0298111688597276
2024-09-03,87,-0.0310482788766753,-0.0348367967112235
2024-09-03,88,-0.0283116115541433,-0.0290028652745953
2024-09-03,89,-0.038599254835995,-0.0394959022858501
2024-09-03,90,-0.020108988661216,-0.0197507692867065
2024-09-03,91,-0.00845044755153967,-0.00927976407080688
2024-09-03,92,-0.0287673046396582,-0.0290412651752607
2024-09-03,93,-0.0204525195731748,-0.0218492809999384
2024-09-03,94,-0.0266157148226944,-0.0272963393343142
2024-09-03,95,-0.0185612871574135,-0.0191639746355081
2024-09-03,96,-0.0143196748792116,-0.0149029648429968
2024-09-03,97,-0.018198626002853,-0.0180587180855909
2024-09-03,98,-0.01669467660329,-0.0173586599310953
2024-09-03,99,0.00271765964147264,0.00338502533353235
2024-09-03,100,-0.0149375130366178,-0.015621780121676
2024-09-03,101,0.00476891928498402,0.00523575581100033
2024-09-03,102,-0.0107396540848876,-0.010493966510519
2024-09-03,103,-0.00996094390793623,-0.0101271400435872
2024-09-03,104,-0.00764706746047983,-0.0072535275077934
2024-09-03,105,0.0104389681076755,0.0113974825928587
2024-09-03,106,-0.00920801299194718,-0.00924048796530386
2024-09-03,107,0.00471748036335207,0.00541213287027809
2024-09-03,108,-0.00561980356270997,-0.00489638184513552
2024-09-03,109,0.00813976696373331,0.00839780393317113
2024-09-03,110,-0.00127237683286285,-0.00116288695559064
2024-09-03,111,0.00596772178019567,0.00608399037127683
2024-09-03,112,0.00528146871297519,0.00613066160352993
2024-09-03,113,0.00260638959314363,0.0032869978680079
2024-09-03,114,0.00338045291197187,0.00322977531845936
2024-09-03,115,0.00572299510040697,0.00598255211692589
2024-09-03,116,0.0119040068697682,0.0125287833288183
2024-09-03,117,0.00152348094482235,0.00136277996302248
2024-09-03,118,0.00436515664053161,0.00458064724297813
2024-09-03,119,0.00997689722246964,0.0107389843178449
2024-09-03,120,0.0150185992740708,0.0149772540477269
2024-09-03,121,-0.000265313181544435,0.000460767945805074
2024-09-03,122,0.00376631972941777,0.00326699411839115
2024-09-03,123,0.0146522445123969,0.0147399873850489
2024-09-03,124,0.0155575063417421,0.0158524753335083
2024-09-03,125,0.00743804450152385,0.00775377710193226
2024-09-03,126,0.0055102308877677,0.00557441205815223
2024-09-03,127,0.00833395630893374,0.0083735877208504
2024-09-03,128,0.00307390192293777,0.00248823365257422
2024-09-03,129,0.024141137843575,0.0245268869365169
2024-09-03,130,0.0110369551224627,0.011040841501428
2024-09-03,131,0.0218329255542313,0.0222295124823741
2024-09-03,132,0.0092149313663592,0.00921567093238984
2024-09-03,133,0.00827334108698974,0.00800056178024633
2024-09-03,134,0.0128055112335614,0.0119045223645404
2024-09-03,135,0.022331097563864,0.0228823701987668
2024-09-03,136,0.0045906899366086,0.00344183487273675
2024-09-03,137,0.0142292402551867,0.013482086419037
2024-09-03,138,0.0173148356975394,0.0171755441788157
2024-09-03,139,0.0179289671932628,0.0175357168096291
2024-09-03,140,0.00570455453572905,0.00513268707100067
2024-09-03,141,0.00711575150580668,0.00646555902144286
2024-09-03,142,0.0292883156980599,0.0290518965202171
2024-09-03,143,0.00115995856084261,-0.000350052978630444
2024-09-03,144,0.00251725441749873,0.00120333398220751
2024-09-04,2,0.0130847855897986,0.0105390656845348
2024-09-04,3,0.00927434352988321,0.0081937135766772
2024-09-04,4,-0.000346668894729341,-0.00255436002884579
2024-09-04,5,0.0169546552820474,0.0157124669451569
2024-09-04,6,0.006432780776775,0.00360581047337938
2024-09-04,7,0.0139270931022883,0.0127076874946912
2024-09-04,8,0.00957195860777116,0.00771673819006224
2024-09-04,9,0.0133910054997983,0.0123211420699061
2024-09-04,10,0.00629258444247238,0.00884648528731269
2024-09-04,11,0.0062873482189012,0.0105192000873497
2024-09-04,12,0.026513178481153,0.0312360041400765
2024-09-04,13,0.0133532415809769,0.018241902530379
2024-09-04,14,0.0237986557413095,0.0277975105295738
2024-09-04,15,0.00502708601318602,0.00786147589423969
2024-09-04,16,0.0248875178735366,0.0296660128613659
2024-09-04,17,0.0466884393931366,0.0510730529582233
2024-09-04,18,0.0075694956240584,0.0126465547586339
2024-09-04,19,0.0066741314974168,0.010848761230525
2024-09-04,20,0.0310295212045713,0.0353206607940422
2024-09-04,21,0.0203510328652623,0.0250294669201541
2024-09-04,22,-0.00436602295271005,-0.000532602964375073
2024-09-04,23,0.000112638084601713,0.00510835245390773
2024-09-04,24,0.033875006118735,0.040031542329432
2024-09-04,25,0.0111269684666864,0.0130793912892173
2024-09-04,26,0.00186197519587505,0.00279935543769483
2024-09-04,27,0.0119093759807258,0.0138878212510747
2024-09-04,28,0.0101612199222041,0.0132903277766019
2024-09-04,29,0.00158652651763003,0.0044259532696902
2024-09-04,30,0.00506273615949215,0.00729725527257408
2024-09-04,31,-0.0145695163144222,-0.0143124052212826
2024-09-04,32,0.0170128044751259,0.0170114664655081
2024-09-04,33,-0.00873527968126275,-0.00774369455256441
2024-09-04,34,-0.00240979430779387,-0.00210565479372882
2024-09-04,35,-0.0132728849711023,-0.0134563447770226
2024-09-04,36,0.0141685484528056,0.0133024092907608
2024-09-04,37,-0.00434247374905805,-0.00346542005919304
2024-09-04,38,-0.0128490983900127,-0.0122967382142534
2024-09-04,39,-0.00580433700434657,-0.0057755540861919
2024-09-04,40,0.0138360016114882,0.0127249259543554
2024-09-04,41,-0.00148067822681952,-0.0026883817679284
2024-09-04,42,-0.0155121099259583,-0.0149784863720175
2024-09-04,43,0.00744094705962262,0.00765141600952823
2024-09-04,44,0.0183107207781887,0.0187081301746144
2024-09-04,45,0.00862034739729101,0.00863750596601243
2024-09-04,46,-0.0225901911248689,-0.0209503161385509
2024-09-04,47,0.0369241733715304,0.0344177247820774
2024-09-04,48,-0.0127979494696611,-0.013500323162182
2024-09-04,49,-0.0656206610045489,-0.0588637852652099
2024-09-04,50,-0.0467578966406119,-0.0420741751094713
2024-09-04,51,0.00629963930686017,0.00988321463505493
2024-09-04,52,-0.0577328936217691,-0.0516042580943168
2024-09-04,53,0.0435028107122992,0.040480819945909
2024-09-04,54,0.00480062659338376,-7.76877271189136e-05
2024-09-04,55,-0.0332494276329349,-0.0329378073452009
2024-09-04,56,-0.0198719780972922,-0.0164214932501565
2024-09-04,57,0.0177112483043302,0.0190102731276305
2024-09-04,58,0.0158207162141339,0.0157907482007875
2024-09-04,59,0.01635718528102,0.0155054889782686
2024-09-04,60,0.0632793843631889,0.0573183276965992
2024-09-04,61,0.034196516077861,0.0300759676318698
2024-09-04,62,-0.025364060002186,-0.0203861069070221
2024-09-04,63,0.0756959830914221,0.073390956388133
2024-09-04,64,0.0259224663147855,0.0226442545117678
2024-09-04,65,-0.0513892168446191,-0.0477155304204153
2024-09-04,66,0.000403233009555137,0.000956069939254789
2024-09-04,67,-0.0196260894579376,-0.0205474008836966
2024-09-04,68,0.0037677383748802,0.00244107386111381
2024-09-04,69,-0.056900700284161,-0.0567415269094838
2024-09-04,70,-0.0159594572428716,-0.0194556167514701
2024-09-04,71,-0.0368896213633425,-0.0369444300459687
2024-09-04,72,-0.0311524588802188,-0.0336784474015452
2024-09-04,73,-0.0103118660030876,-0.0148428618949783
2024-09-04,74,-0.0103741035969191,-0.0135955018137963
2024-09-04,75,-0.000287849368136861,-0.0029976726599692
2024-09-04,76,0.0201132074487758,0.0184098278915865
2024-09-04,77,0.0302275382048425,0.0285854991461605
2024-09-04,78,0.0292259390918996,0.0291799273997224
2024-09-04,79,-0.0179281979255563,-0.0170584280392703
2024-09-04,80,-0.0114589122547306,-0.0125019599385823
2024-09-04,81,-0.00235506260477081,-0.00488872369816029
2024-09-04,82,-0.017961914365487,-0.020437088600616
2024-09-04,83,0.00155139355608025,-0.0019897431942546
2024-09-04,84,-0.000563343290500562,-0.00343439164847581
2024-09-04,85,-0.0202734787965175,-0.0243357380514286
2024-09-04,86,-0.0102010100556287,-0.013309636304661
2024-09-04,87,-0.0165522732384025,-0.0204212178777397
2024-09-04,88,-0.0202514695500917,-0.0174225197329561
2024-09-04,89,-0.0275608588083704,-0.0249082589256151
2024-09-04,90,-0.027772247480276,-0.0269777925438897
2024-09-04,91,-0.0205603567067323,-0.0202909664642243
2024-09-04,92,-0.0446898241957494,-0.0465801435832374
2024-09-04,93,-0.0278072976989967,-0.0282904099618335
2024-09-04,94,-0.0363605781922787,-0.0383184119392261
2024-09-04,95,-0.0188230015655675,-0.0197323614975931
2024-09-04,96,-0.0253923348922842,-0.0273143298410448
2024-09-04,97,-0.0143944517883838,-0.0155537928638765
2024-09-04,98,-0.0263687114790545,-0.02773489040848
2024-09-04,99,-0.0200974492335058,-0.0217822120575768
2024-09-04,100,-0.0164404452703111,-0.0178641307084719
2024-09-04,101,-0.00968050883617222,-0.0113706405269038
2024-09-04,102,-0.011344399230679,-0.013122475529415
2024-09-04,103,-0.0188780866716032,-0.0204991191782025
2024-09-04,104,-0.0109825735131768,-0.0120454730207307
2024-09-04,105,-0.00689068264465842,-0.00822905748522018
2024-09-04,106,-0.018855988220202,-0.0203404784738606
2024-09-04,107,-0.00643921384209367,-0.00740639653570163
2024-09-04,108,-0.0121500526948761,-0.0139668444398495
2024-09-04,109,-0.0144925086560725,-0.0163102430673927
2024-09-04,110,0.00247682451710141,0.00266708298845586
2024-09-04,111,-0.0160222558134571,-0.0183280015662515
2024-09-04,112,-0.0102039353719832,-0.0115821758798074
2024-09-04,113,0.011978704199584,0.0126045355596869
2024-09-04,114,-0.0066712966985385,-0.00698954171851796
2024-09-04,115,0.0097016605897311,0.00860826650418467
2024-09-04,116,-0.0101214207009326,-0.0104333075919048
2024-09-04,117,0.00210756418595537,0.000882686796916943
2024-09-04,118,-0.00878077779655406,-0.00913240712167074
2024-09-04,119,0.00894581176609055,0.00838228300214361
2024-09-04,120,-0.00725448627598357,-0.00788598117482309
2024-09-04,121,0.00146698227622366,-3.54383373792899e-05
2024-09-04,122,0.00919424955311499,0.00960151859439229
2024-09-04,123,-0.00379597223864003,-0.00502001886758663
2024-09-04,124,0.00235358827095666,0.00179699435139824
2024-09-04,125,0.00819373347444596,0.00730128198939184
2024-09-04,126,0.0149706754825312,0.0152972582533693
2024-09-04,127,0.010229153514576,0.0104531035002307
2024-09-04,128,0.0133687292842781,0.0144137673147444
2024-09-04,129,-0.0105198580809525,-0.0118635399549714
2024-09-04,130,0.02098494011332,0.021712226939739
2024-09-04,131,0.0153681710468883,0.0153868909207731
2024-09-04,132,0.00601327213990999,0.00624767539538595
2024-09-04,133,0.0192248352424702,0.0196685501997482
2024-09-04,134,0.00332635761528088,0.00368625729841732
2024-09-04,135,0.0167938888806596,0.0161687345023473
2024-09-04,136,0.0115128192492477,0.0114697625539044
2024-09-04,137,0.000512470282281186,0.000862607603169252
2024-09-04,138,0.0430901658418268,0.0434581720859519
2024-09-04,139,0.0114100577332108,0.0122425028498636
2024-09-04,140,0.0149619857989318,0.0152608567764023
2024-09-04,141,0.00191797678568939,0.00151835285269541
2024-09-04,142,0.0208261146915856,0.0215988944225742
2024-09-04,143,0.00894300152205307,0.00867058117039043
2024-09-04,144,0.0253008009428166,0.0260228946732592
2024-09-05,2,0.0133366870847729,0.00978615472484634
2024-09-05,3,0.0107267054222495,0.0077410410799974
2024-09-05,4,0.0318318069281593,0.0288538185186091
2024-09-05,5,0.0153255337661768,0.0119411899567226
2024-09-05,6,0.0228342975295304,0.0197092590745083
2024-09-05,7,0.0257278676529049,0.0222685325718803
2024-09-05,8,0.00648975688774556,0.00236109756129466
2024-09-05,9,0.0358104004402611,0.0331860997198259
2024-09-05,10,0.0245418658796694,0.0228504603711084
2024-09-05,11,0.0441730115997014,0.0472278061748614
2024-09-05,12,0.0150331952891909,0.0179552189888827
2024-09-05,13,0.0399509457783642,0.0437954907739186
2024-09-05,14,0.0350094811657202,0.0395486662674696
2024-09-05,15,0.0388615908990744,0.0448081818878503
2024-09-05,16,0.0200722062309726,0.0251799512055193
2024-09-05,17,0.0120040442708547,0.0175710672041536
2024-09-05,18,0.0272860678098512,0.0345242317677794
2024-09-05,19,0.00282031400335914,0.010110043839429
2024-09-05,20,0.0337713578927756,0.0410793601558073
2024-09-05,21,0.0153974683491214,0.0232268966432727
2024-09-05,22,0.0210527498423687,0.0297962265026879
2024-09-05,23,0.0184350454889985,0.0280887532607288
2024-09-05,24,0.000873121408064392,0.00891913570326075
2024-09-05,25,0.0144718762251834,0.0214155234797975
2024-09-05,26,0.0398595776424537,0.0453046764871914
2024-09-05,27,0.0183018023471826,0.024943125001732
2024-09-05,28,0.0161203135457191,0.0221236034886552
2024-09-05,29,-0.0130006724482641,-0.00836964848859267
2024-09-05,30,0.00466386189098156,0.00933411108299076
2024-09-05,31,-0.00688221096750663,-0.00321226663607987
2024-09-05,32,0.0245515365402991,0.0284832315824843
2024-09-05,33,-0.0200453201354129,-0.0168106180724159
2024-09-05,34,0.00881175231683695,0.0107184448632882
2024-09-05,35,-0.0189317302787746,-0.016443112968501
2024-09-05,36,0.023747683146091,0.0263847464982891
2024-09-05,37,-0.0079886419618127,-0.00589130032049745
2024-09-05,38,-0.029509475190757,-0.0271112970513165
2024-09-05,39,0.012353513068776,0.014217621113529
2024-09-05,40,0.00774290336591132,0.00838518826104284
2024-09-05,41,0.00929835836213755,0.0100535135622088
2024-09-05,42,-0.0350397082417517,-0.0349179920840346
2024-09-05,43,-0.00241082236948298,-0.00152533662728871
2024-09-05,44,0.0275991963065856,0.0284989965128482
2024-09-05,45,0.00546254010414504,0.00564128959170596
2024-09-05,46,-0.0366456177318248,-0.0361460576348058
2024-09-05,47,0.012373827431575,0.0128647180078652
2024-09-05,48,0.0258258809226124,0.0262619533380946
2024-09-05,49,0.0107250119365556,0.0110082511650269
2024-09-05,50,-0.00013113720118163,-0.00145743320296887
2024-09-05,51,-0.0143275641936,-0.0148051227391832
2024-09-05,52,0.00358331779890442,0.00261652078824959
2024-09-05,53,0.00759485627827239,0.00657426097430047
2024-09-05,54,0.0049401128015365,0.0038183269164147
2024-09-05,55,0.0195041580017987,0.0182320141775172
2024-09-05,56,0.00902474394507191,0.00771545481133984
2024-09-05,57,0.0128921393794812,0.0117364772790562
2024-09-05,58,0.0315871989901186,0.0299198731471879
2024-09-05,59,0.0158052736846415,0.0131677786760491
2024-09-05,60,0.0232819927806718,0.0216387185888323
2024-09-05,61,0.0307314468388684,0.0291418533897652
2024-09-05,62,0.0137853663959744,0.0103867496413557
2024-09-05,63,0.00639961733915495,0.00457512228746815
2024-09-05,64,0.0164648882013596,0.015139021183268
2024-09-05,65,0.0293965374757139,0.0273459054219209
2024-09-05,66,-0.0230287664438,-0.0257582207960425
2024-09-05,67,0.0338279375046797,0.0333106463687365
2024-09-05,68,-0.135919529297754,-0.135472669780498
2024-09-05,69,-0.0638441023081713,-0.0639908879548088
2024-09-05,70,-0.0250211134108458,-0.0251841395917864
2024-09-05,71,-0.0370166894317032,-0.0390606435033725
2024-09-05,72,-0.0228842165673608,-0.0235241436335691
2024-09-05,73,-0.0669556162529013,-0.0686934085917184
2024-09-05,74,-0.0474429750410357,-0.0475528452321168
2024-09-05,75,-0.0459600282725665,-0.0472196719279285
2024-09-05,76,-0.0399792020925416,-0.0411917338292653
2024-09-05,77,-0.0310900935837757,-0.0330653345083709
2024-09-05,78,-0.0295783824799454,-0.032959150645218
2024-09-05,79,-0.0119974897052044,-0.0150330932990874
2024-09-05,80,-0.0433132386080466,-0.0482082453373955
2024-09-05,81,-0.0129212816098434,-0.0173397020076278
2024-09-05,82,-0.0114565764737624,-0.0159180609574383
2024-09-05,83,-0.0216699537846505,-0.0273532732110615
2024-09-05,84,-0.00463577160602702,-0.0104348789328297
2024-09-05,85,-0.0223772619635034,-0.0281688727293217
2024-09-05,86,-0.0113136950718999,-0.0178893749747253
2024-09-05,87,-0.00255741981055513,-0.00834315657372375
2024-09-05,88,-0.0309443913659924,-0.0336458515004043
2024-09-05,89,-0.0320129019917208,-0.0331237458605251
2024-09-05,90,-0.0390954938083943,-0.0405957481281041
2024-09-05,91,-0.016369016363091,-0.0165555580780978
2024-09-05,92,-0.027680695883908,-0.0285478457397508
2024-09-05,93,-0.02267692820319,-0.0214055529720518
2024-09-05,94,-0.0250366026320448,-0.0255394260319175
2024-09-05,95,-0.0237014307024679,-0.0229581828146044
2024-09-05,96,-0.0187608624773099,-0.0179033911974704
2024-09-05,97,-0.00985454378897765,-0.00873845997397282
2024-09-05,98,-0.0135502274385821,-0.0132138766534657
2024-09-05,99,-0.0203823723023668,-0.0198109902090691
2024-09-05,100,-0.0213899388899637,-0.0208151059217583
2024-09-05,101,-0.0101228454807396,-0.00979063532230473
2024-09-05,102,-0.0141821936833741,-0.0136339169542472
2024-09-05,103,-0.0185510351533749,-0.0185547892467595
2024-09-05,104,-0.00926381762855177,-0.00879212374528127
2024-09-05,105,-0.0198593987809508,-0.0199228206874205
2024-09-05,106,-0.000695471824686322,-0.000519186498642021
2024-09-05,107,-0.0262218601339841,-0.0262286371894973
2024-09-05,108,0.00757174880087774,0.00869862830628954
2024-09-05,109,-0.00355805979796608,-0.00264191245599399
2024-09-05,110,-0.00678553720538133,-0.00617980406706131
2024-09-05,111,0.00983535177416339,0.0108953094970392
2024-09-05,112,-0.00839067691495998,-0.00791978964693207
2024-09-05,113,0.00848786459027728,0.00945246518604037
2024-09-05,114,-0.00225784535931872,-0.00191449836098556
2024-09-05,115,0.00212060425821914,0.0031882409675692
2024-09-05,116,0.017517198650288,0.018271125008237
2024-09-05,117,0.00820294495022544,0.00879717992969908
2024-09-05,118,0.00447439766061919,0.00448330453385637
2024-09-05,119,0.00322722954185295,0.00287257691446285
2024-09-05,120,-0.00161413575511915,-0.00278777102500349
2024-09-05,121,0.0113038828114229,0.0113929896606937
2024-09-05,122,-0.00159405693062098,-0.00262344798256109
2024-09-05,123,0.0141303265711086,0.014126714984048
2024-09-05,124,0.00779684135230152,0.00534385991322139
2024-09-05,125,0.000323611163695503,-0.000624785718779108
2024-09-05,126,-0.00114792726622603,-0.00236018730967302
2024-09-05,127,0.0169766301188776,0.0159983465365539
2024-09-05,128,-0.00698030684132434,-0.00914272374306258
2024-09-05,129,0.0223591121592239,0.0218200957980734
2024-09-05,130,0.00301872572519457,0.00182392263228159
2024-09-05,131,0.00987952317235585,0.00813642371544354
2024-09-05,132,0.0117815970211357,0.00995497916907873
2024-09-05,133,0.00307497169820969,0.000930925085292245
2024-09-05,134,0.0190596576831252,0.017696792703207
2024-09-05,135,0.0070704028653088,0.00506212552376439
2024-09-05,136,0.0134445188140333,0.0119621207856841
2024-09-05,137,0.0173431289478589,0.0152912586316365
2024-09-05,138,0.0156999266403721,0.0135433753936702
2024-09-05,139,-0.00314196362127994,-0.00562488206366218
2024-09-05,140,0.0130725218460714,0.0106526652531791
2024-09-05,141,0.00991873439612423,0.00742129840049088
2024-09-05,142,0.0196183984177738,0.0176133310244015
2024-09-05,143,0.0129915877941595,0.0106520834423929
2024-09-05,144,0.0100700301234395,0.00680425600974566
2024-09-06,2,0.0335155755285852,0.0326834393873554
2024-09-06,3,0.0132666192637085,0.0127196289847351
2024-09-06,4,-0.00073896859231315,-0.00196466429510345
2024-09-06,5,0.0349378472622091,0.0337431925219338
2024-09-06,6,0.0180345445893435,0.0171471832810042
2024-09-06,7,0.0174034448386591,0.0173610229520893
2024-09-06,8,0.0223431843587045,0.0216138313911483
2024-09-06,9,0.0172603107259581,0.0162617703510808
2024-09-06,10,0.0467940637823592,0.0482834899934481
2024-09-06,11,0.0195635762084736,0.0246428555602023
2024-09-06,12,0.0242269961739261,0.0295960234074109
2024-09-06,13,0.0316292009030503,0.0367302473347824
2024-09-06,14,0.0279587790571973,0.0338680283327886
2024-09-06,15,0.0251300898699558,0.0312092220953044
2024-09-06,16,0.029520125451743,0.0345170910416854
2024-09-06,17,0.012876515739876,0.0191076843394669
2024-09-06,18,0.0304604293794268,0.0363970911038418
2024-09-06,19,0.00802638489475793,0.0133298221995108
2024-09-06,20,0.031714883008152,0.0377804251877389
2024-09-06,21,0.0176027481129442,0.0227046249016922
2024-09-06,22,0.0267155643257997,0.0326981394177981
2024-09-06,23,0.0232142392574435,0.02861431885621
2024-09-06,24,0.00114256220591624,0.00591215636380937
2024-09-06,25,0.0315557533319941,0.0367969010742772
2024-09-06,26,0.0182510151583202,0.0203794771018231
2024-09-06,27,0.0212699698021002,0.0240645548164924
2024-09-06,28,0.0070822239766084,0.0097704050969849
2024-09-06,29,0.0014567432359156,0.0034158811591336
2024-09-06,30,2.46934753507233e-05,0.00299873594463307
2024-09-06,31,-0.00424102004991234,-0.00342665611934123
2024-09-06,32,0.0302125397354711,0.0316565232957
2024-09-06,33,-0.0104445845030643,-0.00935180783644363
2024-09-06,34,-0.0179822898937934,-0.0178069296410808
2024-09-06,35,0.0294928535778016,0.0314015947687789
2024-09-06,36,-0.00365272592823551,-0.0032837192560411
2024-09-06,37,-0.00815185252752126,-0.0073409926647674
2024-09-06,38,-0.00749244977890839,-0.00670415166416483
2024-09-06,39,0.0151887521619107,0.0159562932155932
2024-09-06,40,-0.00832669020895072,-0.00970380188519648
2024-09-06,41,0.00389760434389963,0.00421323275620722
2024-09-06,42,-0.0253108026470326,-0.0256822889906676
2024-09-06,43,-0.011572259925968,-0.011238516114993
2024-09-06,44,0.0435375022160809,0.041978993955798
2024-09-06,45,0.0167535304000941,0.01630799045566
2024-09-06,46,-0.0187864621793867,-0.0202570090419929
2024-09-06,47,0.0287824025459722,0.0282829669679572
2024-09-06,48,0.017878016828595,0.017298345375762
2024-09-06,49,-0.156293684843763,-0.149405800382022
2024-09-06,50,0.0339329730713462,0.0338705554667271
2024-09-06,51,-0.0536639714504883,-0.05506952369808
2024-09-06,52,-0.109610220140842,-0.107631963651436
2024-09-06,53,-0.0771303455797003,-0.0757309306147231
2024-09-06,54,-0.0485750650826304,-0.0492548763196599
2024-09-06,55,-0.0598256590028541,-0.0597006947587069
2024-09-06,56,0.0521594296386088,0.0482541291461782
2024-09-06,57,0.0499554337361356,0.0445559771779411
2024-09-06,58,0.0349197567153032,0.0314237891507751
2024-09-06,59,-0.0558703911695515,-0.0553846744799174
2024-09-06,60,0.0314963530583379,0.0318956743303822
2024-09-06,61,0.0713905502297765,0.0696868535447734
2024-09-06,62,0.0598121174228288,0.0567518295087623
2024-09-06,63,0.033224626563122,0.0339421867061382
2024-09-06,64,0.0191522317517654,0.0180785465225668
2024-09-06,65,0.0271611514104455,0.0266816702662833
2024-09-06,66,-0.0152525797200855,-0.0160372645661937
2024-09-06,67,-0.0305539470365668,-0.0279084335043152
2024-09-06,68,-0.00738795179629115,-0.00698388490362767
2024-09-06,69,0.00113745358049933,0.000610698600109316
2024-09-06,70,0.00270911494522963,-2.67350536251598e-05
2024-09-06,71,0.0269326466426163,0.0235480937262817
2024-09-06,72,0.00296317625867371,0.0010178837747219
2024-09-06,73,0.0137909446971944,0.0117140742280561
2024-09-06,74,0.00790155360100631,0.00550527577979665
2024-09-06,75,0.0214045572858259,0.0200671120590012
2024-09-06,76,-0.0102542571097253,-0.0118747224330065
2024-09-06,77,0.015648591587162,0.013966296342975
2024-09-06,78,0.00226418791166605,0.000218624812449164
2024-09-06,79,-0.0199474508344721,-0.0210594775068706
2024-09-06,80,-0.00350974394303805,-0.00534900398454674
2024-09-06,81,-0.0165781152610425,-0.0191623706099868
2024-09-06,82,-0.00311919370233138,-0.00572800456606437
2024-09-06,83,-0.0170650566446131,-0.0203274928824957
2024-09-06,84,-0.0141275487714423,-0.0170404363499044
2024-09-06,85,-0.0220255003183913,-0.0272792445964249
2024-09-06,86,0.00375112814268475,0.0001758162731198
2024-09-06,87,-0.037805233736818,-0.0409698436570647
2024-09-06,88,-0.0220344190252741,-0.0215670331858071
2024-09-06,89,-0.0362057845002504,-0.0354938803828464
2024-09-06,90,-0.0308251473227434,-0.0295106368962728
2024-09-06,91,-0.0271333962108855,-0.026973113175603
2024-09-06,92,-0.0301121373472473,-0.0298212821726409
2024-09-06,93,-0.0254509782721186,-0.0257868273428974
2024-09-06,94,-0.0247499405658584,-0.0247755965358296
2024-09-06,95,-0.0156195847203908,-0.0155658308379376
2024-09-06,96,-0.0151380372237298,-0.0154298151905996
2024-09-06,97,-0.0147485802304335,-0.0148225996580669
2024-09-06,98,-0.0309487827081294,-0.032337644647181
2024-09-06,99,-0.00931933951293029,-0.00963295861185642
2024-09-06,100,-0.0176505223682009,-0.0186970392578383
2024-09-06,101,-0.0272254364221585,-0.0287949133771273
2024-09-06,102,-0.0205065186418572,-0.0222124128593366
2024-09-06,103,-0.0206614434195616,-0.0231496292244566
2024-09-06,104,-0.0190234258788968,-0.0204431549699384
2024-09-06,105,-0.0128183678910672,-0.0135026148728778
2024-09-06,106,-0.0206675196413211,-0.0221356540229047
2024-09-06,107,-0.0155305337638239,-0.0175757330143904
2024-09-06,108,-0.0226084260338815,-0.023550598579984
2024-09-06,109,-0.00387628036272858,-0.00495786939821663
2024-09-06,110,-0.0153216450516087,-0.01676684087733
2024-09-06,111,-0.00634260173907197,-0.0075756708412289
2024-09-06,112,-0.0148835711293431,-0.0160393835476498
2024-09-06,113,-0.0123768480494899,-0.0133124628652208
2024-09-06,114,-0.0116271242514454,-0.0123764682224419
2024-09-06,115,0.00075496618297688,-0.000521115796766836
2024-09-06,116,-0.00540516454085793,-0.00604894293910796
2024-09-06,117,-0.0151161389116234,-0.0165692841309237
2024-09-06,118,0.00455292983586197,0.00382683224495217
2024-09-06,119,-0.00486327831242939,-0.0059824948768501
2024-09-06,120,-0.00796005485147866,-0.00936549394949715
2024-09-06,121,-0.00153670641695935,-0.00212423075929991
2024-09-06,122,0.00198424791251739,0.0014037120907755
2024-09-06,123,-0.0114865842284839,-0.0125889868535758
2024-09-06,124,0.011554578441161,0.0114231028094363
2024-09-06,125,-0.00485221749588138,-0.0064873089421198
2024-09-06,126,0.0106600376109753,0.0109357900548535
2024-09-06,127,0.00220253568725326,0.0011493519055108
2024-09-06,128,-0.000850113383023654,-0.0010385214152997
2024-09-06,129,0.00988130665783427,0.00932993493223933
2024-09-06,130,0.00355880002836795,0.00282686888729167
2024-09-06,131,-0.00101775950536798,-0.00178947457615131
2024-09-06,132,0.010511845650699,0.0107828105927208
2024-09-06,133,0.00837472225974434,0.00726771058010378
2024-09-06,134,0.0135116157785715,0.0135751783999964
2024-09-06,135,0.0061961217289701,0.0054717886347877
2024-09-06,136,0.0033696558510643,0.00172892719637296
2024-09-06,137,0.00157189869225682,0.000265159589924124
2024-09-06,138,0.0196562016010526,0.0191029679674966
2024-09-06,139,0.00140754205268134,0.000191046797599626
2024-09-06,140,0.0324121959027597,0.0316610565258824
2024-09-06,141,-0.00588511988017615,-0.007244952016217
2024-09-06,142,0.0136588498890537,0.0127561582949003
2024-09-06,143,0.0215531334910652,0.0206308860041684
2024-09-06,144,0.0017609022720162,0.000632918120315296
2024-09-07,2,0.00620051266595212,0.00429423156940523
2024-09-07,3,0.0206387980918068,0.0195734707918298
2024-09-07,4,0.0142610778600236,0.0122730040413686
2024-09-07,5,0.00526900106471206,0.00268586949196603
2024-09-07,6,0.0203841765500146,0.0192289023669545
2024-09-07,7,0.0212451583597835,0.0197194528017111
2024-09-07,8,0.0223300426979325,0.0205394611566376
2024-09-07,9,0.00930004215338975,0.00657838996819571
2024-09-07,10,0.0364659812118617,0.0363636848307145
2024-09-07,11,0.0274260356746687,0.0318761206762375
2024-09-07,12,0.0265875490485232,0.0323851175988352
2024-09-07,13,0.0355390794035024,0.0405298191129297
2024-09-07,14,0.0305375163052313,0.0366070936952241
2024-09-07,15,0.0280145360224004,0.0335958540051475
2024-09-07,16,0.0290137155480412,0.0354182226410025
2024-09-07,17,0.0361674367002447,0.043349689049144
2024-09-07,18,0.0398574362924622,0.0472908095501676
2024-09-07,19,0.0264493868744458,0.03408102295624
2024-09-07,20,0.0224461255168631,0.0291819125749786
2024-09-07,21,0.027973399008502,0.0351374446654109
2024-09-07,22,0.00780673444886126,0.016075003435633
2024-09-07,23,0.0230090472217945,0.0315620646574306
2024-09-07,24,0.00839980750772806,0.0156952154020527
2024-09-07,25,0.0106940589065792,0.0173668022650357
2024-09-07,26,0.0167195632477952,0.0224319604903727
2024-09-07,27,0.012449041920565,0.0176163252843704
2024-09-07,28,0.0113112584387434,0.0167930383961448
2024-09-07,29,-0.0148791667506396,-0.0103784576697485
2024-09-07,30,-0.00735891652618115,-0.00336311923639521
2024-09-07,31,-0.00599497509763669,-0.00240546817557785
2024-09-07,32,-0.0112232074681655,-0.00874616225310199
2024-09-07,33,-0.0158130230665519,-0.012861748968465
2024-09-07,34,-0.0285333700635695,-0.0271364532787963
2024-09-07,35,-0.0120571897151418,-0.00988557671399981
2024-09-07,36,0.007974403830314,0.010229052993866
2024-09-07,37,-0.024310056625918,-0.02285618259031
2024-09-07,38,-0.0380432570616742,-0.0366232578316925
2024-09-07,39,0.00546134309817248,0.00650659810599485
2024-09-07,40,-0.0170961529120355,-0.0151986767611643
2024-09-07,41,-0.0264744632727636,-0.0269309711196541
2024-09-07,42,-0.0262353528965429,-0.0251822096366823
2024-09-07,43,-0.0111279806478715,-0.010944754071943
2024-09-07,44,0.022986956045556,0.0233877867113481
2024-09-07,45,-0.003632296803187,-0.00461137216250762
2024-09-07,46,-0.0361983482542181,-0.0369833219181963
2024-09-07,47,-0.0775000005487421,-0.0763563330353403
2024-09-07,48,-0.0164300634921073,-0.0117922077991732
2024-09-07,49,0.0408177151405562,0.0382489557959893
2024-09-07,50,-0.00148198617149831,-0.0050312682416962
2024-09-07,51,-0.00837566661633726,-0.00978491756580802
2024-09-07,52,-0.00902279654078519,-0.00950602502438791
2024-09-07,53,0.0313578440989719,0.0295100690973342
2024-09-07,54,0.00325954585359156,-0.00270682960890944
2024-09-07,55,0.0157875285613764,0.0122203022988181
2024-09-07,56,0.0131840530769924,0.00919449817139473
2024-09-07,57,0.0207865079320264,0.0191361240564927
2024-09-07,58,0.0104133501195252,0.00772459395693659
2024-09-07,59,0.0235379251464725,0.0228548960189645
2024-09-07,60,0.0132510040334664,0.00937906153034263
2024-09-07,61,0.0418109955079347,0.039331090995816
2024-09-07,62,0.0362882262714077,0.035760895070247
2024-09-07,63,0.0391907319089775,0.0406178184455115
2024-09-07,64,0.014616482547992,0.01498076417964
2024-09-07,65,0.0473843695160969,0.0487376599480349
2024-09-07,66,-0.00059249706919573,-1.83744047408396e-05
2024-09-07,67,0.0215771950873691,0.0228493074327805
2024-09-07,68,-0.0362625062077404,-0.0349567130779054
2024-09-07,69,-0.00222137908680864,-0.00278715989299982
2024-09-07,70,-0.0130229140890723,-0.0140824895855172
2024-09-07,71,0.00655640301247029,0.00637519453364987
2024-09-07,72,-0.0227415620364191,-0.0239296803780338
2024-09-07,73,-0.0561111228185602,-0.0587001047297591
2024-09-07,74,-0.01724575569005,-0.0205521220896205
2024-09-07,75,-0.0171964435521277,-0.021533139446424
2024-09-07,76,0.0035122093557467,-0.00187299229404125
2024-09-07,77,-0.00815978026266606,-0.013997481327948
2024-09-07,78,-0.0169575341624979,-0.0218438919157435
2024-09-07,79,-0.0194788415720595,-0.0246195681786041
2024-09-07,80,-0.0279409084747151,-0.0327170653455031
2024-09-07,81,-0.0371075801947844,-0.0426248056778231
2024-09-07,82,-0.0205349610703958,-0.0262461298321881
2024-09-07,83,-0.032220852540406,-0.0383413431795407
2024-09-07,84,-0.0206370566481109,-0.025340876718821
2024-09-07,85,-0.021693494630719,-0.026321028187124
2024-09-07,86,-0.0247694578998763,-0.0296082988246225
2024-09-07,87,-0.0233732221293232,-0.0252451888319616
2024-09-07,88,-0.0208577736817221,-0.0189184201226222
2024-09-07,89,-0.0134530129324379,-0.0115374280017724
2024-09-07,90,-0.0231055400804543,-0.0207642416660825
2024-09-07,91,-0.0151066434433682,-0.0133018395195617
2024-09-07,92,-0.0241346759101511,-0.023175194520487
2024-09-07,93,-0.00962011066447044,-0.00845059432151363
2024-09-07,94,-0.0120485983256993,-0.010945906056385
2024-09-07,95,-0.0131106882021945,-0.0117721903592063
2024-09-07,96,-0.0127047633765724,-0.0118993280148292
2024-09-07,97,-0.00740373503696157,-0.00638773041396501
2024-09-07,98,-0.00911066226283008,-0.00814636811434166
2024-09-07,99,-0.0109549626625962,-0.0102419141841397
2024-09-07,100,0.000626094077543105,0.00151196563001221
2024-09-07,101,0.0023639380362539,0.00399656717410934
2024-09-07,102,-0.00451441070678804,-0.00418341867939098
2024-09-07,103,-0.00464630482376549,-0.00358197290744577
2024-09-07,104,-0.00580758130910031,-0.00480286806354968
2024-09-07,105,-0.000659882119194322,-0.000193739255662351
2024-09-07,106,0.00224451833028816,0.00268667185915739
2024-09-07,107,-0.0094860251005624,-0.0101447040558895
2024-09-07,108,-0.00626020107100977,-0.00616810457127492
2024-09-07,109,0.002349151336972,0.00163892422926892
2024-09-07,110,-0.0118219530129018,-0.0125267721592781
2024-09-07,111,0.00424721601542366,0.0037360203801402
2024-09-07,112,-0.0130076420242284,-0.0145579019981774
2024-09-07,113,-0.00339362444698921,-0.00498975595638385
2024-09-07,114,-0.00601550941512397,-0.00680564901612435
2024-09-07,115,-0.000598311352203673,-0.00195492984543577
2024-09-07,116,0.00150998873923225,0.00120862399075961
2024-09-07,117,-0.0144823111816743,-0.0164249465868043
2024-09-07,118,0.00144607954377651,-0.00024298515749166
2024-09-07,119,-0.0114545447429357,-0.0137135848508088
2024-09-07,120,-0.0114284779012443,-0.0139388555118192
2024-09-07,121,-0.00445748716225758,-0.00593424908859497
2024-09-07,122,-0.00299161217649235,-0.00478989708153854
2024-09-07,123,-0.00539415876574001,-0.00720449855196392
2024-09-07,124,-0.013449165359801,-0.0161053120891381
2024-09-07,125,-0.00079929973062054,-0.00157420295448318
2024-09-07,126,0.00420609906853642,0.00231029274597105
2024-09-07,127,-0.0104165146096955,-0.0120828485083386
2024-09-07,128,0.00375946083434364,0.00178217588958418
2024-09-07,129,-0.000341172836399117,-0.00177284941476152
2024-09-07,130,-0.00195087855866927,-0.00369233259013235
2024-09-07,131,0.011577516492042,0.0103481243153318
2024-09-07,132,-0.0012633537125275,-0.00304497906886247
2024-09-07,133,-0.00291475034906519,-0.0041810636676356
2024-09-07,134,0.0187997475868684,0.0169582898375378
2024-09-07,135,0.00296903305117091,0.001964865779712
2024-09-07,136,0.000830967708068897,-0.00162999949450615
2024-09-07,137,0.0152671050323105,0.0147518059413638
2024-09-07,138,-0.00370899647747347,-0.00649526965327141
2024-09-07,139,0.00897164944538176,0.00728246747733152
2024-09-07,140,0.0100924820127011,0.00895378780959355
2024-09-07,141,0.0121683751260591,0.0101641412279072
2024-09-07,142,-0.00358848289990288,-0.00562944290723877
2024-09-07,143,0.0242893702098188,0.0230764025111601
2024-09-07,144,0.00691517974643663,0.00424516286953924
2024-09-08,2,0.00744651488913561,0.00553010603536386
2024-09-08,3,0.0156847405345033,0.0143267452884217
2024-09-08,4,0.0208610070844104,0.0189084204428092
2024-09-08,5,0.00703423560423388,0.00571069074741537
2024-09-08,6,0.0209121034725488,0.0195183937780854
2024-09-08,7,0.0190202054505644,0.0176347306635662
2024-09-08,8,-8.75446500181454e-05,-0.00274931956202984
2024-09-08,9,0.0200255719616038,0.0179235847773338
2024-09-08,10,0.0268036473493307,0.0253187352213686
2024-09-08,11,0.0165452729585915,0.0209899319133662
2024-09-08,12,0.0331358712660945,0.0390533654713394
2024-09-08,13,0.0434125536501018,0.0493688713072729
2024-09-08,14,0.0240847106031952,0.0289113049189442
2024-09-08,15,0.0308294556853763,0.0360026913372717
2024-09-08,16,0.037967203489309,0.0444718870179184
2024-09-08,17,0.0250424499035073,0.0313448772988885
2024-09-08,18,0.0329121161147157,0.0389112758321257
2024-09-08,19,0.0228152125507242,0.0295692276210744
2024-09-08,20,0.0372525904153607,0.0443851017889276
2024-09-08,21,0.025454988038252,0.0317053798508624
2024-09-08,22,0.0270346099855931,0.0343644137100547
2024-09-08,23,0.0177519055851079,0.0246997387858308
2024-09-08,24,0.0124516809042658,0.0193697718332242
2024-09-08,25,0.0369492558353581,0.0417174133028375
2024-09-08,26,0.0209508547215167,0.0252646973343982
2024-09-08,27,0.021681103203643,0.0256820512391283
2024-09-08,28,0.00520538921954028,0.00963754497369962
2024-09-08,29,0.0176573530133588,0.0217009632966327
2024-09-08,30,0.00899695757901409,0.0133071362981951
2024-09-08,31,-0.010091204931725,-0.00866547280672059
2024-09-08,32,0.0168076815119997,0.0191257009249206
2024-09-08,33,-0.00411527437748394,-0.00263194845882531
2024-09-08,34,0.0151234659358161,0.0167544568429765
2024-09-08,35,-0.0195025332468282,-0.0179785456456756
2024-09-08,36,0.00735842039664902,0.00849096718718378
2024-09-08,37,0.012273436635537,0.012833989488362
2024-09-08,38,-0.00592406909863641,-0.00489823830702285
2024-09-08,39,0.0128824541996515,0.012490517069633
2024-09-08,40,-0.0136314096957388,-0.0129334800694814
2024-09-08,41,-0.00713922502644948,-0.00728039214005349
2024-09-08,42,-0.00622619294872262,-0.00579264450625949
2024-09-08,43,-3.65455467008502e-05,-0.000841279313874566
2024-09-08,44,0.038925970868096,0.038036054388348
2024-09-08,45,-0.0159955836398309,-0.0158113241241917
2024-09-08,46,-0.0454379457383647,-0.0442451196069076
2024-09-08,47,0.0713358453576536,0.0676100541740379
2024-09-08,48,0.0357457802166197,0.0309037019521039
2024-09-08,49,0.025323670655788,0.0234851982234456
2024-09-08,50,-0.0171365252320586,-0.0188943060548361
2024-09-08,51,0.0138388402524923,0.0134147064280139
2024-09-08,52,-0.0478974972485968,-0.0463192032527715
2024-09-08,53,-0.0567802396638895,-0.0520681649712618
2024-09-08,54,0.0472471422055412,0.0476155472658473
2024-09-08,55,0.0369032043872055,0.034871590761723
2024-09-08,56,-0.0146672025346897,-0.0162070137699075
2024-09-08,57,0.0592990818365307,0.0605223553318055
2024-09-08,58,0.000982415518819835,0.000826436294767419
2024-09-08,59,-0.0107910056742018,-0.00882168943871342
2024-09-08,60,-0.0471191605111434,-0.0432782940540353
2024-09-08,61,0.0435023115490907,0.0427670276362431
2024-09-08,62,-0.0206654700531486,-0.0206036305037927
2024-09-08,63,-0.081645786136451,-0.0790516697564776
2024-09-08,64,-0.0906015116161383,-0.0883481422604291
2024-09-08,65,-0.0702475867940642,-0.070259144561895
2024-09-08,66,-0.0809079416329563,-0.0809869023178109
2024-09-08,67,-0.102831092211663,-0.10447970318141
2024-09-08,68,-0.0601147037418874,-0.0623973635243722
2024-09-08,69,0.00255591027022728,0.00159681417101787
2024-09-08,70,0.0393191131321355,0.0368968849723039
2024-09-08,71,0.022900839946602,0.0224128658010727
2024-09-08,72,0.0146445508932986,0.0125102022069328
2024-09-08,73,0.020710644986333,0.0189304467915292
2024-09-08,74,0.0196491364275744,0.0159157452829319
2024-09-08,75,-0.0153226355314233,-0.0178541372668359
2024-09-08,76,0.028311603350641,0.025599420843406
2024-09-08,77,0.0448000668135693,0.0402395073573807
2024-09-08,78,0.0386639288072752,0.0342318650858449
2024-09-08,79,0.00785058526172389,0.00322075006774369
2024-09-08,80,-0.0108021591658529,-0.0155846117712226
2024-09-08,81,0.0111598076408699,0.00612513713563345
2024-09-08,82,-0.00656821231909355,-0.011627984190353
2024-09-08,83,0.0142242676141073,0.0100285551770991
2024-09-08,84,-0.0395385414475129,-0.0461113519875855
2024-09-08,85,-0.0344898003323166,-0.0405618448890923
2024-09-08,86,-0.038692441792409,-0.0445284090688158
2024-09-08,87,-0.0252397765315324,-0.0267368799623311
2024-09-08,88,-0.0382765898417032,-0.0380202388564959
2024-09-08,89,-0.0312276244327117,-0.0309770213786296
2024-09-08,90,-0.0310941662961834,-0.0310681319690911
2024-09-08,91,-0.0379371632051733,-0.0378169039221419
2024-09-08,92,-0.0212055974543812,-0.0210291558667413
2024-09-08,93,-0.020618135369959,-0.0213420356292922
2024-09-08,94,-0.034252716653262,-0.0344425570089468
2024-09-08,95,-0.0186936343208641,-0.01931122881762
2024-09-08,96,-0.0238031629476865,-0.024452254032548
2024-09-08,97,-0.0188186963168082,-0.0195058684009624
2024-09-08,98,-0.0197655840202069,-0.0205126727041547
2024-09-08,99,-0.0137176700637305,-0.0136720160725021
2024-09-08,100,-0.0177319986006661,-0.0174518967335642
2024-09-08,101,-0.0021821845306973,-0.00223770594586536
2024-09-08,102,-0.0211584034883971,-0.0209079441539544
2024-09-08,103,-0.019247933214694,-0.0196070925675684
2024-09-08,104,-0.0140053026460158,-0.0152540068532669
2024-09-08,105,-0.00483758676162971,-0.00416705129473094
2024-09-08,106,-0.00716682619747733,-0.00733284971842707
2024-09-08,107,-0.0136413158638122,-0.0143701289169051
2024-09-08,108,-0.0015925977057103,-0.0012507505934618
2024-09-08,109,-0.00556899069977224,-0.00601846205258383
2024-09-08,110,-0.00754749277512001,-0.00803077158119869
2024-09-08,111,-0.0205237282621997,-0.0215546670908555
2024-09-08,112,0.00105340817021027,0.00104087600487013
2024-09-08,113,-0.0177049281665402,-0.0193955641052828
2024-09-08,114,0.0036149574492983,0.00411421496417219
2024-09-08,115,0.00374599154155497,0.00338120399264596
2024-09-08,116,0.00221813323507369,0.00215298776545225
2024-09-08,117,-0.0127227950787177,-0.0139377189619836
2024-09-08,118,-0.00172861194375074,-0.0027008925969767
2024-09-08,119,-0.00077909863917025,-0.00178457134453325
2024-09-08,120,0.012265325030218,0.0121554469338445
2024-09-08,121,-0.0174564851892915,-0.0186855984713681
2024-09-08,122,0.0126311333184201,0.0121238874379124
2024-09-08,123,0.00931417776254584,0.00856983795626931
2024-09-08,124,-0.0062029212114858,-0.00770456240167228
2024-09-08,125,0.00315365973840187,0.00183833923480137
2024-09-08,126,0.0103894808840854,0.00877244948527256
2024-09-08,127,-0.00147777194561716,-0.00302647096365938
2024-09-08,128,0.00388881312951916,0.00283304342649515
2024-09-08,129,0.00243828464677698,0.00111038360587479
2024-09-08,130,0.00838395672566694,0.00731559340051469
2024-09-08,131,0.00199649854337114,-0.000809856669608422
2024-09-08,132,-0.00455065377076824,-0.00558832132734288
2024-09-08,133,0.00480269720810167,0.00281465522444968
2024-09-08,134,0.00883508281179335,0.00773967500975559
2024-09-08,135,0.00267378614577751,0.000365167618747719
2024-09-08,136,-0.00404940120990283,-0.00605739458404209
2024-09-08,137,0.00825790498985146,0.00706412675701884
2024-09-08,138,0.0167193902300218,0.0154985865661743
2024-09-08,139,-0.00333603461600873,-0.0048076696780015
2024-09-08,140,0.0102380658561927,0.00865809821422303
2024-09-08,141,0.0128006361959763,0.0115006494544172
2024-09-08,142,0.0156628593661026,0.0143557922557402
2024-09-08,143,-0.00491191080543629,-0.00648580175208657
2024-09-08,144,0.0225475575870018,0.0214243574653761
2024-09-09,2,0.00070987832351399,-0.000310546462991113
2024-09-09,3,0.00778901451683911,0.00668577506480261
2024-09-09,4,0.00869205426707076,0.00697289825715686
2024-09-09,5,0.00766433245432108,0.00688366512286365
2024-09-09,6,0.00740672161187295,0.00563111252680848
2024-09-09,7,0.0157461550870073,0.0152315571899848
2024-09-09,8,0.000369497421934817,-0.00104548745884792
2024-09-09,9,0.00439986946162829,0.00282059216303843
2024-09-09,10,0.0295224583882945,0.028565549789942
2024-09-09,11,0.0165953496442244,0.0218312959822295
2024-09-09,12,0.0271679512757794,0.0324356656499951
2024-09-09,13,0.0120536521116312,0.0175980683979251
2024-09-09,14,0.0309571651207996,0.0366326562697772
2024-09-09,15,0.0380057036667516,0.0423815111168366
2024-09-09,16,0.0233632138136146,0.0288326862305155
2024-09-09,17,0.0406644670779333,0.0470301974428633
2024-09-09,18,0.0445185404999409,0.0495897889939751
2024-09-09,19,0.0435943845356048,0.0491286486499476
2024-09-09,20,0.0360802752661433,0.043120330020141
2024-09-09,21,0.0467000980616499,0.0526130230878383
2024-09-09,22,0.046765109597322,0.0531200148099771
2024-09-09,23,0.0429266263279793,0.0482700240330765
2024-09-09,24,0.02829793837026,0.0347573385212048
2024-09-09,25,0.0343019979854926,0.0398981911422762
2024-09-09,26,0.0153977702395762,0.0190798247446011
2024-09-09,27,0.0440245807558082,0.0490163587607029
2024-09-09,28,0.0189049845768352,0.0216577735495811
2024-09-09,29,0.0252100217871636,0.0299826962798804
2024-09-09,30,0.0134792016829728,0.0166046475929829
2024-09-09,31,0.00701813196899437,0.00986180682089177
2024-09-09,32,0.0195893160676697,0.0214004919199375
2024-09-09,33,-0.00141595436694875,-0.000949688059344922
2024-09-09,34,0.0315895215034061,0.0331304282262614
2024-09-09,35,0.0157596024100215,0.0167628854540443
2024-09-09,36,-0.0348278286050814,-0.0353167619586294
2024-09-09,37,0.0294926537010518,0.0331042994700219
2024-09-09,38,-0.0118252530193139,-0.0114912356898014
2024-09-09,39,-0.00747899132086882,-0.00664196618065915
2024-09-09,40,-0.0418655662777532,-0.0383002538631843
2024-09-09,41,-0.0147575070560286,-0.0130452052657741
2024-09-09,42,-0.0392073603924885,-0.0363175785196699
2024-09-09,43,-0.0117808131035311,-0.00759771163981071
2024-09-09,44,-0.0234808431377242,-0.0223908805452915
2024-09-09,45,0.0218187975288044,0.0237142082063748
2024-09-09,46,-0.0272774704913621,-0.0258529696866798
2024-09-09,47,0.00332219829570324,0.00550674973348464
2024-09-09,48,0.0432538661405255,0.0459369455578571
2024-09-09,49,0.0251788925653891,0.0245997589290265
2024-09-09,50,-0.0756167170664774,-0.0724351595406638
2024-09-09,51,-0.00519925230934248,-0.00654544832551807
2024-09-09,52,-0.0444830965506631,-0.0401968843435885
2024-09-09,53,-0.00419260018826328,-0.00121269070578833
2024-09-09,54,-0.011300199455083,-0.0106752395798217
2024-09-09,55,-0.0461662058063395,-0.0465461258957465
2024-09-09,56,-0.0306044036068123,-0.0290810376834827
2024-09-09,57,-0.0479730152135298,-0.0458523483653934
2024-09-09,58,-0.0078255838099901,-0.0089063495201156
2024-09-09,59,-0.0503101294354433,-0.0502835179260916
2024-09-09,60,0.0274419519600038,0.0279932421118883
2024-09-09,61,-0.0124198603221268,-0.0146806805962747
2024-09-09,62,-0.0110772274833932,-0.00969802549650112
2024-09-09,63,0.00211797535787461,0.000814445352995463
2024-09-09,64,0.00919128567289906,0.00688012903326296
2024-09-09,65,0.0211514005275939,0.0193232263925722
2024-09-09,66,0.00818998685620276,0.00447673234648782
2024-09-09,67,-0.00123387609426473,-0.00427095428348423
2024-09-09,68,-0.0158352445430996,-0.0212124857940346
2024-09-09,69,0.0425688025538884,0.0387646180620198
2024-09-09,70,-0.00389295524531974,-0.0091912149962301
2024-09-09,71,-1.66951466953336e-05,-0.00502077721679228
2024-09-09,72,0.0136702668321487,0.00832123091826453
2024-09-09,73,-0.00388490594614677,-0.00982461904412979
2024-09-09,74,0.0232540452357446,0.0176122665536553
2024-09-09,75,0.0254888805043514,0.0196545226270786
2024-09-09,76,0.0112237686440055,0.00644975663227854
2024-09-09,77,0.0116693522907791,0.00684221329039403
2024-09-09,78,0.0103393098582352,0.0052337179397064
2024-09-09,79,0.00424895696397876,-0.00150981261439931
2024-09-09,80,-0.0077679076283701,-0.0119731735786086
2024-09-09,81,-0.0193979136189499,-0.0249658316515298
2024-09-09,82,-0.0196400069711204,-0.0244264819707407
2024-09-09,83,-0.0153175169293096,-0.0189725302153079
2024-09-09,84,-0.0119449098701452,-0.0160101994018973
2024-09-09,85,-0.015196092863663,-0.0205774706870212
2024-09-09,86,-0.0417497948914374,-0.0463488209270366
2024-09-09,87,-0.00858364485499941,-0.00749004152797639
2024-09-09,88,-0.01776743513342,-0.0161482095083407
2024-09-09,89,-0.0316169328600102,-0.0300448369608226
2024-09-09,90,-0.022766451498387,-0.0214440439025143
2024-09-09,91,-0.0190380647515598,-0.0187418705609392
2024-09-09,92,-0.0124332088304229,-0.0116912890355181
2024-09-09,93,-0.0352331514858255,-0.0354085078011348
2024-09-09,94,-0.0269758783878853,-0.0282237231286331
2024-09-09,95,-0.00996858906032738,-0.0089159068746838
2024-09-09,96,-0.0245150025256864,-0.0252593839119601
2024-09-09,97,-0.0138910559504275,-0.0146653995267005
2024-09-09,98,-0.0140509301229175,-0.0139642938038413
2024-09-09,99,-0.0192069830300969,-0.0191605665793002
2024-09-09,100,-0.0176679404892592,-0.018269313636802
2024-09-09,101,-0.0289135273030032,-0.0304121811600737
2024-09-09,102,-0.00697740747533526,-0.00678100397897197
2024-09-09,103,-0.00885552161379977,-0.00954401366148439
2024-09-09,104,-0.0301379269517135,-0.0311147612427867
2024-09-09,105,0.00543708545171917,0.00556439884282867
2024-09-09,106,-0.0292483385094631,-0.0311305866574862
2024-09-09,107,-0.0142786209338777,-0.0147399455148634
2024-09-09,108,-0.00107472809849707,-0.000732068809387698
2024-09-09,109,-0.0179444595429823,-0.0181604553203929
2024-09-09,110,-0.0181587962554604,-0.0193488105546873
2024-09-09,111,0.000718112640829993,0.000403909553707393
2024-09-09,112,-0.0164537397339393,-0.0173310306708014
2024-09-09,113,-0.00158238873767047,-0.00193393486067528
2024-09-09,114,-0.0127448832892325,-0.0133892190691434
2024-09-09,115,-0.005682473886095,-0.00577787511144123
2024-09-09,116,-0.022406520903087,-0.0234276900094521
2024-09-09,117,0.00965762603407239,0.009768719321956
2024-09-09,118,0.00356241020705905,0.00365264562380574
2024-09-09,119,-0.0139049846513908,-0.0149431918961689
2024-09-09,120,-0.00765603095215805,-0.00880482107934455
2024-09-09,121,0.00322684462356548,0.00357707239273175
2024-09-09,122,0.0137603186545796,0.0144038514826121
2024-09-09,123,-0.00690706940496,-0.00743500535479491
2024-09-09,124,0.00250642226366082,0.00191856650492461
2024-09-09,125,-0.0077977307328112,-0.00807841525502262
2024-09-09,126,0.0132263305447369,0.0137408449540111
2024-09-09,127,-0.0193101733394299,-0.0215283491788831
2024-09-09,128,0.0113825492078474,0.011857813571039
2024-09-09,129,-0.00912422242021282,-0.0108308544171436
2024-09-09,130,0.0132297728032702,0.0127231481865753
2024-09-09,131,-0.000936492334878025,-0.0020032395034697
2024-09-09,132,0.00517414929042648,0.00403451560213419
2024-09-09,133,0.000491467970031856,-0.000899027385344198
2024-09-09,134,0.00455254293728657,0.00343848151340609
2024-09-09,135,0.00464113605594108,0.00410582017847538
2024-09-09,136,-0.0107464827150761,-0.0128640083841312
2024-09-09,137,0.0199825151855242,0.0199795623829715
2024-09-09,138,-0.00869207819985629,-0.00992755309107096
2024-09-09,139,0.0169343689871377,0.0162598221518024
2024-09-09,140,0.00324541818711577,0.00128806510834067
2024-09-09,141,0.0042627134594575,0.00391696899831118
2024-09-09,142,0.0115385524454892,0.0101447747583947
2024-09-09,143,-0.0134703360777175,-0.0154753274174393
2024-09-09,144,0.0266426604868375,0.0251663621834179
2024-09-10,2,0.0232215602583432,0.0213204306429411
2024-09-10,3,0.0251763564067131,0.0224937211210854
2024-09-10,4,0.0321777556899354,0.0305881403839017
2024-09-10,5,0.0191031651001561,0.0167368056770272
2024-09-10,6,0.0360930312069909,0.0340307244223386
2024-09-10,7,0.020455469387902,0.0180637645694013
2024-09-10,8,0.0367973424422017,0.0342932916218093
2024-09-10,9,0.0212902535254935,0.0184844642932607
2024-09-10,10,0.0361604571194425,0.0329006889241992
2024-09-10,11,0.0365678857876564,0.0402889819519228
2024-09-10,12,0.0312773736153495,0.0379318095152357
2024-09-10,13,0.0375916866137569,0.0443058438020856
2024-09-10,14,0.0471945136726992,0.0540766878477275
2024-09-10,15,0.0522935309747998,0.0594510036456963
2024-09-10,16,0.0447413597528277,0.0531967744204476
2024-09-10,17,0.0365155199275771,0.0440660855911723
2024-09-10,18,0.062147971403876,0.0691313622088625
2024-09-10,19,0.0420329238234514,0.05084730435407
2024-09-10,20,0.0636228298392707,0.0725424784743662
2024-09-10,21,0.0370971951061598,0.045465773677229
2024-09-10,22,0.0366157705181145,0.0454731338755305
2024-09-10,23,0.0239100356896698,0.0335953893799807
2024-09-10,24,0.0138130955999749,0.0234766482622053
2024-09-10,25,-0.0118202267737839,-0.0013703653642434
2024-09-10,26,0.0195024250093416,0.0298372014159884
2024-09-10,27,0.0233269592793066,0.0320314601601837
2024-09-10,28,0.025756137633028,0.0347712334191943
2024-09-10,29,0.0166223689776217,0.0247311940767521
2024-09-10,30,0.0100122749495224,0.0180204336783927
2024-09-10,31,0.0256235366732742,0.0334421314824969
2024-09-10,32,0.00716869313071911,0.0139528857007498
2024-09-10,33,0.00193362446524414,0.00892706578103208
2024-09-10,34,-0.00631586043036059,-0.00206521387542757
2024-09-10,35,-0.0208981016745549,-0.0149448775538943
2024-09-10,36,-0.00534892257440411,0.000175952166420856
2024-09-10,37,0.00269854747501075,0.00696498501158338
2024-09-10,38,-0.00264872232118663,0.00121443043559211
2024-09-10,39,0.000949764132327502,0.00434247966726176
2024-09-10,40,-0.00587204075715864,-0.00379641825776922
2024-09-10,41,-0.0326773771134947,-0.0316099777451804
2024-09-10,42,-0.00154258580101896,0.000127796449941542
2024-09-10,43,-0.0132018122002471,-0.011778023453223
2024-09-10,44,-0.00808416181615179,-0.00731569122169873
2024-09-10,45,-0.000140112819777549,0.00228284797705314
2024-09-10,46,-0.025967860792794,-0.0234766267443955
2024-09-10,47,-0.0329740550253357,-0.0295742015840244
2024-09-10,48,0.0204267537785903,0.0218238548555281
2024-09-10,49,0.0267212483002259,0.0245708418840955
2024-09-10,50,-0.0189661596250703,-0.023140019853626
2024-09-10,51,-0.00958549962754152,-0.0130327716273353
2024-09-10,52,0.01873251372864,0.0167869181750646
2024-09-10,53,0.00257780034243194,-0.000709961149800264
2024-09-10,54,0.0126389823903663,0.010410185853738
2024-09-10,55,0.00868401376253125,0.00595600779437255
2024-09-10,56,-0.000757866851841982,-0.00362855737171053
2024-09-10,57,0.0414628775400079,0.0384557314750662
2024-09-10,58,0.00195147198688961,-0.002171230342217
2024-09-10,59,-0.00626391204512711,-0.0086758298663856
2024-09-10,60,-0.0280036686848284,-0.0270941040591062
2024-09-10,61,0.0291272148953565,0.0281361557779629
2024-09-10,62,-0.0793354873207459,-0.0776611824992361
2024-09-10,63,-0.0479455551741523,-0.0456101402472413
2024-09-10,64,0.061509287993557,0.0582604267381939
2024-09-10,65,0.0120673226518839,0.00667141769970137
2024-09-10,66,0.00368111419229411,-0.00023433569423581
2024-09-10,67,-0.0573905227983547,-0.0604392906422646
2024-09-10,68,-0.0187721088069468,-0.0212059427706208
2024-09-10,69,-0.0179295883633088,-0.0223580003558492
2024-09-10,70,-0.0074137490535584,-0.0134290969622555
2024-09-10,71,-0.00875896161039336,-0.0122808007108013
2024-09-10,72,-0.0390904279498523,-0.0452126771107739
2024-09-10,73,-0.0326093287706533,-0.0375231173987824
2024-09-10,74,-0.0139083559932454,-0.0187134017648756
2024-09-10,75,-0.0169219375808751,-0.0226300831095294
2024-09-10,76,-0.00237433640750773,-0.00696201469513547
2024-09-10,77,-0.0376542014912227,-0.0445194123816979
2024-09-10,78,-0.0085834412013126,-0.014300029862822
2024-09-10,79,-0.012157578326268,-0.0173784884292569
2024-09-10,80,0.00426415011312375,-0.00118036165324753
2024-09-10,81,0.00161905402096973,-0.00573627192895465
2024-09-10,82,-0.00141154865477056,-0.00828376610623138
2024-09-10,83,-0.016148946432911,-0.0248114677997808
2024-09-10,84,-0.018376463118094,-0.0265076470145917
2024-09-10,85,-0.0111519645712246,-0.0191344525135291
2024-09-10,86,-0.0065286486287226,-0.0132755139628369
2024-09-10,87,-0.0234680325589904,-0.023695029556511
2024-09-10,88,-0.0264662994446314,-0.025351283415862
2024-09-10,89,-0.0281701879009519,-0.027681390603381
2024-09-10,90,-0.0317625100926011,-0.031991921529575
2024-09-10,91,-0.017666364632456,-0.0169806152553296
2024-09-10,92,-0.0300062769060196,-0.0296662755221373
2024-09-10,93,-0.017344859601951,-0.0170073581411065
2024-09-10,94,-0.0215174444183783,-0.0199361928208477
2024-09-10,95,-0.0197950872267465,-0.0185763742025298
2024-09-10,96,-0.0313312643264494,-0.031100444398815
2024-09-10,97,-0.0254016988694077,-0.0248419933513269
2024-09-10,98,-0.0167536069183494,-0.0171365612747492
2024-09-10,99,-0.0278980455623263,-0.027754018122951
2024-09-10,100,-0.0114084937018735,-0.0103085349458709
2024-09-10,101,-0.0201305132416612,-0.019124798614838
2024-09-10,102,-0.021252700382675,-0.0208715424411343
2024-09-10,103,-0.0101998593077544,-0.00924880095968206
2024-09-10,104,-0.0221913461296888,-0.0219313511221806
2024-09-10,105,-0.00455756340185154,-0.0037030372600011
2024-09-10,106,-0.016597512554255,-0.0164732177741662
2024-09-10,107,-0.0202520815137017,-0.019508779996821
2024-09-10,108,-0.00109731363462462,0.000209693698279168
2024-09-10,109,-0.00796730618997632,-0.00767457353588519
2024-09-10,110,-0.00649862420671798,-0.00655385211667259
2024-09-10,111,-0.0150390775422826,-0.0151325734770804
2024-09-10,112,-0.00315369252552244,-0.00266371526215892
2024-09-10,113,-0.00546665312449957,-0.00535550441729882
2024-09-10,114,-0.000884539096619896,-0.000515434840934859
2024-09-10,115,-0.0149882510622863,-0.0152645000929699
2024-09-10,116,-0.00706924894770822,-0.00744500949019411
2024-09-10,117,0.00316668958604982,0.00311375430492689
2024-09-10,118,0.00725262569450891,0.00709840441462362
2024-09-10,119,-0.0110520453598006,-0.0124953270053414
2024-09-10,120,-0.0104007677783757,-0.0109345500559659
2024-09-10,121,0.0173066635589345,0.0180036172528268
2024-09-10,122,-0.027224466880579,-0.0298114778540253
2024-09-10,123,0.0142291436733268,0.0142094971393618
2024-09-10,124,0.00224648410396089,-0.000743224950628729
2024-09-10,125,-0.0240447972037225,-0.0260058238613183
2024-09-10,126,0.00691212939744723,0.0064900690580405
2024-09-10,127,-0.00192394817546404,-0.00303148129834518
2024-09-10,128,-0.00274717778908951,-0.00393860681684188
2024-09-10,129,0.0108398176712461,0.00899617687112197
2024-09-10,130,0.00212724975596323,0.000946399518731766
2024-09-10,131,-0.0155626915000759,-0.0178116816650373
2024-09-10,132,0.0105944983120292,0.00996769452215318
2024-09-10,133,-0.000828726723139717,-0.00349971197377208
2024-09-10,134,-0.00263366123837194,-0.00464765988705373
2024-09-10,135,-0.000148474221489003,-0.00186747565998147
2024-09-10,136,-0.00309329181039608,-0.00588748151006868
2024-09-10,137,-0.00113930116477956,-0.00360172331228625
2024-09-10,138,-0.00115680827502018,-0.00332594746915227
2024-09-10,139,0.00381997350134533,0.00160471702373322
2024-09-10,140,0.0043650475224144,0.00144986570273176
2024-09-10,141,-0.00932674265044842,-0.0122060336114789
2024-09-10,142,-0.000301524666800113,-0.00359497021334398
2024-09-10,143,0.00912685612609909,0.00616869608373705
2024-09-10,144,0.00014734433207142,-0.0028296996794559
2024-09-11,2,0.0219896863812155,0.0185814956357095
2024-09-11,3,0.0246670052822813,0.0215968791195138
2024-09-11,4,0.0112044299679432,0.00737915772483078
2024-09-11,5,0.0121115903791438,0.00830270022681212
2024-09-11,6,0.0111452460037551,0.00730062212023519
2024-09-11,7,0.0112194637187555,0.00822364155906641
2024-09-11,8,0.0320303229714201,0.0284661469658225
2024-09-11,9,0.0222691739632364,0.0182929149998312
2024-09-11,10,0.0075993464868036,0.00414580616785365
2024-09-11,11,0.0300258169806886,0.0289824810136299
2024-09-11,12,0.0152065080934927,0.0155068411456014
2024-09-11,13,0.0366244377070135,0.0380510023528675
2024-09-11,14,0.0340523629494003,0.0356363725941353
2024-09-11,15,0.0377027642958225,0.0394161641014303
2024-09-11,16,0.0179770251823648,0.0199784799413028
2024-09-11,17,0.043609161936482,0.0468598195171808
2024-09-11,18,0.0220344425303569,0.0248468144226077
2024-09-11,19,0.0278872536378616,0.0314119416034035
2024-09-11,20,0.00777175419222065,0.0115291083188058
2024-09-11,21,0.00917837950568856,0.0140009961100063
2024-09-11,22,-0.00784350596919925,-0.00352112626173451
2024-09-11,23,-0.00669845831534488,-0.00153647451482186
2024-09-11,24,-0.00523614378660398,0.000725118586267115
2024-09-11,25,0.0216264600593048,0.0272008004151552
2024-09-11,26,0.0528511063371049,0.0592479640037222
2024-09-11,27,0.0109824704935999,0.0166679030549339
2024-09-11,28,0.0501062706826243,0.0562560058499155
2024-09-11,29,0.0464536667942639,0.0524722921418359
2024-09-11,30,0.0126548762208278,0.0190522615030222
2024-09-11,31,0.0942239237301585,0.0997353062344697
2024-09-11,32,0.0580826022062135,0.0614183036233555
2024-09-11,33,0.0290801889399273,0.0311485080892275
2024-09-11,34,0.0621569798074804,0.0633195997815328
2024-09-11,35,0.0375967814954095,0.038135227877822
2024-09-11,36,0.0422426301287677,0.042967199468368
2024-09-11,37,0.0390865131983587,0.0386105757442525
2024-09-11,38,-0.0125459919859212,-0.013525496342913
2024-09-11,39,0.0374747392001558,0.0390059203116184
2024-09-11,40,-0.0357263927747811,-0.0350185774153555
2024-09-11,41,-0.0237539163928071,-0.0199780675634234
2024-09-11,42,-0.0229853529640218,-0.0191332979993284
2024-09-11,43,0.00909242259661092,0.013892325191005
2024-09-11,44,0.0565709602372735,0.058333112237495
2024-09-11,45,0.0216627076639613,0.0241632338781095
2024-09-11,46,-0.0155222526090917,-0.0144589723807158
2024-09-11,47,0.00553538894505579,0.00896100007166112
2024-09-11,48,-0.0231225653603166,-0.0200015422516859
2024-09-11,49,-0.0247680960383443,-0.020441159665495
2024-09-11,50,-0.018678994670096,-0.0143682020014353
2024-09-11,51,0.0224061037250429,0.0261392261529867
2024-09-11,52,0.00752991114302759,0.00980133103788638
2024-09-11,53,-0.00222574027157574,0.000490774701315644
2024-09-11,54,0.0124396674554124,0.0133405749544142
2024-09-11,55,-0.0340044333769747,-0.0319363754331743
2024-09-11,56,-0.0549322031005053,-0.0527174048507035
2024-09-11,57,-0.0537023803007246,-0.0511930483941754
2024-09-11,58,-0.0314426813268502,-0.0288080349113375
2024-09-11,59,0.00226806770329269,0.00452078470719464
2024-09-11,60,0.152864069069666,0.150886124562959
2024-09-11,61,0.107774736234442,0.10192680450761
2024-09-11,62,0.0143609299147682,0.00655119060544251
2024-09-11,63,-0.000949229137609642,-0.00877036714719281
2024-09-11,64,-0.0373718996329035,-0.0416464989989027
2024-09-11,65,0.0558744423139661,0.0524669342371613
2024-09-11,66,-0.00399609607905926,-0.00876993595269759
2024-09-11,67,-0.0119531209149804,-0.0165670322914568
2024-09-11,68,-0.0429329789989747,-0.0480622525763259
2024-09-11,69,-0.140768031805594,-0.145124047025117
2024-09-11,70,-0.12649137986696,-0.127453703640752
2024-09-11,71,-0.133903911934269,-0.133671290929907
2024-09-11,72,-0.111043342403081,-0.109949870123907
2024-09-11,73,-0.0963490053557754,-0.0948700476395619
2024-09-11,74,-0.0675736633461037,-0.0658858548556225
2024-09-11,75,-0.0728323523991934,-0.0700480955031111
2024-09-11,76,-0.0540529324071155,-0.0515623231254718
2024-09-11,77,-0.0614805159632175,-0.0594019253039866
2024-09-11,78,-0.0468842450367197,-0.0449623292263048
2024-09-11,79,-0.0537177635615804,-0.0529054912016962
2024-09-11,80,-0.0427215191891936,-0.0421834400080661
2024-09-11,81,-0.0413103247194937,-0.0414045653331643
2024-09-11,82,-0.019070416480429,-0.019552480824224
2024-09-11,83,-0.022951914988008,-0.0246758259597346
2024-09-11,84,-0.010139887198533,-0.0122796211155745
2024-09-11,85,-0.0065156641311126,-0.0101078963583241
2024-09-11,86,-0.0132395085311088,-0.0165628545068914
2024-09-11,87,-0.00081908370494066,-0.00109345312367193
2024-09-11,88,-0.0162031101487692,-0.0170182702402366
2024-09-11,89,-0.0112408681603404,-0.0111840613983869
2024-09-11,90,-0.0251075499961044,-0.0262827223891877
2024-09-11,91,-0.000798053273764587,-0.000643531516017148
2024-09-11,92,-0.00844322185684021,-0.00816895611936008
2024-09-11,93,-0.0121119665114029,-0.0127212675838075
2024-09-11,94,-0.00680095814746462,-0.00686815532648666
2024-09-11,95,0.00101822911218363,0.00112948127525847
2024-09-11,96,-0.0142800305434569,-0.0152015377423744
2024-09-11,97,-0.00936623627201394,-0.00949387423627357
2024-09-11,98,-0.0058922097441596,-0.00584754133340848
2024-09-11,99,0.00884444267687812,0.00907528456628448
2024-09-11,100,-0.00508715696866968,-0.00561268851047636
2024-09-11,101,-0.00872207620824117,-0.00948659042439814
2024-09-11,102,-0.00140001004556023,-0.00160540499484974
2024-09-11,103,-0.00457326480261511,-0.00539396671253201
2024-09-11,104,0.0112030584230691,0.0108830158871687
2024-09-11,105,-0.000334387934906921,-0.000650866086813195
2024-09-11,106,-0.00440835575522591,-0.004743975030161
2024-09-11,107,0.0116170872622829,0.010750677044264
2024-09-11,108,0.00191215015880974,0.00140771008608986
2024-09-11,109,0.00393424328194403,0.00340359726017248
2024-09-11,110,0.0149932088533618,0.0146029438449737
2024-09-11,111,0.00326281745279822,0.00173979146193659
2024-09-11,112,-0.0154823647621978,-0.0166805321968493
2024-09-11,113,0.0124264993671037,0.0115749142908399
2024-09-11,114,0.00251553869880095,0.000731100246774474
2024-09-11,115,-0.00397032816465703,-0.00562852693776961
2024-09-11,116,-0.0102483520292704,-0.011906685166938
2024-09-11,117,0.0124136055237996,0.0112195899561893
2024-09-11,118,0.00116607959204273,-0.000558399596672032
2024-09-11,119,0.000865144790973993,-0.000345219167760646
2024-09-11,120,0.00796139908839066,0.00636946271683847
2024-09-11,121,0.00923908466476231,0.0081266914589353
2024-09-11,122,0.00280740017649705,0.00144004459737346
2024-09-11,123,-0.00502226830275099,-0.00676562750631149
2024-09-11,124,-0.00854269865593427,-0.0104278304055203
2024-09-11,125,0.0198188036183939,0.0187797224448314
2024-09-11,126,0.0020960100474019,0.000282804860527008
2024-09-11,127,-0.00243605430843186,-0.00469073129801778
2024-09-11,128,0.00927352854347507,0.00819830000525457
2024-09-11,129,0.001186082352997,-0.000700202473334244
2024-09-11,130,-0.00107587743640281,-0.0027897995149111
2024-09-11,131,0.0232432033865555,0.0217489595781064
2024-09-11,132,0.0167057253874985,0.0155571572578701
2024-09-11,133,0.00425100853542659,0.00204977901249492
2024-09-11,134,0.00107154719406122,-0.00097017079917272
2024-09-11,135,0.0143547232616301,0.0125482538046651
2024-09-11,136,0.000754259067162977,-0.000731568856298992
2024-09-11,137,0.0210340971131142,0.0192066135157791
2024-09-11,138,-0.00122012289414464,-0.00342303813620326
2024-09-11,139,0.0103407930537891,0.00778081987048473
2024-09-11,140,0.00613584275719159,0.00351501372107244
2024-09-11,141,0.0108425925633746,0.00875763043684863
2024-09-11,142,0.0190618966647476,0.0169383867103363
2024-09-11,143,0.00570425755260207,0.00389519749315959
2024-09-11,144,0.00766901893328154,0.00509053463635922
2024-09-12,2,0.00441864383725665,0.00401131985010572
2024-09-12,3,-0.0294762419749661,-0.0306765450332094
2024-09-12,4,-0.00878926413058512,-0.00859507087417555
2024-09-12,5,-0.0171768909484786,-0.0182393983243099
2024-09-12,6,-0.0147124276148105,-0.0152177159747886
2024-09-12,7,-0.00719501685461399,-0.00833211743350581
2024-09-12,8,-0.0129423417466104,-0.0136940443641418
2024-09-12,9,-0.0238511960617229,-0.0255386856752455
2024-09-12,10,0.0119301084484587,0.0116469911711512
2024-09-12,11,-0.0362329404885511,-0.0355452784879517
2024-09-12,12,0.00867914200009956,0.0132276865244751
2024-09-12,13,-0.00422419402812135,-0.000552486370812844
2024-09-12,14,0.010950490565846,0.0155053417678861
2024-09-12,15,0.00612249900338746,0.00950413160960117
2024-09-12,16,0.00337441948349149,0.00686671876187184
2024-09-12,17,0.0472420832964007,0.0517724208963219
2024-09-12,18,0.0145793729276136,0.0179524906957873
2024-09-12,19,0.0158737013459387,0.0193492619381495
2024-09-12,20,0.0405677330173342,0.044848325771671
2024-09-12,21,0.0445935879417734,0.0475731512879207
2024-09-12,22,0.0420816906348369,0.0458485429733066
2024-09-12,23,0.057792419859032,0.0626056103355914
2024-09-12,24,0.0135179085022594,0.0166019890519866
2024-09-12,25,0.044040164708786,0.0495132145119079
2024-09-12,26,0.0070827733628489,0.011313780280295
2024-09-12,27,-0.0296991652308805,-0.0259447186870148
2024-09-12,28,0.0103035597966263,0.0135305420133882
2024-09-12,29,0.0139992601131498,0.0168304309488132
2024-09-12,30,-0.0277134747085723,-0.0228327420568544
2024-09-12,31,-0.0248442504785764,-0.0212269953347874
2024-09-12,32,0.00493353514392414,0.00875575559734543
2024-09-12,33,-0.0685166762365776,-0.0660962552157205
2024-09-12,34,-0.00549468978915346,-0.00260769149604201
2024-09-12,35,0.0239476487509194,0.0247505623951074
2024-09-12,36,0.0360530704523532,0.0379145487471817
2024-09-12,37,-0.0257390949445062,-0.0245511184463627
2024-09-12,38,-0.0423214925118707,-0.0401043429905812
2024-09-12,39,0.0239496373439154,0.0260175195431849
2024-09-12,40,0.0305127160411445,0.0306739765931727
2024-09-12,41,0.0574654507182348,0.0565704481251021
2024-09-12,42,0.0067416879733555,0.00823268359159179
2024-09-12,43,0.00213879922142013,0.00524339351157899
2024-09-12,44,0.0108951238050983,0.0109394561641327
2024-09-12,45,0.00864757286758078,0.0090168736995242
2024-09-12,46,-0.0105044145142719,-0.00985279470435785
2024-09-12,47,0.0176537450859637,0.0176152036403838
2024-09-12,48,0.0405901008897009,0.0394783069712599
2024-09-12,49,0.0519813038977173,0.0488155506313817
2024-09-12,50,-0.0369525144496023,-0.0370428147968962
2024-09-12,51,-0.0206512641907404,-0.0206751961522489
2024-09-12,52,-0.0150694820223034,-0.0148033894977857
2024-09-12,53,-0.00472254161861141,-0.00490433626376507
2024-09-12,54,0.020855118887261,0.0214487247260156
2024-09-12,55,-0.0760268418890258,-0.0775261324397007
2024-09-12,56,-0.0405064415361185,-0.0423356330189826
2024-09-12,57,-0.0724402746900958,-0.0727295419426888
2024-09-12,58,-0.102885894349568,-0.103431070273563
2024-09-12,59,-0.0663127571616418,-0.0669035106282063
2024-09-12,60,0.0461422292940643,0.0422323222975383
2024-09-12,61,0.00453970129933445,0.0010244276715774
2024-09-12,62,-0.0512322383167803,-0.0533047025325626
2024-09-12,63,-0.0268384350961961,-0.0290337501506475
2024-09-12,64,-0.0426452038529401,-0.0450663866779983
2024-09-12,65,0.0578206502555156,0.054401062317984
2024-09-12,66,0.00594147778336573,0.00290057479264227
2024-09-12,67,-0.00403449888839447,-0.00637126410794053
2024-09-12,68,0.0152785943949141,0.013468250050229
2024-09-12,69,0.0295615790355352,0.0268685190177091
2024-09-12,70,0.0431167894763149,0.041906233255995
2024-09-12,71,0.0459751673429638,0.0440408035259736
2024-09-12,72,0.082843305990516,0.0805988824244501
2024-09-12,73,0.0304493644380068,0.0297658289868963
2024-09-12,74,-0.0160288797939403,-0.0157216929763742
2024-09-12,75,-0.00241842639888556,-0.00413855087797721
2024-09-12,76,0.0332969307296915,0.0332017912341271
2024-09-12,77,0.00967807835518553,0.00723756829828481
2024-09-12,78,-0.0162319969194611,-0.0169289736262517
2024-09-12,79,-0.0162182024562316,-0.0190531122146744
2024-09-12,80,-0.0165744850249974,-0.0197212715527506
2024-09-12,81,-0.0247167079744655,-0.0278246602015635
2024-09-12,82,0.00280073257851132,0.00085068416291989
2024-09-12,83,-0.0271567756025961,-0.0305344013155455
2024-09-12,84,-0.0210487860575714,-0.0247205003723767
2024-09-12,85,-0.0279615792146535,-0.0322315600037779
2024-09-12,86,-0.00482508559828698,-0.00526167034709424
2024-09-12,87,-0.0324816774842418,-0.0306595057773897
2024-09-12,88,-0.00136075872159402,0.000524217021952822
2024-09-12,89,-0.02471457332891,-0.024246086132818
2024-09-12,90,0.00694863820164926,0.00862772287408653
2024-09-12,91,-0.0145305420848674,-0.0138768835251479
2024-09-12,92,0.00992179312964936,0.0109719142050757
2024-09-12,93,-0.0089279641269826,-0.00817563802203125
2024-09-12,94,-0.0157182571668253,-0.0163080031564089
2024-09-12,95,0.00166753874699666,0.00183487710557451
2024-09-12,96,-0.00486828845191756,-0.00465354892661196
2024-09-12,97,-0.00855022660555971,-0.00935403769782717
2024-09-12,98,-0.0084523865091688,-0.00866790215660451
2024-09-12,99,0.00379734570897394,0.00347927361719336
2024-09-12,100,-0.0116950556760065,-0.0122337340749148
2024-09-12,101,0.00295331094817541,0.00259691901067072
2024-09-12,102,-0.00898821555562357,-0.00929460489665601
2024-09-12,103,0.00539238698375399,0.0047026479490544
2024-09-12,104,-0.00523818101257856,-0.00554516347798639
2024-09-12,105,-0.00274498185033867,-0.0030818787692457
2024-09-12,106,0.000245286941748191,-0.000155988508838689
2024-09-12,107,-0.00133910544023674,-0.00169821732585973
2024-09-12,108,6.21757100462972e-05,-0.00161879414087274
2024-09-12,109,0.000856615298243213,0.000834593516731985
2024-09-12,110,0.00780744280689039,0.00775206538312112
2024-09-12,111,-0.0015430458018324,-0.00222258692174648
2024-09-12,112,-0.0049547913861554,-0.00628838835898016
2024-09-12,113,0.00143503836023573,0.00168155148065985
2024-09-12,114,0.00663187415724487,0.00522339874194877
2024-09-12,115,-0.00891114243926872,-0.00986559820143107
2024-09-12,116,0.0137537375184076,0.0139257874232754
2024-09-12,117,-0.0112958404811012,-0.0125727886709122
2024-09-12,118,0.00419090905757624,0.00305186878519237
2024-09-12,119,0.00188592368478702,0.00114609612300143
2024-09-12,120,-0.00232957180812843,-0.00461428776727679
2024-09-12,121,0.00568921017514334,0.00536276408739589
2024-09-12,122,0.00803941115645124,0.00771746530522499
2024-09-12,123,0.00835846144090358,0.00737808602403689
2024-09-12,124,-0.0125199983443096,-0.0133979012341552
2024-09-12,125,0.0063307579725107,0.00528814289155832
2024-09-12,126,-0.00131891824156316,-0.00169139781089989
2024-09-12,127,0.004426555692981,0.00238577111832683
2024-09-12,128,0.00299317653620879,0.00296354167097945
2024-09-12,129,2.87478061595792e-05,-0.0016992726104057
2024-09-12,130,0.00880846023071236,0.00777125789913313
2024-09-12,131,-0.00141962009110852,-0.00205590887846441
2024-09-12,132,-0.00261002779711017,-0.00399268264069619
2024-09-12,133,0.00943667998317022,0.0086422806158275
2024-09-12,134,-0.0020231638352346,-0.00336385129993388
2024-09-12,135,0.0206907424697595,0.0202328547699793
2024-09-12,136,0.00186735706030916,0.000599447913588236
2024-09-12,137,-0.00317636115536502,-0.00445549684353708
2024-09-12,138,0.00272446366064738,0.0016958044127815
2024-09-12,139,0.0126735819557178,0.0125872763077446
2024-09-12,140,0.00650020542247276,0.00515623004103105
2024-09-12,141,-0.00750608881112313,-0.0091557676865559
2024-09-12,142,0.016969654240711,0.0155714817240415
2024-09-12,143,-0.00109872978905745,-0.00202221301102057
2024-09-12,144,0.00628373911587321,0.00493534628784431
2024-09-13,2,0.00639985226469708,0.00359938095875023
2024-09-13,3,0.00101360828304031,-0.0017848450914677
2024-09-13,4,0.00201279753227102,0.000574080718379832
2024-09-13,5,-0.0103824975385045,-0.0142586305126002
2024-09-13,6,-0.00834016024788298,-0.0113982727471225
2024-09-13,7,-0.00534016024788286,-0.00889811869650714
2024-09-13,8,-0.00184905099671528,-0.00325863051259923
2024-09-13,9,-0.00977052811927859,-0.0129996668249532
2024-09-13,10,0.00921325922701488,0.00633814062924998
2024-09-13,11,-0.006441031994461,-0.00563508774958166
2024-09-13,12,-0.00797509993681267,-0.00348151532499408
2024-09-13,13,-0.016048986428344,-0.0128270729953268
2024-09-13,14,0.022790759067826,0.0259701213813095
2024-09-13,15,-0.00329858669618144,-0.000499798775450699
2024-09-13,16,0.0339904385704486,0.0381162347518984
2024-09-13,17,0.0193054419613885,0.0216498806821193
2024-09-13,18,0.0321085868340694,0.0369669716057874
2024-09-13,19,0.00997182674947172,0.0136952684440903
2024-09-13,20,0.00794157727499112,0.0130254177449665
2024-09-13,21,0.0144553293361787,0.0189417600066548
2024-09-13,22,-0.00204326107882835,0.00219653875516634
2024-09-13,23,0.031066779290537,0.0345069740894335
2024-09-13,24,2.51945493339178e-05,0.00385739776888272
2024-09-13,25,-0.000470683527036719,0.00236502312275633
2024-09-13,26,0.0221313003816981,0.0240790124373689
2024-09-13,27,0.00276849836324633,0.00766076550384831
2024-09-13,28,0.0112331451493199,0.0132763743656987
2024-09-13,29,0.00792619925094318,0.00871722327867275
2024-09-13,30,0.0458460509007388,0.0457240104774215
2024-09-13,31,0.010389853466001,0.00975391180346463
2024-09-13,32,-0.00081423870888031,-0.000755494515461308
2024-09-13,33,-0.0135892533522073,-0.0124703030062285
2024-09-13,34,-0.0173709090240912,-0.0139443676009687
2024-09-13,35,-0.0166259397797424,-0.015298054745168
2024-09-13,36,-0.015892648861473,-0.0141347028990602
2024-09-13,37,0.0216393255092857,0.0229323642277173
2024-09-13,38,0.0141765732881449,0.0138698021065853
2024-09-13,39,-0.0175604294199809,-0.0176343534533245
2024-09-13,40,-0.0223218955044171,-0.022818924558802
2024-09-13,41,-0.00857809702947243,-0.00959405930750279
2024-09-13,42,-0.017041116938576,-0.0176905734212642
2024-09-13,43,-0.019425644633241,-0.0221948045227158
2024-09-13,44,0.0113158617953655,0.00570198524061816
2024-09-13,45,0.0798475368852118,0.0729984889248172
2024-09-13,46,-0.0979587887772837,-0.0998600209555622
2024-09-13,47,-0.0540838594009472,-0.05529631632686
2024-09-13,48,-0.0142889710974368,-0.0145262830971049
2024-09-13,49,-0.00524514395273812,-0.0047359603200281
2024-09-13,50,-0.0205149721108251,-0.0224729190082922
2024-09-13,51,0.023301509671164,0.0233636948319038
2024-09-13,52,-0.0336167261439231,-0.0303722141803604
2024-09-13,53,-0.0166104515865371,-0.0149722916024277
2024-09-13,54,0.00409604974324917,0.00360963135073789
2024-09-13,55,-0.0263333755081385,-0.0236959668579235
2024-09-13,56,0.0810073095002934,0.0785772068941561
2024-09-13,57,0.0121844062370693,0.010196423150818
2024-09-13,58,0.0120886907422015,0.0120144827856965
2024-09-13,59,-0.0366216155976664,-0.0354749029650634
2024-09-13,60,0.00918085803970037,0.00911600249755651
2024-09-13,61,0.0302399170724206,0.0335681949435482
2024-09-13,62,0.0114885831970666,0.0137031869877422
2024-09-13,63,0.032565396264153,0.0318957335842107
2024-09-13,64,-0.0153686599072262,-0.0174521545672928
2024-09-13,65,-0.0136675890322513,-0.0156607521099641
2024-09-13,66,0.00704521738100805,0.00363811554305116
2024-09-13,67,-0.0103773748953575,-0.0156674348139845
2024-09-13,68,0.0136037248217651,0.013022284905496
2024-09-13,69,-0.00728615074543715,-0.00993778406187928
2024-09-13,70,0.0543214490616881,0.0516678159849011
2024-09-13,71,0.0295852386141116,0.0311512254323194
2024-09-13,72,-0.00558602680870735,-0.00355205801711733
2024-09-13,73,0.00304920151325128,0.00560612953237083
2024-09-13,74,-0.0179349042761325,-0.0150106318240084
2024-09-13,75,-0.0162421781998754,-0.011613881960816
2024-09-13,76,-0.0248039368762356,-0.0224779721730126
2024-09-13,77,-0.0102207013400788,-0.00837724161822706
2024-09-13,78,-0.01534460725229,-0.0165123568380103
2024-09-13,79,0.0102635266277087,0.00814624341775527
2024-09-13,80,-6.30937486434391e-06,-0.00322978329721835
2024-09-13,81,-0.000225776691022084,-0.00257169589849404
2024-09-13,82,0.00540573312193349,0.00384149988885873
2024-09-13,83,0.00936627082695907,0.00866599042732474
2024-09-13,84,0.000237416022559778,-0.00264788129745419
2024-09-13,85,0.00253826557304482,0.00162745511339857
2024-09-13,86,-0.014712411715383,-0.0125734641751514
2024-09-13,87,0.0024762088780097,0.0094025896495733
2024-09-13,88,-0.0198798286153137,-0.0154374389297516
2024-09-13,89,-0.0153865952003036,-0.0106552718939934
2024-09-13,90,-0.0136570713485131,-0.0103486827152537
2024-09-13,91,-0.0220398102419344,-0.0187610288961313
2024-09-13,92,-0.0102564650678074,-0.00876604657113589
2024-09-13,93,-0.0128869744025577,-0.0109251445432879
2024-09-13,94,-0.00248695378824948,-0.00101654717619937
2024-09-13,95,-0.0240296222741465,-0.0241277836134532
2024-09-13,96,-0.0101440820165282,-0.0107867488530147
2024-09-13,97,-0.00528791683440044,-0.00555919880726918
2024-09-13,98,-0.0207289699566777,-0.0216586631490738
2024-09-13,99,-0.0168987082231951,-0.0178238156807282
2024-09-13,100,-0.00464977995913785,-0.00506319717840853
2024-09-13,101,-0.0115298177999819,-0.0129681626931255
2024-09-13,102,-0.000352325104334916,-0.000655973666486176
2024-09-13,103,-0.0150821203845029,-0.0159517454709235
2024-09-13,104,-0.00248133228581526,-0.00326064745631172
2024-09-13,105,-0.00300715344701263,-0.0028070621253331
2024-09-13,106,0.0038915655385674,0.00441690660942484
2024-09-13,107,0.00482099706224215,0.00471753788953322
2024-09-13,108,-0.00380633975882638,-0.00336693894819895
2024-09-13,109,-0.00839819867036962,-0.00812612920891809
2024-09-13,110,0.0076277422702864,0.00723776275207655
2024-09-13,111,-0.00519085035081535,-0.00528910268440441
2024-09-13,112,0.00716482864779611,0.00682943228058441
2024-09-13,113,0.0125551725201367,0.0128551494882618
2024-09-13,114,-0.00762008073052556,-0.00784514299420813
2024-09-13,115,0.0179409035969771,0.0193755503837885
2024-09-13,116,-0.0109649314524631,-0.0125055621214027
2024-09-13,117,0.0170204095759008,0.0179944121515998
2024-09-13,118,-0.00837454652699954,-0.00993560727734
2024-09-13,119,0.00593148672314214,0.00490549838594312
2024-09-13,120,0.0155612579928865,0.0162802089678227
2024-09-13,121,-0.00789230218054549,-0.0101335322597791
2024-09-13,122,0.0016323961620337,0.00115741128785807
2024-09-13,123,0.00104851968704178,-0.000312693521152596
2024-09-13,124,0.0136808360746317,0.011895747149163
2024-09-13,125,-0.00889552351602063,-0.00986756132831346
2024-09-13,126,0.000732996950167042,-0.00140230880639258
2024-09-13,127,0.00337335090817881,0.00328938128910394
2024-09-13,128,-0.00226805686189113,-0.00458876432568545
2024-09-13,129,0.0111905837977986,0.0104781870357442
2024-09-13,130,0.0101180461986798,0.00871863690455044
2024-09-13,131,0.00287933276235997,0.00127559910341724
2024-09-13,132,0.00365775864916795,0.00239375556596144
2024-09-13,133,-0.00679504593790803,-0.00974927433447093
2024-09-13,134,0.0055656792625749,0.00455793687187267
2024-09-13,135,0.00263543317572879,-0.000529402713063121
2024-09-13,136,0.00757709847598509,0.00584751145050966
2024-09-13,137,-0.00897847165643917,-0.0122434628344283
2024-09-13,138,0.0130646251252173,0.0116455785157719
2024-09-13,139,-0.00783959741792639,-0.0107364467564111
2024-09-13,140,0.00320421680065319,0.000914990423650508
2024-09-13,141,0.000915902079501763,-0.00175165863323379
2024-09-13,142,0.0172736235628514,0.0154113149413657
2024-09-13,143,0.00139506085331043,-0.000903916986654707
2024-09-13,144,0.00481708342176557,0.00281651137027339
2024-09-14,2,0.0316066465388261,0.0300080879827682
2024-09-14,3,0.00765474470648719,0.0045738201524621
2024-09-14,4,0.0091344774669615,0.0075864973058799
2024-09-14,5,0.031732623401667,0.02950882711513
2024-09-14,6,0.000159758643361485,-0.00348567253758247
2024-09-14,7,0.0256097631757566,0.0234548663999483
2024-09-14,8,0.017515233480192,0.0150264956798303
2024-09-14,9,0.017702721750843,0.0151938601107595
2024-09-14,10,0.030027842965235,0.0283482872483845
2024-09-14,11,0.00548129644050199,0.00300346344201685
2024-09-14,12,0.0122299034713098,0.0187473023006497
2024-09-14,13,0.0427429499333769,0.0501075687756494
2024-09-14,14,0.0278502850022617,0.03360345359836
2024-09-14,15,0.0224389035242751,0.0274760038495394
2024-09-14,16,0.0246867176175174,0.0307070340423916
2024-09-14,17,0.0364691202788956,0.0431535155430396
2024-09-14,18,0.0336344636270018,0.038970485137618
2024-09-14,19,0.0257036188679418,0.0310604375472678
2024-09-14,20,0.0443292391745951,0.0501197538218072
2024-09-14,21,0.0346248333859407,0.0398990540027864
2024-09-14,22,0.0201610270610209,0.0247057424518076
2024-09-14,23,0.0138481993159267,0.0198122879721812
2024-09-14,24,0.0419113149287744,0.0509326977554796
2024-09-14,25,0.0021375575734961,0.00611050617272646
2024-09-14,26,0.0247961586623928,0.0299370937692824
2024-09-14,27,0.0229576421044237,0.0255190685880287
2024-09-14,28,-0.00947017303734121,-0.00749882879246755
2024-09-14,29,0.0142663488770092,0.0179546497311538
2024-09-14,30,0.012557435762619,0.0168035434907488
2024-09-14,31,-0.0263874321159294,-0.0239532494610657
2024-09-14,32,-0.0186093460054169,-0.0164397112853152
2024-09-14,33,0.00657132928553761,0.00838405003922738
2024-09-14,34,-0.00672299476841509,-0.00720984448098072
2024-09-14,35,-0.0244199211351157,-0.0234170884049689
2024-09-14,36,-0.00283851302654359,0.000375605413271529
2024-09-14,37,-0.00138663742748246,0.000635803639656984
2024-09-14,38,-0.00411530972250063,-0.00466274509403597
2024-09-14,39,-0.00955719497927365,-0.00732480190797169
2024-09-14,40,-0.00931932359731036,-0.00998564872914365
2024-09-14,41,-0.00336258229306896,-7.61399087849668e-05
2024-09-14,42,-0.0704785948380078,-0.0668580110259605
2024-09-14,43,0.0415097173211221,0.0439282969569614
2024-09-14,44,-0.00761731047118097,-0.00650704166842253
2024-09-14,45,0.0496552237223282,0.0496904340721969
2024-09-14,46,-0.057784410970199,-0.0612937984113113
2024-09-14,47,0.00488065099784141,0.00319460323353127
2024-09-14,48,0.0236256662826371,0.0230367074524409
2024-09-14,49,0.028036648085652,0.0290867722288031
2024-09-14,50,-0.0701825204422768,-0.0704024764968203
2024-09-14,51,-0.0226976944434085,-0.0214531736565267
2024-09-14,52,0.0279207900210103,0.0252563952194098
2024-09-14,53,0.0142328537296095,0.0119231527118284
2024-09-14,54,-0.0200354142344956,-0.0213781487180746
2024-09-14,55,0.0168722080649957,0.0147211918708745
2024-09-14,56,0.0171876308785794,0.0141201723092959
2024-09-14,57,0.0122559344896631,0.0112737692401836
2024-09-14,58,-0.00457906360773386,-0.005488639202893
2024-09-14,59,0.08215206833147,0.0813453630265837
2024-09-14,60,-0.0124254341169889,-0.0137227763635757
2024-09-14,61,-0.0374005743744776,-0.0350003684545044
2024-09-14,62,0.00341336739672737,0.00450415874117915
2024-09-14,63,0.0441518272171937,0.0416660543797249
2024-09-14,64,-0.00171752870988318,-0.00145908764245739
2024-09-14,65,-0.0410700828731807,-0.0404035711995583
2024-09-14,66,-0.0566365521657968,-0.0554965307921531
2024-09-14,67,-0.0481822129911462,-0.0508519420548179
2024-09-14,68,0.00112984041809838,-0.00378888259654353
2024-09-14,69,-0.00661448308648716,-0.00805551600542742
2024-09-14,70,-0.0361500524333058,-0.0372037978140352
2024-09-14,71,-0.00972704304284289,-0.00991422950322907
2024-09-14,72,0.0141291446963709,0.0118561171726395
2024-09-14,73,0.0407472613562998,0.0389565962456651
2024-09-14,74,-0.0463237772602323,-0.049275755103757
2024-09-14,75,0.0106410067000615,0.00800128746556972
2024-09-14,76,0.00498420524386578,0.00183359279844453
2024-09-14,77,0.0223247754926392,0.0208634962412333
2024-09-14,78,-0.0205076813765039,-0.0219988025685769
2024-09-14,79,-0.0038434804368972,-0.0058073093362534
2024-09-14,80,0.00762028013057048,0.00549910215373295
2024-09-14,81,0.00843278544741644,0.00457599856848745
2024-09-14,82,-0.00346960169313171,-0.00710793356855888
2024-09-14,83,-0.0206113388427767,-0.0254021780418139
2024-09-14,84,-0.0134573914532661,-0.017899974601562
2024-09-14,85,-0.00770073482849654,-0.012746536347187
2024-09-14,86,-0.0281840794144461,-0.0266300650828679
2024-09-14,87,-0.0199638286624477,-0.0178294476898646
2024-09-14,88,-0.0197362970928454,-0.0190276938175522
2024-09-14,89,-0.0466287056581738,-0.0468401270519756
2024-09-14,90,-0.0186172591510934,-0.0193435315356396
2024-09-14,91,-0.0484620152769599,-0.049397039825255
2024-09-14,92,-0.0289111847546923,-0.0309665358874938
2024-09-14,93,-0.0240102856132642,-0.0248441452289736
2024-09-14,94,-0.0393574261839262,-0.0414118445624823
2024-09-14,95,-0.0196338595038394,-0.0203184139117649
2024-09-14,96,-0.0309230962867604,-0.0323471750627711
2024-09-14,97,-0.0171451146691517,-0.0173963685064571
2024-09-14,98,-0.0147321860359151,-0.0160692845160728
2024-09-14,99,-0.0105298993693133,-0.0103428065662747
2024-09-14,100,-0.0185498856612343,-0.0183041420671888
2024-09-14,101,-0.0130854371839826,-0.0133846448370107
2024-09-14,102,-0.0137709725270199,-0.0136833313171802
2024-09-14,103,-0.0123379248883495,-0.0126654776170554
2024-09-14,104,-0.00641679684233498,-0.00603667366516092
2024-09-14,105,0.00296237323392301,0.00412860658601666
2024-09-14,106,-0.022415412379531,-0.0225328233838038
2024-09-14,107,-0.000193258093324822,0.000798327669791377
2024-09-14,108,-0.0114901487876233,-0.0126111852229513
2024-09-14,109,0.00698169227787737,0.00700161037561209
2024-09-14,110,-0.0107099073996952,-0.010417241102413
2024-09-14,111,-0.0105756853365282,-0.0115574115459136
2024-09-14,112,0.00508717156105298,0.00551920948771389
2024-09-14,113,-0.00687317921382391,-0.00630656417551911
2024-09-14,114,-0.00355262548027113,-0.00426116677620492
2024-09-14,115,-0.00105627525763996,-0.00133044907229518
2024-09-14,116,0.00281362926997275,0.00256563254814246
2024-09-14,117,-0.00478254036322046,-0.00490339165401465
2024-09-14,118,-0.00300317667430949,-0.00442584190272477
2024-09-14,119,-0.0178040095761949,-0.018408817248881
2024-09-14,120,-0.00818970152587628,-0.00950996675389781
2024-09-14,121,0.0150169699380358,0.014369535302583
2024-09-14,122,0.00983761286991314,0.00954235902839073
2024-09-14,123,-0.0162384797490551,-0.0182479862230291
2024-09-14,124,0.0116110908106055,0.0115782974271532
2024-09-14,125,-0.0124684529822137,-0.0142359401068664
2024-09-14,126,0.00763054213184144,0.00602603526750656
2024-09-14,127,-0.000817878682277673,-0.00142698510457961
2024-09-14,128,0.000814624733707525,5.36628007576923e-05
2024-09-14,129,0.00841873222633449,0.0079844472354953
2024-09-14,130,-0.000109197333046929,-0.000856636378820497
2024-09-14,131,0.00222596405392661,0.000551865272958807
2024-09-14,132,0.00713782491850967,0.00627896500827596
2024-09-14,133,-0.00465769136889538,-0.00585982618564707
2024-09-14,134,0.0160940866287174,0.0146608448525214
2024-09-14,135,0.0021811814200392,0.00179137195388712
2024-09-14,136,0.0160300562271756,0.0146740312125235
2024-09-14,137,5.29202158858766e-05,-0.000656198814363407
2024-09-14,138,0.0064923346969552,0.00474515474260251
2024-09-14,139,0.00326711811763136,0.00151132475262017
2024-09-14,140,0.0164181365288627,0.0154656643378086
2024-09-14,141,0.00876769806894728,0.00831523922230026
2024-09-14,142,0.0188532524105831,0.0178592428947617
2024-09-14,143,0.0134870465370502,0.0118942240119484
2024-09-14,144,0.0022615570864053,0.00112151815337036
2024-09-15,2,0.0202662807319838,0.0184369656835859
2024-09-15,3,0.027466163920753,0.0264481199422484
2024-09-15,4,0.0359203843425222,0.0340676559043551
2024-09-15,5,0.00659921655484474,0.00498400649381914
2024-09-15,6,0.0435453823531011,0.0415184615742614
2024-09-15,7,0.0202099892282313,0.0189770129024822
2024-09-15,8,0.0442264678585609,0.043627691701623
2024-09-15,9,0.0184458184229177,0.0164113327143482
2024-09-15,10,0.0109891782715899,0.0071080362169198
2024-09-15,11,0.0499137125921454,0.0491400256061407
2024-09-15,12,0.00952461351496936,0.0160554207445855
2024-09-15,13,0.0435903872202044,0.0497533939829111
2024-09-15,14,0.0525869194882205,0.0599974052354906
2024-09-15,15,0.0303323527807784,0.0366146562002445
2024-09-15,16,0.0418784931252407,0.049668858476398
2024-09-15,17,0.0396368751019551,0.0474649113640133
2024-09-15,18,0.017990623498636,0.0245040079159864
2024-09-15,19,0.033825601737635,0.0413624306969087
2024-09-15,20,0.0399572625358227,0.0462557980502485
2024-09-15,21,0.0439996110849137,0.0541282157109375
2024-09-15,22,0.014159192783838,0.0215890661165066
2024-09-15,23,0.0257172043868099,0.0333651778887862
2024-09-15,24,0.0372771482709311,0.0440180214989052
2024-09-15,25,0.0184437346630633,0.0272358580399601
2024-09-15,26,0.0315751981443597,0.0401865456015749
2024-09-15,27,0.00377057718765883,0.0115021157201411
2024-09-15,28,0.00998166165763958,0.0186675900568662
2024-09-15,29,-0.00515144538591805,0.00282619152668495
2024-09-15,30,-0.0106041240278607,-0.00264655495597488
2024-09-15,31,-0.0111905970300308,-0.00342215809461699
2024-09-15,32,0.0131771369512252,0.0195457804101888
2024-09-15,33,0.0435859846878763,0.0491003455805146
2024-09-15,34,0.0528031915784668,0.0533609294394477
2024-09-15,35,-0.0226077883565594,-0.0216687302058887
2024-09-15,36,0.0304165559506826,0.0336721300139455
2024-09-15,37,0.0280753918424308,0.0305651669463813
2024-09-15,38,-0.0223181778928732,-0.0229028396296407
2024-09-15,39,-0.0511400003445894,-0.0495190133810386
2024-09-15,40,-0.0229946425388494,-0.0200181147975922
2024-09-15,41,-0.0337120013432353,-0.0301589518407894
2024-09-15,42,-0.117914700887989,-0.111781944361089
2024-09-15,43,0.00782019626350561,0.00572694403738971
2024-09-15,44,0.0985199207289194,0.0942612897983537
2024-09-15,45,0.0205993528630062,0.0119603294324495
2024-09-15,46,-0.0453974470048504,-0.0488420613299461
2024-09-15,47,0.0192057828412544,0.0145625246238197
2024-09-15,48,0.072139462729222,0.0672740437040726
2024-09-15,49,0.0313520035524864,0.0290021042812416
2024-09-15,50,-0.0577329423018105,-0.0583786892787348
2024-09-15,51,-0.0421003638122954,-0.0420540939382477
2024-09-15,52,0.0109238289791138,0.0102726729393012
2024-09-15,53,0.0127099460093216,0.00951170488379915
2024-09-15,54,-0.0140365709251222,-0.0153973399694038
2024-09-15,55,0.0326965663852894,0.0331930535780725
2024-09-15,56,0.0695216232519771,0.0672881629774373
2024-09-15,57,-0.00996016200006711,-0.00594358290714858
2024-09-15,58,-0.0560913281393294,-0.0532969418711975
2024-09-15,59,0.0244700451694548,0.0293437162756227
2024-09-15,60,-0.0417821570843975,-0.0410974042921932
2024-09-15,61,0.0581720390992952,0.0592047134899669
2024-09-15,62,0.00421121130298552,0.00309000395676762
2024-09-15,63,0.0314992010297797,0.0318271421681118
2024-09-15,64,-0.0221444871149261,-0.0204620293438715
2024-09-15,65,-0.00587959480121203,-0.00449074814041772
2024-09-15,66,-0.104551337254874,-0.102055062297676
2024-09-15,67,-0.0290082973938643,-0.0330824660281763
2024-09-15,68,-0.0265677245958056,-0.0296188308299481
2024-09-15,69,-0.067127524747109,-0.0696515765326122
2024-09-15,70,-0.0356237789801224,-0.0397648638811603
2024-09-15,71,-0.00932290925981238,-0.013653366356122
2024-09-15,72,0.0438544920008974,0.035596117260928
2024-09-15,73,0.00966614903486196,0.00246309105384945
2024-09-15,74,-0.0361490450071296,-0.0403448927153107
2024-09-15,75,-0.0393158108737222,-0.0459677625312995
2024-09-15,76,-0.0453318645725309,-0.0523756964219348
2024-09-15,77,-0.0209143912162206,-0.0272987095347172
2024-09-15,78,-0.0227601741189343,-0.0303696753987843
2024-09-15,79,-0.0193843222957959,-0.0251942605235058
2024-09-15,80,-0.00181132759745939,-0.00812569627357007
2024-09-15,81,0.0184117283891689,0.0123301426306792
2024-09-15,82,0.00646598769256013,0.00139368357629444
2024-09-15,83,-0.00140643856735245,-0.00777772382466502
2024-09-15,84,-0.0102717069588936,-0.0174418142867214
2024-09-15,85,-0.0118928374676059,-0.0179758322711745
2024-09-15,86,-0.0238837264510758,-0.0228551445362672
2024-09-15,87,-0.0121656460672535,-0.0089204167386221
2024-09-15,88,-0.0475317939811699,-0.0463243409800462
2024-09-15,89,-0.0105707424142087,-0.0088706034066508
2024-09-15,90,-0.0264280763028628,-0.0260104212645764
2024-09-15,91,-0.0289770233543454,-0.0292763643478127
2024-09-15,92,-0.0307812800547573,-0.0306907978163427
2024-09-15,93,-0.0288838797039457,-0.0292210124439913
2024-09-15,94,-0.0124394051409151,-0.012328313673212
2024-09-15,95,-0.023612818362035,-0.0245504769072333
2024-09-15,96,-0.0229630089266539,-0.0236570413743351
2024-09-15,97,-0.022562543482791,-0.0236929023590697
2024-09-15,98,-0.012577239757209,-0.0141630415762499
2024-09-15,99,-0.0201971377078749,-0.0209342022804755
2024-09-15,100,-0.0256985641854044,-0.0265643362212309
2024-09-15,101,0.00268706670012531,0.00168883678259668
2024-09-15,102,-0.0319022267800166,-0.0332554163462664
2024-09-15,103,0.000979093562570199,0.00140751741623824
2024-09-15,104,-0.014725935330552,-0.016559182562295
2024-09-15,105,-0.0128985037621225,-0.0136430299358352
2024-09-15,106,-0.00466819491261727,-0.00444082264556123
2024-09-15,107,-0.0146009099478421,-0.0153464922475184
2024-09-15,108,-0.0190297001971089,-0.0198634572476664
2024-09-15,109,0.014331241946107,0.0146998319268778
2024-09-15,110,-0.0304539571906446,-0.0321879328943471
2024-09-15,111,-0.0137435960485845,-0.0150718680296578
2024-09-15,112,-0.000722912725432678,-0.00105338530489263
2024-09-15,113,-0.000496489743828654,-0.00107080469295262
2024-09-15,114,0.00760429175133392,0.00781931975030936
2024-09-15,115,-0.0217784020129344,-0.023586734913474
2024-09-15,116,-0.00417417992122626,-0.00513246112775612
2024-09-15,117,0.000354371319805757,-0.000257090405153093
2024-09-15,118,-0.00629402762077103,-0.00792698220928578
2024-09-15,119,-0.0068410776709058,-0.0073781462832514
2024-09-15,120,-0.00632466176887991,-0.00807790622354254
2024-09-15,121,0.00880160473158043,0.00744988485183207
2024-09-15,122,-0.0186893769852663,-0.0202239210699613
2024-09-15,123,-0.00149393744121618,-0.00220605124931339
2024-09-15,124,0.0079968641560999,0.00614531242200123
2024-09-15,125,-0.000318625914475845,-0.00158411423366012
2024-09-15,126,0.000898664002296989,-0.00114570248498858
2024-09-15,127,-0.000642977223097141,-0.00187292516851656
2024-09-15,128,0.00902125463434178,0.00812967147274613
2024-09-15,129,-0.00121143660545719,-0.00316442756333046
2024-09-15,130,-0.00476841336759559,-0.00599327932674143
2024-09-15,131,0.0293129494381192,0.0286915378027253
2024-09-15,132,-0.0317629937697879,-0.0357753954281073
2024-09-15,133,0.0175601487745487,0.0168807228111056
2024-09-15,134,-0.00440451228059136,-0.00716654786913118
2024-09-15,135,0.00953062887739797,0.00747821378126012
2024-09-15,136,0.000776610197137373,-0.00152630173411694
2024-09-15,137,0.0151299796202577,0.013522290409071
2024-09-15,138,0.0100082861007706,0.00892807547448449
2024-09-15,139,-7.64378060251758e-05,-0.00160089570191246
2024-09-15,140,0.0073915061250247,0.00500511375500068
2024-09-15,141,0.00406012074348627,0.00208200727352725
2024-09-15,142,0.0021162636019465,0.00090493115473933
2024-09-15,143,0.0102010078471526,0.00763566072564004
2024-09-15,144,0.00639230863454188,0.00434521688073097
2024-09-16,2,0.0191656523497103,0.0182980482010411
2024-09-16,3,0.0151704103792198,0.0138063715349439
2024-09-16,4,0.00231944769219883,0.00101165067246178
2024-09-16,5,0.0224723469242187,0.0210824534194458
2024-09-16,6,0.00486016523323229,0.00332204565736482
2024-09-16,7,0.00830177742374261,0.00582453227479895
2024-09-16,8,0.00898422041476188,0.00773855137083679
2024-09-16,9,0.00869267117941863,0.006533012574236
2024-09-16,10,0.00770639060594203,0.00612174964387258
2024-09-16,11,0.021130934476135,0.0209587430038365
2024-09-16,12,0.0159070860793493,0.020504299363397
2024-09-16,13,0.0149558689886931,0.0201387375096562
2024-09-16,14,0.0104314485814019,0.0148053631145508
2024-09-16,15,0.00816929313709736,0.0132272086462208
2024-09-16,16,0.046512118623097,0.0513318549504866
2024-09-16,17,0.0297326007241727,0.0340646266875773
2024-09-16,18,0.066035691558004,0.0718366529504362
2024-09-16,19,0.0481606735923927,0.0538752682041821
2024-09-16,20,0.0507299731387505,0.0562170076911581
2024-09-16,21,0.0594155749921343,0.0652439230012121
2024-09-16,22,0.041023695883764,0.0463026035198357
2024-09-16,23,0.0555460458073957,0.0620387444485875
2024-09-16,24,0.0500825171568291,0.0549867449737889
2024-09-16,25,0.0403853676637285,0.0466185340700207
2024-09-16,26,0.0111514640726851,0.0165822510290354
2024-09-16,27,0.0296230895925467,0.0330941188850868
2024-09-16,28,0.0119929028547698,0.0156826834399837
2024-09-16,29,0.000337116637108004,0.00346121057844684
2024-09-16,30,0.00715887162369366,0.0102371959564778
2024-09-16,31,0.0109770101094275,0.0134261424085889
2024-09-16,32,0.0220907986926155,0.0239521482186991
2024-09-16,33,0.0036911576481673,0.00474266861087891
2024-09-16,34,0.0221619887348909,0.023241979200046
2024-09-16,35,0.0153984544475447,0.0165843425271195
2024-09-16,36,0.0225780147586168,0.022485527579823
2024-09-16,37,0.0757773165063966,0.0774261309941622
2024-09-16,38,0.0363994713742146,0.0357046380623913
2024-09-16,39,-0.016311118393519,-0.0152293806369634
2024-09-16,40,0.0476039488735696,0.0482341190414264
2024-09-16,41,-0.0195690037893774,-0.0172112354054814
2024-09-16,42,-0.0101583261473941,-0.00771128272450561
2024-09-16,43,-0.103002495388101,-0.097024923399287
2024-09-16,44,-0.150657571298046,-0.145019663701387
2024-09-16,45,-0.0690793629551445,-0.0639629640988364
2024-09-16,46,-0.147470905605263,-0.142970491726617
2024-09-16,47,-0.125471692651548,-0.121990627239693
2024-09-16,48,0.0432087380733073,0.0429532564600184
2024-09-16,49,0.0824491422566718,0.0832356561066998
2024-09-16,50,-0.0239248371306289,-0.0231149460454851
2024-09-16,51,-0.0764990077649657,-0.0744166218323734
2024-09-16,52,-0.0726296751020064,-0.0695880594690141
2024-09-16,53,0.107271128596782,0.103023352762959
2024-09-16,54,-0.0640404774975023,-0.0647864732523207
2024-09-16,55,0.142823898129547,0.139687001079857
2024-09-16,56,0.0377506280885909,0.029958880694819
2024-09-16,57,0.00779212135577456,0.00610775615204595
2024-09-16,58,0.0726551535626925,0.0710180787666221
2024-09-16,59,0.0488780693423054,0.0474546995625236
2024-09-16,60,0.0403677547946346,0.0400881980822554
2024-09-16,61,-0.0774309726392266,-0.0767174303475784
2024-09-16,62,0.0316577308619088,0.0313736570134697
2024-09-16,63,-0.06734386136187,-0.0672774093673745
2024-09-16,64,-0.0185068909423709,-0.0185137040329
2024-09-16,65,0.0224075619868991,0.022204088917011
2024-09-16,66,0.00234022712171278,0.00136255167836907
2024-09-16,67,0.019308427296683,0.0182870109091766
2024-09-16,68,-0.0338861526652021,-0.0359921294383554
2024-09-16,69,-0.0261254533842612,-0.028758009906781
2024-09-16,70,-0.013556944237485,-0.0152394518825378
2024-09-16,71,-0.0614045036143098,-0.06311419046658
2024-09-16,72,-0.0304990808651375,-0.0329985586374697
2024-09-16,73,0.0385904191271891,0.0350638228375644
2024-09-16,74,0.043174165386918,0.0389475851542471
2024-09-16,75,0.0775984838650521,0.073737084978827
2024-09-16,76,0.0172024298986644,0.0135350145321773
2024-09-16,77,0.00565261038145515,4.13261679010901e-05
2024-09-16,78,-0.011163703878081,-0.0161600741909691
2024-09-16,79,-0.0621255901692299,-0.0660317076042993
2024-09-16,80,-0.0938451271054133,-0.0993434894062091
2024-09-16,81,-0.0755459651052623,-0.0743012325262011
2024-09-16,82,-0.0239703033228169,-0.0232425181626432
2024-09-16,83,-0.0247295225255826,-0.0293402071289002
2024-09-16,84,-0.0251853502591368,-0.0294808235556303
2024-09-16,85,-0.0193209941734187,-0.0192095414140816
2024-09-16,86,0.0164999947846338,0.0189909833495001
2024-09-16,87,-0.0347284983573948,-0.0375321579841206
2024-09-16,88,-0.0288773083498741,-0.0299553715841991
2024-09-16,89,-0.00183206040351003,-0.00147140092616027
2024-09-16,90,-0.0421340638297938,-0.0433742022326413
2024-09-16,91,-0.0175818283611413,-0.019563685926542
2024-09-16,92,-0.0172054472644652,-0.0174030562289005
2024-09-16,93,-0.0220266572205237,-0.0228333304861419
2024-09-16,94,-0.00400466932411447,-0.00437535787642851
2024-09-16,95,-0.00483117349623186,-0.00517116905765747
2024-09-16,96,-0.00476130371978467,-0.00431054111963647
2024-09-16,97,-0.00444669409969656,-0.00429316525836398
2024-09-16,98,-0.0146165079407954,-0.0150106211355077
2024-09-16,99,-0.00700917074174079,-0.00798101864017298
2024-09-16,100,-0.00791452583661822,-0.0081067034740343
2024-09-16,101,-0.0112058592433293,-0.0122125974262719
2024-09-16,102,0.0075916773874809,0.00685743884947243
2024-09-16,103,-0.0258887642155461,-0.0272888913410299
2024-09-16,104,-0.000108352900911157,-0.00061644073385736
2024-09-16,105,0.00336970698482641,0.00265760790572322
2024-09-16,106,-0.0170140247606847,-0.0184626683858724
2024-09-16,107,-0.000312602291306696,-0.000457823835356308
2024-09-16,108,0.00165532721339723,0.000166604838407025
2024-09-16,109,-0.0193665031741403,-0.0208301446012484
2024-09-16,110,0.00224137963549964,0.00154377571742792
2024-09-16,111,-0.00515063910915359,-0.00614289804353696
2024-09-16,112,-0.00450590579806853,-0.00494269521738566
2024-09-16,113,-0.000166521462734437,-0.00118093745268233
2024-09-16,114,-0.00876384192619017,-0.00921566006815411
2024-09-16,115,-0.00973030264357178,-0.0102691620998225
2024-09-16,116,0.0102983957720353,0.00969099393485529
2024-09-16,117,-0.0152155547826984,-0.0160156603239976
2024-09-16,118,-0.00154601837492141,-0.00191164971343483
2024-09-16,119,0.00357501754017431,0.00314449096597968
2024-09-16,120,-0.012944147111333,-0.0149963000728786
2024-09-16,121,0.015927553670684,0.0166044600545892
2024-09-16,122,-0.0166247704146851,-0.0186910193922429
2024-09-16,123,0.00231103436448254,0.00210414601298936
2024-09-16,124,0.00164949184204755,0.000321424883770405
2024-09-16,125,-0.0100636976119128,-0.0116255960652936
2024-09-16,126,-0.000803227307915044,-0.00132837542964381
2024-09-16,127,-0.00136754267852091,-0.0024769407502685
2024-09-16,128,0.0029033609021285,0.00177935802798501
2024-09-16,129,0.0115244136608856,0.0106529967826052
2024-09-16,130,-0.0133276054900593,-0.0155046477761154
2024-09-16,131,0.0145664029218562,0.013437251908698
2024-09-16,132,-0.00808842761248219,-0.00918036608970318
2024-09-16,133,0.00437925011393325,0.00238742954642568
2024-09-16,134,-0.00325804448371247,-0.00519338550733295
2024-09-16,135,-0.00404177364667824,-0.00516183377942525
2024-09-16,136,0.000738525472978147,-0.00101113640057982
2024-09-16,137,0.0118435426473145,0.0114967755138764
2024-09-16,138,-9.11448754878919e-05,-0.00265763830720367
2024-09-16,139,0.00270308339944236,0.00126451820906226
2024-09-16,140,-0.00753284694535594,-0.00950515963231879
2024-09-16,141,0.0124940608749213,0.0115715812593429
2024-09-16,142,0.00158539260053203,-0.000153138000070996
2024-09-16,143,-0.0132419610851304,-0.0149643912351873
2024-09-16,144,0.0169408319944448,0.0158709961031303
2024-09-17,2,-0.0117610899049554,-0.0112426345255656
2024-09-17,3,0.00707745754514111,0.00732572212596061
2024-09-17,4,0.00430729960469911,0.00478655039309039
2024-09-17,5,-0.00229041633737381,-0.00155635252001396
2024-09-17,6,-0.0137532808780367,-0.0141014852117944
2024-09-17,7,-0.0008339038455496,-0.000147162440050863
2024-09-17,8,0.0167953841763877,0.0177285184320173
2024-09-17,9,-0.00917335078619086,-0.0093333551148671
2024-09-17,10,0.0170145839442606,0.0178770640546002
2024-09-17,11,-0.0121338374636091,-0.0123289189333313
2024-09-17,12,0.0169630607492754,0.0203421113240143
2024-09-17,13,0.0084727387758976,0.011894816951445
2024-09-17,14,0.0446871662995791,0.0484320234940068
2024-09-17,15,0.0219998290073891,0.0255656060644451
2024-09-17,16,0.0235221543223387,0.0266864115477201
2024-09-17,17,0.028999245233444,0.0314094217318424
2024-09-17,18,0.0349168944214959,0.0385039783279026
2024-09-17,19,0.0155208986409647,0.0191525675329434
2024-09-17,20,-0.0110001190919808,-0.00782386558341841
2024-09-17,21,0.00566762334587967,0.00946567283444288
2024-09-17,22,0.0130738034507338,0.0169191376605866
2024-09-17,23,0.00868618981610503,0.0125714586141115
2024-09-17,24,0.0164139694868135,0.019773763412978
2024-09-17,25,-0.0213173359523475,-0.0174053148422448
2024-09-17,26,-0.043991581811091,-0.0409103053232673
2024-09-17,27,0.0139581668544571,0.0180556701097991
2024-09-17,28,-0.00221245681161175,0.000265006184333672
2024-09-17,29,-0.03495985534009,-0.0322169813088067
2024-09-17,30,-0.0363366412963613,-0.0330646048457623
2024-09-17,31,-0.0224987711108522,-0.0189928420699363
2024-09-17,32,0.0982379653124399,0.101174951379191
2024-09-17,33,0.0305070045348197,0.0324272167457931
2024-09-17,34,-0.0146667152776203,-0.011609645424782
2024-09-17,35,-0.00287286607747816,0.000126898704309042
2024-09-17,36,0.0110776131523345,0.0137790264321698
2024-09-17,37,0.00908956959332841,0.0125253882420875
2024-09-17,38,-0.0830541860822462,-0.0808378416806743
2024-09-17,39,-0.0220939269075799,-0.0188435384512555
2024-09-17,40,0.013943775118654,0.0162580127898373
2024-09-17,41,0.0651613956660251,0.0660416093706235
2024-09-17,42,0.0540859691904201,0.0551503805306908
2024-09-17,43,0.0814723186186237,0.0813110577416136
2024-09-17,44,0.0637267470467977,0.0640864711455595
2024-09-17,45,0.0580487151532978,0.0577449763830113
2024-09-17,46,0.0585436954717169,0.0583851825377835
2024-09-17,47,0.0619260962688122,0.0601348969211344
2024-09-17,48,0.0204942639122736,0.0189499538783711
2024-09-17,49,-0.0110541644817337,-0.0115311614175564
2024-09-17,50,0.0240082614234138,0.0239230163441704
2024-09-17,51,0.028154217552868,0.0270265042992825
2024-09-17,52,-0.00536991416115118,-0.00545821412722169
2024-09-17,53,-0.0229707625642277,-0.0223111484432064
2024-09-17,54,0.00526426280502257,0.00427784141769827
2024-09-17,55,0.0402953236864754,0.039773175210783
2024-09-17,56,-0.041851812354226,-0.0425659307486708
2024-09-17,57,-0.0566201068211685,-0.0568942087411415
2024-09-17,58,-0.065102740588947,-0.0646460937404818
2024-09-17,59,-0.0582566632281356,-0.057926046645381
2024-09-17,60,-0.0586516469001914,-0.0590391742287757
2024-09-17,61,-0.0931388885136908,-0.0936800603356964
2024-09-17,62,-0.0589239781957804,-0.058018715548716
2024-09-17,63,-0.083599728238676,-0.0850381533178464
2024-09-17,64,-0.0573168538395379,-0.057655070085719
2024-09-17,65,-0.0422802322713869,-0.0421960173212508
2024-09-17,66,-0.0117136587718836,-0.0128578467589335
2024-09-17,67,0.0025958060066289,0.00151447641238178
2024-09-17,68,0.0172648880798123,0.0160376470088419
2024-09-17,69,0.0204171113987135,0.0187823830077072
2024-09-17,70,0.0491787403033133,0.0474130692965531
2024-09-17,71,0.00490784244323716,0.0019384665617217
2024-09-17,72,0.0307000866039182,0.0294533479671379
2024-09-17,73,-0.0129784078478004,-0.0147317842192258
2024-09-17,74,-0.00744854807909068,-0.00992966334128909
2024-09-17,75,-0.0128298594170992,-0.0157391806887208
2024-09-17,76,0.00471636652225715,0.00303230169634539
2024-09-17,77,-0.0151591969444658,-0.0180471931567503
2024-09-17,78,0.0056596210841402,0.00310890467174119
2024-09-17,79,-0.0341244303537716,-0.0374032040815138
2024-09-17,80,-0.0163574608330324,-0.0187437758367643
2024-09-17,81,-0.00669937304771118,-0.0102397618309649
2024-09-17,82,-0.00650751972491737,-0.00935984912468157
2024-09-17,83,-0.0114949646403328,-0.0153066479601964
2024-09-17,84,-0.0140377699406287,-0.0171796219908416
2024-09-17,85,-0.00228912448832475,-0.00415142616021136
2024-09-17,86,-0.00536381379453843,-0.00565215532070695
2024-09-17,87,-0.00484014739479122,-0.00482379102631292
2024-09-17,88,-0.0156373617520549,-0.0159041442376893
2024-09-17,89,-0.0257729077942823,-0.0278760834190361
2024-09-17,90,-0.00942207882302082,-0.00916528141962836
2024-09-17,91,0.0146645078038814,0.0148923625793991
2024-09-17,92,-0.0119149100577172,-0.0127678537446876
2024-09-17,93,-0.0102072351947173,-0.0109998974718462
2024-09-17,94,-0.000124891123066462,7.29837041539838e-05
2024-09-17,95,0.00273155405156267,0.00268041949942877
2024-09-17,96,-0.00950494365045973,-0.0101118663734425
2024-09-17,97,0.00378701413346949,0.00399074791500276
2024-09-17,98,-0.0067200258659943,-0.0068276387729238
2024-09-17,99,0.00710148639350461,0.00723477382586957
2024-09-17,100,-0.0123607965373145,-0.0130266643384864
2024-09-17,101,0.0164223362845997,0.0168026443989397
2024-09-17,102,-0.0205262858410613,-0.0214900680756056
2024-09-17,103,0.0136310979538017,0.0134461243600033
2024-09-17,104,-0.00247535571800572,-0.00268961229972398
2024-09-17,105,0.00283305491640373,0.00287873714623643
2024-09-17,106,0.00198740657439789,0.00092948910678814
2024-09-17,107,-0.006725637982397,-0.00619409905474022
2024-09-17,108,0.00787821013601775,0.00705558122889727
2024-09-17,109,0.00382385977706612,0.00354465352238975
2024-09-17,110,-0.00255861271956981,-0.00317065406511041
2024-09-17,111,0.00761979853309303,0.00755138454327131
2024-09-17,112,0.000429120062013233,7.30561312476397e-05
2024-09-17,113,-0.00245988708294664,-0.0031333612056379
2024-09-17,114,-0.00551318031173054,-0.00641738758788613
2024-09-17,115,0.0160341363820198,0.0161507674093926
2024-09-17,116,-0.00377053576170461,-0.00448082163430463
2024-09-17,117,-0.00530883226895185,-0.00602902886633672
2024-09-17,118,0.00575900087311254,0.00528575895050132
2024-09-17,119,0.0103048113957174,0.00983008918916539
2024-09-17,120,-0.00559396175559357,-0.00715726553715967
2024-09-17,121,0.0064395936340711,0.00671406985594736
2024-09-17,122,0.00424291797364695,0.00342702483816915
2024-09-17,123,0.00220643719160041,0.000866038740232611
2024-09-17,124,-0.00326719335579906,-0.00356149859710087
2024-09-17,125,0.000918755477937516,0.000341288015054175
2024-09-17,126,0.0155146991201489,0.0140976215513735
2024-09-17,127,-0.0157028127626315,-0.0165902270296758
2024-09-17,128,0.00503414806441871,0.00413575538739508
2024-09-17,129,0.0103033807439683,0.00967198649324352
2024-09-17,130,0.00873968828691662,0.00753140273960184
2024-09-17,131,-0.0152386182649522,-0.0164282836997103
2024-09-17,132,-0.00122223363160145,-0.00244862590317751
2024-09-17,133,0.0171922675380971,0.0165015867743854
2024-09-17,134,0.00247123460387044,0.00120496265824244
2024-09-17,135,-0.00287629138312706,-0.00359820479450335
2024-09-17,136,-0.00575549084618654,-0.00756026701377621
2024-09-17,137,0.00820884820877765,0.00720780952366162
2024-09-17,138,-0.00104441142088341,-0.00205554193302326
2024-09-17,139,0.000518844152856524,-0.000525063615175014
2024-09-17,140,0.0011195378405553,-0.000727651841632593
2024-09-17,141,0.00592919161516647,0.004862815991304
2024-09-17,142,0.0113340656230614,0.0102528939145117
2024-09-17,143,-0.000396069736032345,-0.00172860675610664
2024-09-17,144,-0.0101558101096852,-0.0120562832348394
2024-09-18,2,-0.0202208233725649,-0.0211239692075793
2024-09-18,3,-0.00814879344988118,-0.0094761907611236
2024-09-18,4,0.00479386272504101,0.00377957867441303
2024-09-18,5,-0.0182650733054572,-0.0192072231659708
2024-09-18,6,-0.00920300232796656,-0.0102427565327545
2024-09-18,7,0.0118727266486349,0.0115303086180596
2024-09-18,8,-0.0265557691373717,-0.0289434411828715
2024-09-18,9,0.0122140276049993,0.0128860911279496
2024-09-18,10,-0.0131224941254136,-0.0145102816937346
2024-09-18,11,0.000374196544653316,-0.000355809934914575
2024-09-18,12,-0.00481467319735174,-0.00455004934805459
2024-09-18,13,-0.00526589342970762,-0.00446175252907111
2024-09-18,14,-0.000905552416833544,0.000308411726610558
2024-09-18,15,0.0134306710565735,0.0137714183606636
2024-09-18,16,0.00723471151555533,0.00950243495608305
2024-09-18,17,0.0181096937910752,0.0183179899077075
2024-09-18,18,0.0106953718397271,0.0118221858835472
2024-09-18,19,0.019608492461848,0.0219939997110323
2024-09-18,20,0.00580355452620829,0.00646188993074404
2024-09-18,21,0.00324111793012172,0.00516276282784389
2024-09-18,22,-0.00344553760825406,-0.00261460316839113
2024-09-18,23,0.0177436372194579,0.0197326897206747
2024-09-18,24,0.00621971417394018,0.00766187714194366
2024-09-18,25,0.0282271871839948,0.0301489038162099
2024-09-18,26,0.0131981469415061,0.0138613037892199
2024-09-18,27,0.0120365412731713,0.0138930307106051
2024-09-18,28,0.0182316356172034,0.0205411803174993
2024-09-18,29,0.0151558413228043,0.016819110232273
2024-09-18,30,0.0129688192033699,0.0150963263191226
2024-09-18,31,0.00990380635096244,0.0105863126733023
2024-09-18,32,0.0152414023618768,0.0178817716817292
2024-09-18,33,0.000117733617518212,0.00130149291890724
2024-09-18,34,0.0268958495053093,0.0295531288620428
2024-09-18,35,-0.00414947819801004,-0.00292548273672999
2024-09-18,36,-0.000579316432924415,0.00250859880811305
2024-09-18,37,0.00698364184188804,0.00913585834040731
2024-09-18,38,-0.0434438313049466,-0.0428062738061552
2024-09-18,39,0.0040767293926125,0.00629040570696127
2024-09-18,40,-0.00431708160765076,-0.00323611704546778
2024-09-18,41,0.0104183510033344,0.0118292165792209
2024-09-18,42,0.00100474628178659,0.00210695885833623
2024-09-18,43,-0.013617021130476,-0.0121484118588846
2024-09-18,44,-0.0057575029071284,-0.00516586584509326
2024-09-18,45,0.0176314843623508,0.0181638714097438
2024-09-18,46,-0.0121794338889787,-0.0115585145171764
2024-09-18,47,0.0186527511176662,0.0191177926281405
2024-09-18,48,0.0073848922594264,0.00723884341261716
2024-09-18,49,0.00718589922664936,0.00852067290038505
2024-09-18,50,0.017399968672553,0.017221312822155
2024-09-18,51,-0.000311827598563852,-0.000118534630212608
2024-09-18,52,-0.030634296268027,-0.0312049978474249
2024-09-18,53,-0.0195239058501295,-0.0196928560748368
2024-09-18,54,-0.0207720517035357,-0.0210736161537888
2024-09-18,55,-0.0122182627829162,-0.0122659770927402
2024-09-18,56,-0.00390519325762106,-0.00599022852342301
2024-09-18,57,0.00751341083969947,0.00651384990109705
2024-09-18,58,0.00726238373973498,0.00662492653649593
2024-09-18,59,0.0015774565368325,0.000943473784969839
2024-09-18,60,-0.0139949218508022,-0.0150258707991906
2024-09-18,61,-0.0174643686913543,-0.0194239765447808
2024-09-18,62,0.0060843813970406,0.00655732157670208
2024-09-18,63,-0.00944656696174029,-0.0105420629529469
2024-09-18,64,-0.0358331237290876,-0.0370559845453666
2024-09-18,65,0.000187829651076221,-0.000971919724625181
2024-09-18,66,-0.0205981277714891,-0.0222235179534085
2024-09-18,67,0.00177509723677627,0.00105614322259839
2024-09-18,68,7.28306540676016e-06,-0.000446668046562237
2024-09-18,69,-0.00918232215131543,-0.0108016111389695
2024-09-18,70,-0.0187546338382987,-0.0208453106910031
2024-09-18,71,-0.00756284388060191,-0.0102215264449335
2024-09-18,72,0.00421281269731644,0.00288414566811745
2024-09-18,73,0.00503242269733484,0.00364269216986912
2024-09-18,74,0.010662903009254,0.00924458978209053
2024-09-18,75,0.00272980467056794,0.00154558962657703
2024-09-18,76,0.0048382900756847,0.00284804788330995
2024-09-18,77,-0.00356278713072644,-0.00493563672615416
2024-09-18,78,0.00593600742707778,0.00407431153928606
2024-09-18,79,0.0160227004201436,0.0151536409009516
2024-09-18,80,-0.00582782318439978,-0.00714897906557432
2024-09-18,81,-0.00856895911484479,-0.0110952336800203
2024-09-18,82,0.0103219769391645,0.00871830397599815
2024-09-18,83,0.00162323588101643,0.000989632315622657
2024-09-18,84,-0.00081536920244929,-0.00237093331251259
2024-09-18,85,-0.0056891571203801,-0.00626627700542137
2024-09-18,86,-0.0121809222579268,-0.0117294079984784
2024-09-18,87,-0.00283512235550187,-0.00285762976880299
2024-09-18,88,-0.0200002600379143,-0.0193787006965742
2024-09-18,89,0.00136293661922693,0.00175441199213999
2024-09-18,90,-0.00298372413828929,-0.00263333336287985
2024-09-18,91,-0.00200633853360443,-0.00168785047030617
2024-09-18,92,0.0119760654913108,0.012591799311414
2024-09-18,93,-0.0202154473477245,-0.0209019183900381
2024-09-18,94,-0.0182195436314974,-0.0180199556525196
2024-09-18,95,0.00782593543262688,0.00785228023616824
2024-09-18,96,-0.00742723335981044,-0.00732639396872692
2024-09-18,97,-0.0160645605540664,-0.0163768006902618
2024-09-18,98,0.00525763356747788,0.00558574713357274
2024-09-18,99,-0.00574207933266191,-0.00612311310683467
2024-09-18,100,0.00538448844203288,0.00571226556197679
2024-09-18,101,0.0041519155061831,0.00381175504050013
2024-09-18,102,-0.00825274534549703,-0.00782911351006454
2024-09-18,103,-0.0110902101009547,-0.011434954873172
2024-09-18,104,0.00210271412704266,0.00234419954603027
2024-09-18,105,-0.00361141895949402,-0.00302611959545729
2024-09-18,106,-0.00101947877788522,-0.000798325816051104
2024-09-18,107,-0.00922133996724828,-0.00970315718840098
2024-09-18,108,0.0180718609954527,0.0185813478983832
2024-09-18,109,-0.0202279661249332,-0.0203092279838941
2024-09-18,110,0.0123011263444051,0.0124416368098981
2024-09-18,111,-0.00797359088730243,-0.00811225025548801
2024-09-18,112,-0.00601255655329336,-0.00515893181001736
2024-09-18,113,0.00926370218354045,0.00934654263114076
2024-09-18,114,0.0124820760899684,0.0132889357296477
2024-09-18,115,-0.00700008082352532,-0.00721094992343119
2024-09-18,116,0.0036598094162752,0.0047518000187825
2024-09-18,117,0.00902720231739362,0.00943356427981357
2024-09-18,118,0.00419044675108804,0.00561441172937727
2024-09-18,119,0.00188435265798947,0.00190002461122774
2024-09-18,120,-0.0135296517642836,-0.0138681923643968
2024-09-18,121,-0.000205798394654622,6.34087174571363e-05
2024-09-18,122,0.00342270202407757,0.00291390144530901
2024-09-18,123,0.00845002368278802,0.0090247152854328
2024-09-18,124,0.0169167911433146,0.0178522882998742
2024-09-18,125,-0.0146328713367412,-0.0153472999720741
2024-09-18,126,0.0112169220880229,0.0104190118666576
2024-09-18,127,-0.010361859763,-0.0111147910325062
2024-09-18,128,0.00977702818886605,0.00932956203817881
2024-09-18,129,0.00749955604873964,0.00709668663771446
2024-09-18,130,-0.00103832230876044,-0.00277369922515369
2024-09-18,131,-0.00273327990648475,-0.00303901532706874
2024-09-18,132,0.00740623043101873,0.00705745810184233
2024-09-18,133,-0.00566457386375596,-0.00700732150852446
2024-09-18,134,0.0015400020750187,0.000508049285919299
2024-09-18,135,-0.012978620125895,-0.0139893406709461
2024-09-18,136,0.00440293279198833,0.00397891074228873
2024-09-18,137,0.0195577771300037,0.0206049112894497
2024-09-18,138,-0.0126081657342807,-0.0136404855843395
2024-09-18,139,0.0104839782715409,0.00934579279476466
2024-09-18,140,0.000136557168930018,0.000540094062143837
2024-09-18,141,0.0173937493848806,0.0173402862880145
2024-09-18,142,0.00058479827549629,-0.000462582963276503
2024-09-18,143,0.002509688446378,0.00253741703672361
2024-09-18,144,0.00157289959256168,0.00192543014033042
2024-09-19,2,0.0275361206534974,0.0248537900059347
2024-09-19,3,0.0175006868931167,0.0152776883427332
2024-09-19,4,0.0285292344581132,0.0252315666946039
2024-09-19,5,0.02685837711054,0.0240614497624261
2024-09-19,6,0.0191539080522691,0.016854122509935
2024-09-19,7,0.0449814072242107,0.0426349491277129
2024-09-19,8,0.00766567916457728,0.00596023784744482
2024-09-19,9,0.0151464526762251,0.0117149894007902
2024-09-19,10,0.0149775087603006,0.0126502880224901
2024-09-19,11,0.0393625258752754,0.0365429271409603
2024-09-19,12,0.00592075601968833,0.00822468259966591
2024-09-19,13,0.0173055127743069,0.0225183200890076
2024-09-19,14,0.0109469095823949,0.0173909299405608
2024-09-19,15,0.00987919377708923,0.0151737252908664
2024-09-19,16,-0.0234257758373744,-0.0169171152653735
2024-09-19,17,-0.00683584952486171,-0.00189298244208658
2024-09-19,18,0.00425033146859466,0.00997677631263194
2024-09-19,19,-0.01447449660124,-0.00889125788666512
2024-09-19,20,0.0127354083206459,0.0179660133968724
2024-09-19,21,0.0238482293765454,0.0299412374748869
2024-09-19,22,0.0145617078495723,0.0184739751030669
2024-09-19,23,0.0420963332593933,0.0497400336705525
2024-09-19,24,0.0132958393116951,0.0196574604573794
2024-09-19,25,0.00365247823035642,0.0108480059607388
2024-09-19,26,-0.0135328407189848,-0.00696048021867313
2024-09-19,27,0.0129855729775894,0.020346762909158
2024-09-19,28,-0.00660215830825894,0.000252628639294983
2024-09-19,29,0.0263584557535728,0.0324714973310396
2024-09-19,30,-0.0249668539484142,-0.0193787119268904
2024-09-19,31,-0.0432522541831055,-0.0378447528842472
2024-09-19,32,-0.0325317238851301,-0.0237648819754899
2024-09-19,33,0.0774108281639512,0.0790000812458516
2024-09-19,34,0.0517953744419772,0.0525542930623075
2024-09-19,35,-0.0708525000865174,-0.0682708877985441
2024-09-19,36,0.0984671622815094,0.0979658450029106
2024-09-19,37,0.0163982238127733,0.0166066909745552
2024-09-19,38,-0.0340474556121206,-0.0347604518746447
2024-09-19,39,-0.0209171632941381,-0.0202695777737532
2024-09-19,40,0.0619576592269695,0.0615906450920072
2024-09-19,41,-0.0256051354561588,-0.0232528813946686
2024-09-19,42,0.00532776822492043,0.0062852430804039
2024-09-19,43,0.0445071443121945,0.0453203628934027
2024-09-19,44,0.0606620492023549,0.0624536897220462
2024-09-19,45,0.0192658041496587,0.0225497568570105
2024-09-19,46,-0.0540815729244972,-0.0491074719035591
2024-09-19,47,0.034367674300178,0.0385273990830299
2024-09-19,48,0.112134219848762,0.118834335743085
2024-09-19,49,-0.00344770813203965,0.00544852918122096
2024-09-19,50,-0.0260809878745043,-0.0165788632525992
2024-09-19,51,-0.00476643067608862,0.00278419905899874
2024-09-19,52,-0.013605797702863,-0.0112669904900518
2024-09-19,53,0.0303345272840456,0.0261691407813434
2024-09-19,54,-0.00715032538430815,-0.0120637952609197
2024-09-19,55,0.0542674360135997,0.05097690567972
2024-09-19,56,0.130645509979288,0.127195812224072
2024-09-19,57,-0.0958609394396,-0.0981763592100329
2024-09-19,58,0.0476239832976662,0.0436102766034399
2024-09-19,59,0.0316658620918178,0.0261058900370941
2024-09-19,60,-0.0726519566970083,-0.0780536075846179
2024-09-19,61,0.00841436509122584,0.00580438990225218
2024-09-19,62,-0.0506057006393368,-0.0566630117222324
2024-09-19,63,0.0530245410300152,0.0523070434225339
2024-09-19,64,-0.174078446834066,-0.173333945551997
2024-09-19,65,0.0226763473591935,0.0208119665661766
2024-09-19,66,-0.0473064650947403,-0.0463775809498372
2024-09-19,67,-0.00276493968181324,-0.00506752126709742
2024-09-19,68,-0.0462250873126964,-0.0502552401332537
2024-09-19,69,-0.00250874450196203,-0.0048604950593294
2024-09-19,70,-0.042096605693593,-0.0440751885994075
2024-09-19,71,-0.100100865968995,-0.10461744624188
2024-09-19,72,-0.0956612666241243,-0.101481905679158
2024-09-19,73,-0.0809929844352286,-0.0881426690907556
2024-09-19,74,-0.0624810370420539,-0.0690237431471683
2024-09-19,75,-0.0267684355037918,-0.034889639807032
2024-09-19,76,-0.0190899151894852,-0.0269352384005028
2024-09-19,77,-0.0313751895252734,-0.0380494208811211
2024-09-19,78,-0.0220992810610436,-0.0270799206819063
2024-09-19,79,-0.00460054804802912,-0.0102089053524868
2024-09-19,80,-0.0310182494459701,-0.0377428080416511
2024-09-19,81,-0.0132283851042949,-0.0190724361414336
2024-09-19,82,-0.0142829264382618,-0.0207153858887086
2024-09-19,83,0.0036405490168212,-0.00178872799166108
2024-09-19,84,0.00203384115995409,-0.00368210350505827
2024-09-19,85,-0.0154899916886668,-0.012730134118911
2024-09-19,86,-0.013275115752629,-0.0100641702563902
2024-09-19,87,-0.0192187112604341,-0.0160774173084057
2024-09-19,88,-0.0109789909722737,-0.00926065028009582
2024-09-19,89,-0.0146534554915156,-0.0125053912291708
2024-09-19,90,-0.0190381491573612,-0.0174356506419411
2024-09-19,91,-0.00989354443777923,-0.00823013555870133
2024-09-19,92,-0.0429197879254328,-0.04170659595842
2024-09-19,93,0.00424364585712222,0.00561124923604339
2024-09-19,94,-0.0194977464585406,-0.0195898814496278
2024-09-19,95,-0.00522672909827016,-0.00481475375589646
2024-09-19,96,-0.0236497724137461,-0.0244757580824793
2024-09-19,97,-0.0130430009813667,-0.0130393653201093
2024-09-19,98,-0.00463359052042289,-0.00500604474770938
2024-09-19,99,-0.0157382230124821,-0.0160393597739397
2024-09-19,100,-0.00303005636440545,-0.00368885183992518
2024-09-19,101,-0.00911464983033561,-0.00844307561070679
2024-09-19,102,-0.00524182900332981,-0.00495277890790824
2024-09-19,103,-0.00263531096560854,-0.00236773492279596
2024-09-19,104,0.00873287678399848,0.0105821285438275
2024-09-19,105,-0.0088370699406628,-0.00883008691678988
2024-09-19,106,-0.00890160614497137,-0.00837835353831906
2024-09-19,107,-0.00282871137495455,-0.00241822111226853
2024-09-19,108,0.0112324614720389,0.0128832612079819
2024-09-19,109,-0.00308947439657903,-0.00331659906060722
2024-09-19,110,-0.00730797914145942,-0.00496915249986074
2024-09-19,111,0.00569565060276123,0.00511843832306447
2024-09-19,112,-0.00430264269705738,-0.00443512315760231
2024-09-19,113,0.00417873260228507,0.00431743555499331
2024-09-19,114,0.0252353004143968,0.025389441481332
2024-09-19,115,-0.0111347925136966,-0.0117709772167505
2024-09-19,116,-0.00440764698440965,-0.00489105699725734
2024-09-19,117,-0.00741474958854393,-0.00764697513173829
2024-09-19,118,0.00389510125750991,0.00284328921945054
2024-09-19,119,0.0109842848396644,0.0102994376630239
2024-09-19,120,0.00114616994267092,-0.000508487562067117
2024-09-19,121,0.0199280403570041,0.0193292281360016
2024-09-19,122,0.0103845769165636,0.00957373602713751
2024-09-19,123,-0.00280996804809686,-0.00425642827091188
2024-09-19,124,0.0147290258811887,0.0138395281638211
2024-09-19,125,-0.0085056310163294,-0.00927277151060224
2024-09-19,126,0.0129505570836841,0.0119153409794066
2024-09-19,127,0.000562824102867232,-0.000429986634252089
2024-09-19,128,0.0213757136406976,0.0196574032915589
2024-09-19,129,0.00414752219818748,0.00325831651194797
2024-09-19,130,0.0294487809446373,0.0284538675590209
2024-09-19,131,-0.00644513701315841,-0.0085530439218573
2024-09-19,132,0.0229320117210854,0.0223796105281391
2024-09-19,133,0.00122234625385875,0.000443447921574247
2024-09-19,134,0.0111071117349191,0.0104537669827334
2024-09-19,135,0.0290322798769056,0.0272864411608875
2024-09-19,136,0.00149069772698329,0.000294753524482161
2024-09-19,137,0.00265768450909132,0.00235319522988675
2024-09-19,138,-0.00417610048072969,-0.00507427974753938
2024-09-19,139,0.0308394190257797,0.0289399528181775
2024-09-19,140,-0.00426044042357709,-0.00657269277098216
2024-09-19,141,0.00923310319522574,0.0074521865331878
2024-09-19,142,0.00775670315755583,0.00557395424742069
2024-09-19,143,0.0392108364783974,0.0377357125623163
2024-09-19,144,0.0180134233229898,0.0157581713187032
2024-09-20,2,-0.00288617011150993,-0.00545406011262983
2024-09-20,3,0.0279254919598069,0.0255676783390033
2024-09-20,4,-0.00149772249167146,-0.00411088657408598
2024-09-20,5,0.015109889045088,0.0127565239512784
2024-09-20,6,0.00863265684188796,0.00686583473056501
2024-09-20,7,-0.00869730534648561,-0.0121708331426564
2024-09-20,8,0.0243897580371968,0.0227401902970517
2024-09-20,9,-0.00344372975891094,-0.00609122911014559
2024-09-20,10,0.0197928603836095,0.0169266807333575
2024-09-20,11,0.0172130588433212,0.0150287864802774
2024-09-20,12,0.0229885013336659,0.0256929660639358
2024-09-20,13,0.0214564808481708,0.0290747172249741
2024-09-20,14,0.0280986329020294,0.0342075014282734
2024-09-20,15,0.0191953607152557,0.02501287302732
2024-09-20,16,0.0297466501816093,0.0369118973184666
2024-09-20,17,0.0204416394079558,0.0273470722280251
2024-09-20,18,0.0139098132414643,0.0187554161951233
2024-09-20,19,0.0341121015473629,0.0404638720814319
2024-09-20,20,0.0324814060682375,0.0384675563571939
2024-09-20,21,0.00904445236485962,0.014765623866289
2024-09-20,22,0.00675601879297005,0.0138565583031163
2024-09-20,23,0.00821477173028562,0.0148078732002332
2024-09-20,24,-0.00049066118133112,0.00525117169800104
2024-09-20,25,-0.0177126862724517,-0.0136615673912956
2024-09-20,26,0.0156369618639216,0.018143726490484
2024-09-20,27,0.0158078079081099,0.0169945102954916
2024-09-20,28,0.0115638931514015,0.0141415181972633
2024-09-20,29,-0.0041450316088314,-0.000909877345264931
2024-09-20,30,-0.00960419434047388,-0.0097763794035739
2024-09-20,31,0.0185992562689652,0.0197151643382014
2024-09-20,32,-0.00735446486495217,-0.00703402985182677
2024-09-20,33,0.104989790861473,0.104298956595349
2024-09-20,34,0.0568880844058333,0.0552414806633106
2024-09-20,35,-0.0430432165373,-0.0403201876750803
2024-09-20,36,0.102570384322567,0.100458503531744
2024-09-20,37,0.0589049337438681,0.0639019879499649
2024-09-20,38,-0.00662610014100995,-0.00197333496918262
2024-09-20,39,-0.0194999892898222,-0.011476758562166
2024-09-20,40,-0.111470244289425,-0.107223229728683
2024-09-20,41,0.109508904166382,0.11229286380704
2024-09-20,42,0.0460063594642595,0.043009551011199
2024-09-20,43,-0.063061109429686,-0.0581025668129751
2024-09-20,44,-0.0593945799433113,-0.0533440293505745
2024-09-20,45,0.0140939222995176,0.0164706283282285
2024-09-20,46,-0.0150048439829842,-0.0148689666808366
2024-09-20,47,-0.0382177633549166,-0.0344438248761101
2024-09-20,48,0.0112977528254667,0.013430005007308
2024-09-20,49,-0.113192207414845,-0.116837586345858
2024-09-20,50,0.0310156380011373,0.0305038069841377
2024-09-20,51,-0.0502433013815002,-0.0561415350636931
2024-09-20,52,5.9367730033344e-05,6.54896686711481e-05
2024-09-20,53,0.0827154920032509,0.0791190586263486
2024-09-20,54,-0.0718402279404051,-0.0750284750321875
2024-09-20,55,0.000407388284530796,0.00131214925062828
2024-09-20,56,-0.0606248854744864,-0.0618636561794013
2024-09-20,57,-0.0174315031666232,-0.0151283524783192
2024-09-20,58,-0.0411184594729299,-0.0395677485867729
2024-09-20,59,0.000912146326823127,-0.00158342590328964
2024-09-20,60,0.0638025267130535,0.0608525245087499
2024-09-20,61,-0.0428637374018379,-0.0444342952728736
2024-09-20,62,-0.0248063407053714,-0.0276848160604271
2024-09-20,63,0.022006941914734,0.0176691876735298
2024-09-20,64,-0.00300179459388428,-0.00526400390925374
2024-09-20,65,-0.00548053940075022,-0.007736033043372
2024-09-20,66,0.0517619370513502,0.0518896583376716
2024-09-20,67,-0.000792925510559428,-0.00171805744123255
2024-09-20,68,0.0192903208466664,0.0169366923250536
2024-09-20,69,0.023685413618888,0.0187793163686756
2024-09-20,70,0.000745445990282256,5.52381191187834e-05
2024-09-20,71,0.00623534283394012,0.00600503144009856
2024-09-20,72,0.0219349969451743,0.0202615747768906
2024-09-20,73,-0.0297698889839451,-0.0292233681271057
2024-09-20,74,0.0105577429964692,0.00912068857842918
2024-09-20,75,-0.0130068687589198,-0.0143996782615563
2024-09-20,76,0.000266216745232306,-0.00204180621749828
2024-09-20,77,-0.0357278720531999,-0.038055539554879
2024-09-20,78,-0.0159767814596448,-0.0200056957537118
2024-09-20,79,-0.0124900943981237,-0.0175313838776514
2024-09-20,80,-0.0129786467728472,-0.0172523993726976
2024-09-20,81,-0.0106532547446117,-0.0169204132185836
2024-09-20,82,-0.0220260059822319,-0.0263392073797402
2024-09-20,83,-0.0175251304838602,-0.0235702581897268
2024-09-20,84,-0.0193214414759648,-0.0238443310645291
2024-09-20,85,-0.022837543606375,-0.0199980099797603
2024-09-20,86,-0.0318331479116463,-0.0298376633321276
2024-09-20,87,-0.0364273258754277,-0.0347156360504286
2024-09-20,88,-0.0206723661376254,-0.0190856945770275
2024-09-20,89,-0.0419357537325702,-0.0422764495956578
2024-09-20,90,-0.0290957301143653,-0.0293909824141778
2024-09-20,91,-0.0315318532687918,-0.0325089868234958
2024-09-20,92,-0.0582990616855126,-0.0592037484309955
2024-09-20,93,-0.00116440496948744,-0.00401955142720034
2024-09-20,94,-0.0179769062390767,-0.0194040855353776
2024-09-20,95,-0.024750007580904,-0.0261161423537839
2024-09-20,96,-0.0188883460447729,-0.0207034595769446
2024-09-20,97,-0.0321032203849629,-0.0335176127025196
2024-09-20,98,-0.0393912271511976,-0.039962207562878
2024-09-20,99,-0.020176692503667,-0.0216464088838979
2024-09-20,100,0.0148235787858724,0.014502147593598
2024-09-20,101,-0.0174748758290528,-0.0174529747799763
2024-09-20,102,-0.00860456701587253,-0.00837966993836936
2024-09-20,103,0.00572611322154781,0.00560778362506831
2024-09-20,104,-0.00650973153403189,-0.0070234096252566
2024-09-20,105,0.000774629556440587,0.0022127693927203
2024-09-20,106,-0.0128250820648219,-0.0128568788876446
2024-09-20,107,-0.00251463834664989,-0.00198723435595838
2024-09-20,108,-0.000644806259627373,-0.00120609387448489
2024-09-20,109,-0.0011796915383071,-0.00123658830885809
2024-09-20,110,0.00622668985850794,0.00586458320047711
2024-09-20,111,-0.0112013180823345,-0.0112811677436859
2024-09-20,112,-0.0113141719751066,-0.0120764371665594
2024-09-20,113,-0.00388809908987131,-0.005168768457807
2024-09-20,114,-0.0153224687810516,-0.0180598915843717
2024-09-20,115,0.00314356902922341,0.00259311518894556
2024-09-20,116,-0.00303329645870942,-0.00454035122787744
2024-09-20,117,-0.00730676321961621,-0.00950990188422374
2024-09-20,118,-0.00429352418805884,-0.00499482199236922
2024-09-20,119,0.0158585445726658,0.0147462877014846
2024-09-20,120,-0.016573349351515,-0.0176915026972289
2024-09-20,121,0.00014396171965636,-0.000937158236022029
2024-09-20,122,0.0038905690949349,0.0027976267802643
2024-09-20,123,-0.00541404970062764,-0.00677608986748268
2024-09-20,124,0.00830502689282397,0.0075850741674266
2024-09-20,125,-0.00599168737161815,-0.00657588635460193
2024-09-20,126,-0.00189430930994483,-0.00230941866008827
2024-09-20,127,0.00590363234347624,0.00381547033503971
2024-09-20,128,0.0293317649348221,0.0281945375811503
2024-09-20,129,0.00966856557335216,0.00954644148573891
2024-09-20,130,0.0048477620043812,0.00390875394396417
2024-09-20,131,-0.0111165393301329,-0.0101544811416829
2024-09-20,132,0.0119150100320127,0.0115093814115816
2024-09-20,133,0.0166221328843204,0.015894737792614
2024-09-20,134,0.00886661106006681,0.00835821832447436
2024-09-20,135,0.0145396767694939,0.0135957746105895
2024-09-20,136,0.023587193954973,0.0243553180730878
2024-09-20,137,0.00551430860733593,0.00525453128064512
2024-09-20,138,0.00560308701892254,0.0058908177282273
2024-09-20,139,0.0306518115895908,0.0290848510201265
2024-09-20,140,0.0248405427251246,0.0254566967571588
2024-09-20,141,0.0140387666055624,0.0139975068984608
2024-09-20,142,0.0259656540296431,0.0266253070031244
2024-09-20,143,0.0247389778617881,0.0250708641931112
2024-09-20,144,0.0253143912314995,0.0253253408849226
2024-09-21,2,0.0110091592435921,0.00944890763334882
2024-09-21,3,0.013839168772833,0.0122273905761343
2024-09-21,4,-0.00305357082446633,-0.00460859015111303
2024-09-21,5,0.0211482278797899,0.0194246793984494
2024-09-21,6,0.0190452194169808,0.0188901783475188
2024-09-21,7,0.00359294964432166,0.00122807813400883
2024-09-21,8,0.021547854497415,0.0198508895771354
2024-09-21,9,0.0132347655120384,0.0108908577849167
2024-09-21,10,0.00368107158311304,0.00287294134140303
2024-09-21,11,0.0141497451846453,0.0116592338122103
2024-09-21,12,0.0276568602619367,0.0288952025775604
2024-09-21,13,0.022707271067258,0.0280534917815203
2024-09-21,14,0.0345962757453062,0.0400857087961874
2024-09-21,15,0.0066665467013225,0.01180531988825
2024-09-21,16,0.0174834345059622,0.0238045264320306
2024-09-21,17,0.0130477185470879,0.0184817502720627
2024-09-21,18,0.011588882153486,0.0180421925236125
2024-09-21,19,-0.00248888169520356,0.00411625781352676
2024-09-21,20,0.00928804027516961,0.0144141331838235
2024-09-21,21,0.00269822847372936,0.00894558489781261
2024-09-21,22,0.00146555160864814,0.00792401913643204
2024-09-21,23,-0.0166743603954993,-0.0108822640921336
2024-09-21,24,0.00495003720756859,0.0115971366385939
2024-09-21,25,0.0135785680041032,0.0186018000822532
2024-09-21,26,0.0084441026349209,0.0120648841858451
2024-09-21,27,0.0326198939214217,0.0331963749982283
2024-09-21,28,-0.00911732521495079,-0.00671291383656225
2024-09-21,29,0.000100771752812534,0.00330536822700722
2024-09-21,30,0.00658421534181564,0.00943662808827739
2024-09-21,31,-0.00538785605195713,-0.0048288651381192
2024-09-21,32,0.00101956593149133,0.00408400138876708
2024-09-21,33,0.0409527855940643,0.040721293312167
2024-09-21,34,-0.00191381636199672,-0.00075328907797001
2024-09-21,35,-0.0409052544520554,-0.037797524840828
2024-09-21,36,0.0748685934809723,0.0735319274904125
2024-09-21,37,-0.0202920333547096,-0.0153306460421145
2024-09-21,38,-0.00510207248885575,-0.00419775087669549
2024-09-21,39,7.70660336009144e-05,0.00274163380923653
2024-09-21,40,0.0377669774000173,0.0358168824683531
2024-09-21,41,-0.0343891414679129,-0.0324590485460483
2024-09-21,42,0.0236642116963202,0.0254444075147333
2024-09-21,43,0.0552162333725637,0.0554992630527185
2024-09-21,44,0.0332205462420312,0.0338332169722957
2024-09-21,45,-0.0319962667020759,-0.0297654557988185
2024-09-21,46,-0.0290934218465386,-0.0275305627840439
2024-09-21,47,0.0300255846841138,0.0306925283401522
2024-09-21,48,0.102855600494725,0.102207967508793
2024-09-21,49,-0.0275756032587946,-0.0276555639715141
2024-09-21,50,-0.0391447056238521,-0.0371417888322831
2024-09-21,51,-0.0297760324985186,-0.0298383158896005
2024-09-21,52,0.0127447792118058,0.0132101418865336
2024-09-21,53,-0.0376953714447108,-0.0395303313396553
2024-09-21,54,0.0472059190901382,0.0475058509749413
2024-09-21,55,0.095815915322671,0.0936725498843192
2024-09-21,56,0.0546698786525477,0.0537783289856293
2024-09-21,57,-0.0770316079473785,-0.0760289943725319
2024-09-21,58,0.0123812493405859,0.0125718313237382
2024-09-21,59,-0.00667785699791512,-0.00691436572767579
2024-09-21,60,0.10617030986369,0.106049931549817
2024-09-21,61,-0.0435942288513331,-0.0443925471381856
2024-09-21,62,0.0765803134965921,0.0780352639955897
2024-09-21,63,0.0251850915828511,0.0263374893622768
2024-09-21,64,-0.18473067824312,-0.181162599638013
2024-09-21,65,-0.0586085810176016,-0.0576122027558821
2024-09-21,66,-0.0307441167541,-0.0322201939039317
2024-09-21,67,-0.0328791667793666,-0.035591420357715
2024-09-21,68,-0.024001891785117,-0.0272969367998996
2024-09-21,69,-0.0374223370569124,-0.0397563174459066
2024-09-21,70,-0.0652427847711055,-0.0660723729327195
2024-09-21,71,-0.0322251802905953,-0.0330927373892393
2024-09-21,72,-0.0555048193183767,-0.0582103587963054
2024-09-21,73,-0.0386164619427589,-0.0424197935236332
2024-09-21,74,-0.0189421511667032,-0.0228648892254029
2024-09-21,75,-0.032606659299355,-0.0375510888309218
2024-09-21,76,-0.0149497328730863,-0.0189587275085472
2024-09-21,77,-0.0144277269085249,-0.0200093233329497
2024-09-21,78,-0.0312410312996452,-0.0374156447000633
2024-09-21,79,0.00204245555818527,-0.00257119276161255
2024-09-21,80,-0.0126644088731336,-0.0186924545358078
2024-09-21,81,-0.0182291729784341,-0.023623132352979
2024-09-21,82,-0.00377444688043926,-0.00984038590653036
2024-09-21,83,-0.0122507715285947,-0.0169206558645083
2024-09-21,84,-0.0131340868545404,-0.017647271461632
2024-09-21,85,-0.0107094877993266,-0.00889031405079521
2024-09-21,86,-0.0314153364671776,-0.0299055380868065
2024-09-21,87,-0.0335909573334741,-0.0329508268162275
2024-09-21,88,-0.012857178121199,-0.0114206664675329
2024-09-21,89,-0.023399217237869,-0.0225000501298815
2024-09-21,90,-0.0381461081606504,-0.0387707368481607
2024-09-21,91,-0.0240249825833789,-0.024082499111012
2024-09-21,92,-0.0205079739019487,-0.0194341154932083
2024-09-21,93,-0.0224360515090325,-0.0228148335750351
2024-09-21,94,-0.0232066494292633,-0.023029883668114
2024-09-21,95,-0.0193886846619975,-0.0187676946306254
2024-09-21,96,-0.0262723423047015,-0.0270510626830731
2024-09-21,97,-0.0287856999323219,-0.0293263738582663
2024-09-21,98,0.0135439959409638,0.0128196808936014
2024-09-21,99,-0.0239194129928446,-0.024612596464209
2024-09-21,100,-0.0146298329120977,-0.0151214888040965
2024-09-21,101,0.00128828151770399,0.00106343516988616
2024-09-21,102,0.00103615352489239,0.000913548714073897
2024-09-21,103,0.00255857405365578,0.00215499213854287
2024-09-21,104,-0.00991064705111011,-0.0104857578594988
2024-09-21,105,-0.0142428977903508,-0.0136375021574882
2024-09-21,106,-0.00282305134766148,-0.0027251914179871
2024-09-21,107,-0.00182954519286405,-0.00207842538110548
2024-09-21,108,0.017469066525635,0.0178750954788391
2024-09-21,109,0.00431498800477748,0.00459045857473406
2024-09-21,110,0.0115391510248886,0.0124831743813267
2024-09-21,111,0.00290707869562201,0.00192284459765979
2024-09-21,112,0.0058841927274802,0.00624488447549965
2024-09-21,113,0.00532636282603072,0.00568290206385846
2024-09-21,114,-0.00244262047338051,-0.0031440582811193
2024-09-21,115,0.0218882819464019,0.022479144944521
2024-09-21,116,-0.00234241166579974,-0.00369702646231751
2024-09-21,117,0.00812526596550267,0.00707546733043074
2024-09-21,118,-0.000563788830831413,-0.000560436527999641
2024-09-21,119,0.00521816747495674,0.00405821056705058
2024-09-21,120,0.00727662480057756,0.00684083722591033
2024-09-21,121,0.016008684261374,0.0151777547601615
2024-09-21,122,0.00170554014948987,0.00132044111058427
2024-09-21,123,-0.00423231013576064,-0.00576157107247965
2024-09-21,124,0.0197945801918866,0.0191684352097123
2024-09-21,125,0.0273845177850607,0.0265625028280354
2024-09-21,126,0.0064744475129519,0.00616965513668966
2024-09-21,127,0.0025489516345516,0.00214943168941062
2024-09-21,128,0.00248647823436876,0.0015261712426593
2024-09-21,129,0.0209016290163202,0.0194970091779663
2024-09-21,130,0.00505983425486622,0.00413662404593751
2024-09-21,131,0.00798443914143743,0.00623072691227478
2024-09-21,132,0.0229587351949094,0.0226182407757918
2024-09-21,133,0.00722953019636652,0.00518832023824878
2024-09-21,134,0.012015103653332,0.0113793438197192
2024-09-21,135,0.0144426371853612,0.0130222020293758
2024-09-21,136,0.0148377489879321,0.0137509570794876
2024-09-21,137,0.00630094774133827,0.00410463277712658
2024-09-21,138,0.0339756910013191,0.0339031305030346
2024-09-21,139,0.00616403243966079,0.00444917096162989
2024-09-21,140,0.00992718093588252,0.00842346501624469
2024-09-21,141,0.0221946922117207,0.0198703792693493
2024-09-21,142,0.00687281940513884,0.0061644976009223
2024-09-21,143,0.0177211043861627,0.016066780174377
2024-09-21,144,0.0178731666882781,0.0158075292142232
2024-09-22,2,0.0383010316863013,0.0377564418776366
2024-09-22,3,0.0150905838388997,0.0132178752171193
2024-09-22,4,0.0111764993896646,0.0099211663611527
2024-09-22,5,0.0301297027913936,0.0284250374759356
2024-09-22,6,0.0171052905173825,0.0143694142471986
2024-09-22,7,0.0216657060862158,0.0199832807739693
2024-09-22,8,0.0109053909339796,0.00922897878538187
2024-09-22,9,0.0295839075340352,0.026708689146723
2024-09-22,10,0.028247386259669,0.0272746635473027
2024-09-22,11,0.00405398165952775,0.00156519861389448
2024-09-22,12,0.0295042408950685,0.0294215203098407
2024-09-22,13,0.0360892667708503,0.0393096925407672
2024-09-22,14,0.0213199613917734,0.0257940365392031
2024-09-22,15,0.0360640601701991,0.0415994012348513
2024-09-22,16,0.0148807539115188,0.0196458935669099
2024-09-22,17,0.0377216497374242,0.0438939305696433
2024-09-22,18,0.0193322972289529,0.0252152339703855
2024-09-22,19,0.00552678577513888,0.0106806986514325
2024-09-22,20,0.0115050497462903,0.0165701272483574
2024-09-22,21,0.0230857552365995,0.0293184585377269
2024-09-22,22,-0.0038966083576204,0.00238684513824872
2024-09-22,23,0.0158011313484963,0.0219754700595587
2024-09-22,24,0.00712002698221958,0.0144972634906573
2024-09-22,25,0.0118136858100693,0.0170790372371776
2024-09-22,26,0.0142881090045526,0.0169717404161407
2024-09-22,27,0.0383925281869208,0.0420491325904013
2024-09-22,28,0.0108664374067651,0.0149155071034865
2024-09-22,29,0.00420178814442451,0.00715351221785454
2024-09-22,30,0.00757126596787128,0.0106562340137177
2024-09-22,31,-0.0267965004376061,-0.0252016028759012
2024-09-22,32,0.00568062727381591,0.00711665415364848
2024-09-22,33,0.0484623532948429,0.0499602527304415
2024-09-22,34,-0.0180366490408792,-0.0157949117297633
2024-09-22,35,-0.0407870129480834,-0.0404658362411769
2024-09-22,36,0.0594388939694133,0.0602403715991073
2024-09-22,37,-0.0330758125916333,-0.0311590939992392
2024-09-22,38,-0.0236866609608253,-0.0226751749193372
2024-09-22,39,0.0251037052580338,0.0265431704376304
2024-09-22,40,0.0212991581560544,0.021395906466692
2024-09-22,41,-0.00287113030690378,-0.0029251709267264
2024-09-22,42,-0.0146263487722091,-0.0139769618277761
2024-09-22,43,0.0541222755482034,0.0550364029758779
2024-09-22,44,0.00163130532704958,0.00122981205201
2024-09-22,45,-0.0301837404498215,-0.0296202301953894
2024-09-22,46,0.00514817024561243,0.00688066563840017
2024-09-22,47,0.0090821606761704,0.00978723711476093
2024-09-22,48,0.0521002892033708,0.0510142085754772
2024-09-22,49,-0.0216138224193658,-0.0221941831392147
2024-09-22,50,-0.00147941776441396,-0.000278281616679976
2024-09-22,51,-0.019152500651975,-0.0190569751914289
2024-09-22,52,-0.00358689904317888,-0.00404413567892981
2024-09-22,53,-0.00737673786841686,-0.00748073187016196
2024-09-22,54,0.0359340396145127,0.0339078643577526
2024-09-22,55,0.0714223160771725,0.0706917611542561
2024-09-22,56,0.0533922385528962,0.0503366425977188
2024-09-22,57,-0.0594216697669685,-0.0582854590716799
2024-09-22,58,0.0195231469862609,0.0194631877671565
2024-09-22,59,0.021025852326896,0.0219422920336036
2024-09-22,60,0.0455011890261883,0.0445082312568577
2024-09-22,61,-0.00573591546313601,-0.00600285035051407
2024-09-22,62,0.0503101255978748,0.0502372563604894
2024-09-22,63,-0.00158773246976196,-0.000623572979758791
2024-09-22,64,-0.164323757544294,-0.161180525624337
2024-09-22,65,-0.0341397635079126,-0.0341750224582675
2024-09-22,66,-0.0321167483099618,-0.0334930175961414
2024-09-22,67,-0.0208754185519711,-0.0217691963796032
2024-09-22,68,-0.0220231628101075,-0.0241641437417037
2024-09-22,69,-0.0468899847340269,-0.0478374002603186
2024-09-22,70,-0.0514713677036838,-0.0514355653981777
2024-09-22,71,-0.0469536324517144,-0.0469888084663612
2024-09-22,72,-0.0418002539929727,-0.0447914587510194
2024-09-22,73,-0.0310435823127566,-0.0335609921454925
2024-09-22,74,-0.031503125669599,-0.035785703817238
2024-09-22,75,-0.00347604013115177,-0.00690000711523098
2024-09-22,76,-0.0245958431839179,-0.0290208811499912
2024-09-22,77,-0.0205487426455653,-0.0254452304461505
2024-09-22,78,-0.0115264665619952,-0.0162026410649965
2024-09-22,79,0.00410605919035589,-6.49131195729069e-05
2024-09-22,80,-0.0143000327706311,-0.0191918590375426
2024-09-22,81,-0.00816942221020245,-0.0121819101888736
2024-09-22,82,-0.00735712371839359,-0.0121357765649321
2024-09-22,83,-0.00249584089025223,-0.00777053183551857
2024-09-22,84,-0.00484574291949702,-0.00654757764853109
2024-09-22,85,-0.0109515157066129,-0.00922481393210184
2024-09-22,86,-0.0248172166476346,-0.02355801339408
2024-09-22,87,-0.0253819914078539,-0.0240306471189307
2024-09-22,88,-0.0270399784752851,-0.0265494035133607
2024-09-22,89,-0.0161890982849808,-0.014702407900268
2024-09-22,90,-0.0213715508157604,-0.020932744961744
2024-09-22,91,-0.0179700767692417,-0.0167720720530458
2024-09-22,92,-0.0428358919720919,-0.0432544578262384
2024-09-22,93,-0.0158506327195482,-0.0156065838068145
2024-09-22,94,-0.0081350344800919,-0.00886418199023709
2024-09-22,95,-0.0232352865740566,-0.0238739794863037
2024-09-22,96,-0.00687125688822654,-0.00702533336414746
2024-09-22,97,-0.0201120863808946,-0.0205095455976174
2024-09-22,98,-0.020973836968472,-0.0214376006043278
2024-09-22,99,-0.00941544436553876,-0.00938044531001125
2024-09-22,100,-0.0137179328872996,-0.0146102813307056
2024-09-22,101,0.0013766022570314,0.00204722914349809
2024-09-22,102,-0.0138360537228106,-0.0140867499250437
2024-09-22,103,-0.00481277445384976,-0.00448448145450087
2024-09-22,104,-0.00667821742599894,-0.00574958917198387
2024-09-22,105,-0.00969909689085391,-0.0100761703762142
2024-09-22,106,-0.00439383319942621,-0.00481223483283522
2024-09-22,107,-0.00321801434079205,-0.00266196839070965
2024-09-22,108,-0.0112409783520979,-0.0113683500569284
2024-09-22,109,0.0172439849940798,0.0179706176632983
2024-09-22,110,-0.00992164334765011,-0.00941357158900757
2024-09-22,111,0.00796297774489751,0.00806366401783087
2024-09-22,112,-0.00735847922288269,-0.00784891888319983
2024-09-22,113,-0.00102425834233077,-0.00126808240064236
2024-09-22,114,-0.0155803397716801,-0.0168005251880388
2024-09-22,115,0.00825659909108101,0.00788520208224597
2024-09-22,116,-0.00465846491680555,-0.00592912321910966
2024-09-22,117,0.00445660865774133,0.00446056326605948
2024-09-22,118,0.00716478445042235,0.00619639482261292
2024-09-22,119,0.00139307456698123,0.0010865534010005
2024-09-22,120,0.00678734100987732,0.0060844705552956
2024-09-22,121,0.00564044230349836,0.00529670762788825
2024-09-22,122,-0.0192082474439932,-0.0212176314213721
2024-09-22,123,0.0188742258620396,0.0183815300742474
2024-09-22,124,-0.0095287904052066,-0.00959523033569987
2024-09-22,125,-0.0106858197238564,-0.0122525508131872
2024-09-22,126,0.0265033669849561,0.0255124768622768
2024-09-22,127,-0.0130510385342113,-0.01383987407619
2024-09-22,128,0.021653294704973,0.0212803729879028
2024-09-22,129,0.00143405407998642,0.000189925736714613
2024-09-22,130,0.0119910484274799,0.0110510269531545
2024-09-22,131,0.0103019126410802,0.00936454057494629
2024-09-22,132,-0.00555532009438231,-0.00583791455103722
2024-09-22,133,0.0200545562745074,0.0185858442162807
2024-09-22,134,-0.00210308757279343,-0.00344402283132261
2024-09-22,135,0.0167724733938686,0.0153257949469037
2024-09-22,136,0.00447500436885928,0.00339926720358541
2024-09-22,137,0.0116332383004565,0.00981178344756017
2024-09-22,138,-0.00317205186042635,-0.00492467211722136
2024-09-22,139,0.00490022715915739,0.00367156806382063
2024-09-22,140,0.0171697887224385,0.0142071934938919
2024-09-22,141,-0.00190460140760162,-0.00269493404028687
2024-09-22,142,0.00927154619772352,0.00796496848807138
2024-09-22,143,-0.00118292043802271,-0.00390315849914202
2024-09-22,144,0.0190999060424675,0.017739833692632
2024-09-23,2,0.0202243147434498,0.0194015182442797
2024-09-23,3,0.00161941124281562,-0.000649828027659893
2024-09-23,4,0.00293324483252633,0.000542552414882991
2024-09-23,5,0.0198030983874968,0.01812060864534
2024-09-23,6,0.0089311984893552,0.0075138280081255
2024-09-23,7,0.00893432061746413,0.0061725158994097
2024-09-23,8,0.0141984275192595,0.0140603480943042
2024-09-23,9,0.0168383481457157,0.0144251714104815
2024-09-23,10,0.00308408798826587,0.000438077103215306
2024-09-23,11,0.0283720158265739,0.0256252176252545
2024-09-23,12,0.00810423247448355,0.0081431456254748
2024-09-23,13,0.0180773136959997,0.0255966908960943
2024-09-23,14,0.0256402490601664,0.0327195721470499
2024-09-23,15,0.0237682612200567,0.0307735569870697
2024-09-23,16,0.0214559192125954,0.0262607772337002
2024-09-23,17,0.0541009049528265,0.0591255995908924
2024-09-23,18,0.0360715972802046,0.044072227299818
2024-09-23,19,0.0158564874790397,0.0236845434572022
2024-09-23,20,0.0315651395766299,0.03886726290858
2024-09-23,21,0.0181249153256209,0.0235798900573663
2024-09-23,22,0.0223104448224225,0.0317656382455187
2024-09-23,23,0.0089157206135857,0.0165508956396199
2024-09-23,24,0.0153618115180523,0.0219892702107707
2024-09-23,25,0.0353788695900814,0.0413266438468725
2024-09-23,26,0.0280667230630547,0.029841681946646
2024-09-23,27,0.0312444890692491,0.0360431175492657
2024-09-23,28,-0.00261671443972311,0.00304036316838996
2024-09-23,29,0.0176857377106172,0.0223210984153326
2024-09-23,30,0.0345450316690243,0.0382980856465203
2024-09-23,31,0.018261475117197,0.0187801079325283
2024-09-23,32,0.019797330818669,0.0226748188010557
2024-09-23,33,0.00556703065264763,0.0114513009111423
2024-09-23,34,-0.0295260126826644,-0.024715773220473
2024-09-23,35,-0.000853779157126588,0.00501142279208011
2024-09-23,36,-0.0212906928391634,-0.0175504799444965
2024-09-23,37,-0.0284229742451405,-0.0232925427191564
2024-09-23,38,-0.000917427758484024,0.00051548520012723
2024-09-23,39,-0.0106121976894595,-0.00887572996681207
2024-09-23,40,0.0282227860685271,0.0271400015479895
2024-09-23,41,-0.00748647730833163,-0.00695083698831311
2024-09-23,42,-0.0173974244056341,-0.0184054250449304
2024-09-23,43,-0.00886493614124895,-0.0109864313151249
2024-09-23,44,-0.0151842411270691,-0.0148632475723769
2024-09-23,45,-0.00873336454915297,-0.00790790464323621
2024-09-23,46,-0.00328901745929144,-0.00506556114780921
2024-09-23,47,-0.0296008441044009,-0.0319351901054237
2024-09-23,48,0.0600722935003635,0.058055425428611
2024-09-23,49,-0.0489975729982337,-0.0496167603341728
2024-09-23,50,-0.0277338711360109,-0.0289967918084404
2024-09-23,51,0.0273679655407504,0.0270368989066512
2024-09-23,52,-0.0403483429243572,-0.0425983456692816
2024-09-23,53,-0.00554186001308032,-0.00676503054514654
2024-09-23,54,0.00811251162983861,0.00602009675623805
2024-09-23,55,0.0358032684348979,0.0315025436183785
2024-09-23,56,0.0215869246398999,0.0197520261393684
2024-09-23,57,-0.0340844828128253,-0.0332830144466136
2024-09-23,58,0.00633888797964577,0.00503290756085306
2024-09-23,59,0.00787892515917754,0.00621181873589016
2024-09-23,60,0.00828181961124397,0.00669171414555692
2024-09-23,61,0.00659592350047866,0.00676103126988181
2024-09-23,62,0.0469791976295992,0.0465102555193138
2024-09-23,63,-0.0367643779916831,-0.0363284918234648
2024-09-23,64,-0.099304214112168,-0.0969275976873636
2024-09-23,65,-0.00602137427152538,-0.00904072267092282
2024-09-23,66,0.00141698479995167,-0.00273801462623169
2024-09-23,67,-0.0110942374791252,-0.0132082849989796
2024-09-23,68,0.0134635289843708,0.0116881374506939
2024-09-23,69,-0.0120350891646597,-0.0146259514053249
2024-09-23,70,-0.0478096415021589,-0.0493909469522755
2024-09-23,71,-0.00494264037195435,-0.00888758022015956
2024-09-23,72,0.0179498157190112,0.0146269838388822
2024-09-23,73,-0.0065008953347574,-0.0122754534916787
2024-09-23,74,0.0316800221936164,0.0276458084389581
2024-09-23,75,0.0140916857820459,0.00902434322278545
2024-09-23,76,0.0271827787386254,0.0234372586765836
2024-09-23,77,0.0203476063327823,0.0190545335794692
2024-09-23,78,-0.0152526117459191,-0.0172206284060348
2024-09-23,79,-0.0201141418796293,-0.0220632445734044
2024-09-23,80,-0.0148015331116271,-0.0182694336738987
2024-09-23,81,-0.0071587337610497,-0.0110196841287262
2024-09-23,82,-0.0100562287684216,-0.0141388249909777
2024-09-23,83,-0.00924024466043605,-0.0128044142582517
2024-09-23,84,-0.00345931623854678,-0.00164017814669748
2024-09-23,85,-0.0144701258414832,-0.0103760539927364
2024-09-23,86,-0.0162137136793667,-0.0120217561011877
2024-09-23,87,-0.0245315691242736,-0.0219543447124497
2024-09-23,88,-0.0249621916601637,-0.0232831096450425
2024-09-23,89,-0.0349510232964878,-0.0329323345971808
2024-09-23,90,-0.0182187641027536,-0.0174637900914298
2024-09-23,91,-0.0291673228459466,-0.0297923753649627
2024-09-23,92,-0.01932189247003,-0.020338421066981
2024-09-23,93,-0.0343668528066852,-0.0347277324568438
2024-09-23,94,-0.0310410291932071,-0.032314704104996
2024-09-23,95,-0.0152359724298679,-0.016805134647452
2024-09-23,96,-0.00817190163430404,-0.00995725973522532
2024-09-23,97,-0.0238235620176086,-0.0245834530666702
2024-09-23,98,-0.0296235949670649,-0.0312936648284907
2024-09-23,99,-0.0240767718355501,-0.0264114864458875
2024-09-23,100,-0.011563704098692,-0.0124382088556914
2024-09-23,101,-0.0254388806987871,-0.0258617247981014
2024-09-23,102,-0.013019655796402,-0.0152479044309519
2024-09-23,103,-0.00928578597661733,-0.0108947701949802
2024-09-23,104,-0.016137893088934,-0.0175679985252497
2024-09-23,105,-0.0093123278061098,-0.0103446071673616
2024-09-23,106,-0.0175874256785002,-0.0189334396145107
2024-09-23,107,-0.00153935652662263,-0.0014583959902037
2024-09-23,108,-0.0126997995498188,-0.012481446547925
2024-09-23,109,0.00011265106564462,-0.000601698982952925
2024-09-23,110,-0.00813172903218806,-0.00786938226541878
2024-09-23,111,-0.00452273769573619,-0.00434199454114292
2024-09-23,112,0.00142906431226297,4.22343237147516e-05
2024-09-23,113,0.00139488204200511,0.00106322988395569
2024-09-23,114,-0.00869800855168457,-0.0092998103101074
2024-09-23,115,-0.00927530449187675,-0.00998229661392003
2024-09-23,116,0.00960938758283802,0.0102817764895544
2024-09-23,117,-0.00559688262604308,-0.00745017082967969
2024-09-23,118,-0.0154974848687823,-0.0176824949469125
2024-09-23,119,0.0148419573201863,0.014044649436503
2024-09-23,120,-0.0094551701234229,-0.0105738642227209
2024-09-23,121,0.007918660677392,0.00811439403853775
2024-09-23,122,-0.0188701632077715,-0.0204803549663044
2024-09-23,123,0.00764973659508605,0.00636375534352496
2024-09-23,124,0.00545347373906946,0.00407087795906058
2024-09-23,125,0.00447438859532934,0.00406651063177144
2024-09-23,126,0.00945692993952818,0.00867978859006691
2024-09-23,127,-0.00298615663646906,-0.00439751076828188
2024-09-23,128,0.00944334525585155,0.00908293697598772
2024-09-23,129,-5.5549765045626e-05,-0.000694197548632758
2024-09-23,130,0.0153088820495384,0.0145154328758554
2024-09-23,131,-0.00547306493746458,-0.00674052113374302
2024-09-23,132,0.0136767762936776,0.012530410071621
2024-09-23,133,-0.0138751696885828,-0.015985309617621
2024-09-23,134,0.0123364245153237,0.0110390209388509
2024-09-23,135,0.00789486076351853,0.00727483057131018
2024-09-23,136,0.00230736227052741,0.00167218899381538
2024-09-23,137,0.00178279917391855,-0.000268317084202607
2024-09-23,138,0.00104581654967273,-0.00101284732544293
2024-09-23,139,0.0246512583275509,0.0250231149089259
2024-09-23,140,0.00601114761134447,0.00386886829729249
2024-09-23,141,0.0163787891069456,0.016756600445996
2024-09-23,142,-0.00114839560770097,-0.0036502659737021
2024-09-23,143,0.000283728687814566,-0.000221504232595038
2024-09-23,144,0.0296796379311033,0.0296193708143182
2024-09-24,2,0.0269738192045965,0.0235586330053472
2024-09-24,3,0.0193792502838503,0.0173272786865084
2024-09-24,4,0.0145722812046465,0.0104832913065973
2024-09-24,5,0.0269034323967396,0.024766049915403
2024-09-24,6,0.0196043710874703,0.0161060313297448
2024-09-24,7,0.024990487979605,0.0224522847184669
2024-09-24,8,0.0255520891979524,0.0226639014473147
2024-09-24,9,0.0284075612466168,0.0251881330639065
2024-09-24,10,0.012576633445355,0.00829346880004422
2024-09-24,11,0.0307811726570284,0.0278077583191205
2024-09-24,12,0.0267521194281386,0.0238861434447752
2024-09-24,13,0.0402579522477744,0.0440802650051602
2024-09-24,14,0.0246914391494473,0.0281714823203316
2024-09-24,15,0.0329216403974986,0.0383945962588985
2024-09-24,16,0.0151812340330748,0.0203486862484166
2024-09-24,17,0.0276506046645046,0.0341206044950493
2024-09-24,18,0.0264702137710815,0.0338606608118539
2024-09-24,19,0.0119640393915548,0.0186516746539649
2024-09-24,20,-0.00362121408204441,0.00298194758155645
2024-09-24,21,0.0212856173552725,0.0302616682145
2024-09-24,22,0.00947911730987006,0.01831813667369
2024-09-24,23,-0.0127637594655994,-0.00442926242928365
2024-09-24,24,0.00304946663157146,0.0130052427939695
2024-09-24,25,0.0145535181880607,0.0224806035195435
2024-09-24,26,0.0299229685310172,0.0372440069845652
2024-09-24,27,0.0441014220339735,0.0490797165046111
2024-09-24,28,0.0163293245441753,0.0228472096535164
2024-09-24,29,0.00809453054171083,0.0135748153851871
2024-09-24,30,-0.00904695173874703,-0.0038921543417274
2024-09-24,31,0.0162880305916637,0.0225131335352682
2024-09-24,32,0.0131380082786858,0.0170813424742349
2024-09-24,33,0.0202180210878034,0.0240151777442534
2024-09-24,34,-0.00035318907845916,0.0036977199154844
2024-09-24,35,0.00705107184466947,0.0105911393650597
2024-09-24,36,0.0386071200051372,0.0430207269494236
2024-09-24,37,-0.014085280982334,-0.0108129598518651
2024-09-24,38,-0.0416888077405169,-0.0387041202880827
2024-09-24,39,0.0245527129046286,0.0275309874483298
2024-09-24,40,0.0351092894724134,0.0368319119282852
2024-09-24,41,0.0282568239678067,0.0297150702864162
2024-09-24,42,-0.0238756369466566,-0.0224902684684825
2024-09-24,43,0.0360810618431922,0.0379723741292395
2024-09-24,44,0.0024773657651167,0.00306815901048907
2024-09-24,45,-0.0234139948219836,-0.0223734617495452
2024-09-24,46,0.0079402655230032,0.0102425524663499
2024-09-24,47,0.0321404224362798,0.0334465528935439
2024-09-24,48,0.0383635664447821,0.0381058680882589
2024-09-24,49,-0.0319884470886036,-0.0320692591346798
2024-09-24,50,0.00110373540889785,0.000461765998499786
2024-09-24,51,0.0244750143507799,0.0259818831556338
2024-09-24,52,-0.0121125534873965,-0.013626409003539
2024-09-24,53,0.00941144022421625,0.0093124038293233
2024-09-24,54,0.0189037746915073,0.0168899238681099
2024-09-24,55,0.0510488163349603,0.0491847199340274
2024-09-24,56,0.0232746421125478,0.0200141832179384
2024-09-24,57,-0.0362772518677223,-0.0376593142150732
2024-09-24,58,0.0619770189256563,0.0609738338896264
2024-09-24,59,-0.0137903465460036,-0.0168092151684931
2024-09-24,60,0.0325142338515647,0.0327111358022982
2024-09-24,61,0.0106444833956427,0.00756816186069464
2024-09-24,62,0.0165255957921628,0.0156031254712339
2024-09-24,63,-0.0963828431705247,-0.0972250700340229
2024-09-24,64,-0.0824512148501899,-0.0823942457957454
2024-09-24,65,-0.0425477372405645,-0.0437183794423213
2024-09-24,66,-0.0274785195272171,-0.0290949458382208
2024-09-24,67,-0.0375151000580018,-0.0397548226946878
2024-09-24,68,-0.0197219368501109,-0.0218946226977739
2024-09-24,69,-0.0648816125741432,-0.0677035308878793
2024-09-24,70,-0.0691277505565155,-0.0696331149619844
2024-09-24,71,-0.0682362460629182,-0.0709680769409093
2024-09-24,72,-0.029287990289605,-0.030945553483722
2024-09-24,73,-0.0465414167227349,-0.0509846800706981
2024-09-24,74,-0.0254535472943882,-0.0296817937253273
2024-09-24,75,-0.0329102943489605,-0.0381499678690762
2024-09-24,76,-0.023284614305628,-0.0291885692038019
2024-09-24,77,-0.0207024538794851,-0.0266836907174604
2024-09-24,78,-0.0148852001525226,-0.0206672290036671
2024-09-24,79,-0.0299770901049214,-0.0366792224008741
2024-09-24,80,-0.0217145294219092,-0.0296035575119067
2024-09-24,81,0.00998974420838028,0.00354509372465728
2024-09-24,82,-0.0234481227308789,-0.0314476701982311
2024-09-24,83,-0.00484295280417113,-0.0128226613019908
2024-09-24,84,-0.00953149358893679,-0.0111193426935108
2024-09-24,85,-0.0176781311968259,-0.0177784055175954
2024-09-24,86,-0.0276892222227314,-0.0282448528665915
2024-09-24,87,-0.0294448396210911,-0.0299012761476636
2024-09-24,88,-0.0223461220116516,-0.021627495703548
2024-09-24,89,-0.0204319393689363,-0.0199405782466853
2024-09-24,90,-0.0206744485018633,-0.0198799580254505
2024-09-24,91,-0.00701797359633005,-0.00656190926486389
2024-09-24,92,-0.0338085225076288,-0.0330740492811543
2024-09-24,93,-0.0174646354522849,-0.01670858133095
2024-09-24,94,-0.0202493827020556,-0.0206121298035269
2024-09-24,95,-0.00868124327043018,-0.00794466637011837
2024-09-24,96,-0.0117667808239044,-0.0110974483871376
2024-09-24,97,-0.0116272423010328,-0.010962379575262
2024-09-24,98,-0.0138950364403794,-0.0138691478081281
2024-09-24,99,-0.0124472317583955,-0.0127189089744419
2024-09-24,100,-0.0127024068993782,-0.012153239352676
2024-09-24,101,-0.00567407309996337,-0.00543840934607154
2024-09-24,102,-0.0025591037750976,-0.00124910388712252
2024-09-24,103,-0.019249297370111,-0.0197009503388497
2024-09-24,104,0.0147504952902198,0.0162828421285361
2024-09-24,105,-0.0121013424361127,-0.0123608401333275
2024-09-24,106,0.0028495823956538,0.00315768818615147
2024-09-24,107,-0.00626551477659376,-0.00517169765250713
2024-09-24,108,0.000698045078780574,0.000912827226168034
2024-09-24,109,-7.64230560790224e-06,0.00103300235891446
2024-09-24,110,0.00222955537297587,0.00208293174445728
2024-09-24,111,6.28325610438907e-05,0.000426158530894227
2024-09-24,112,0.00735346991803087,0.00767241598641988
2024-09-24,113,0.00280342512979903,0.00310766941721319
2024-09-24,114,-0.00260987366087129,-0.00354094654955972
2024-09-24,115,-0.0107015651187989,-0.0101976658247018
2024-09-24,116,0.00346378007951476,0.00247810458712472
2024-09-24,117,-0.00180005327272159,-0.00285763118954385
2024-09-24,118,0.0111150162436386,0.0106279149338402
2024-09-24,119,-0.00321673592253902,-0.00431791743141474
2024-09-24,120,-0.0124022732757796,-0.0135407716441041
2024-09-24,121,0.00960377966150361,0.00871057631567851
2024-09-24,122,-0.00313322225416535,-0.0043133394114836
2024-09-24,123,7.33952449820663e-05,-0.000589757723068018
2024-09-24,124,0.0166069405320082,0.0162233254249315
2024-09-24,125,-0.0305557123210685,-0.0325004716447985
2024-09-24,126,0.0240506748955651,0.0238839281117293
2024-09-24,127,0.0125865081364731,0.0114822229006961
2024-09-24,128,0.00354845933288672,0.0033099678978683
2024-09-24,129,0.0191806568192714,0.0185611161991552
2024-09-24,130,-0.00668828610431227,-0.00826162608851
2024-09-24,131,0.0150574028058781,0.0140718945867651
2024-09-24,132,-0.00024975192109089,-0.00131953746957514
2024-09-24,133,0.00860808518492551,0.00753828084540586
2024-09-24,134,0.0137017117950133,0.0119764762817862
2024-09-24,135,0.00811865507170761,0.00662206237543828
2024-09-24,136,0.00305075751411721,0.00187712466455459
2024-09-24,137,0.00185825855263833,-1.24853180381024e-05
2024-09-24,138,0.0318366817955704,0.0305601301771645
2024-09-24,139,1.30477017634689e-06,-0.00161691355552485
2024-09-24,140,0.00847967355371892,0.0068086844882842
2024-09-24,141,0.00920264785990721,0.00782088195837005
2024-09-24,142,0.00570740614928322,0.00364508256981111
2024-09-24,143,0.01889705497761,0.0174623487932521
2024-09-24,144,0.0203187218057019,0.0188050086938336
2024-09-25,2,0.0197646018320272,0.0176387959255457
2024-09-25,3,0.0190075271144847,0.0165256356330907
2024-09-25,4,0.017786389735293,0.0155744753867211
2024-09-25,5,0.0232848133158559,0.0201635331580956
2024-09-25,6,0.0327370475829509,0.0313195763155889
2024-09-25,7,0.0193067913959224,0.0161043522799744
2024-09-25,8,0.0126216768290934,0.00938065087871998
2024-09-25,9,0.0343644887323542,0.0317010421926458
2024-09-25,10,0.0189141305046796,0.0155921203948388
2024-09-25,11,0.0179289047470821,0.0145737192881317
2024-09-25,12,0.0247990403948295,0.0214118890751109
2024-09-25,13,0.0353306824235391,0.0382015201058881
2024-09-25,14,0.0270385354751896,0.0316109949904302
2024-09-25,15,0.0262430453551437,0.0314082398303732
2024-09-25,16,0.0319761143301669,0.0377782440863523
2024-09-25,17,0.0227227354892001,0.0286286185163469
2024-09-25,18,0.0285630172892803,0.0351193072500369
2024-09-25,19,0.0094138652076321,0.0169194200974285
2024-09-25,20,0.008318705982858,0.0161192517148745
2024-09-25,21,0.00297660286646106,0.0100918652899633
2024-09-25,22,0.0221358162801417,0.0320393127598635
2024-09-25,23,-0.00343919270019288,0.00510782949102229
2024-09-25,24,-0.0061179174963053,0.0026800489169716
2024-09-25,25,0.0217357805684992,0.0307274161731961
2024-09-25,26,0.0200076392798874,0.0262339828710179
2024-09-25,27,0.0545839109302264,0.06120366236647
2024-09-25,28,0.0130574165237238,0.0184098476297283
2024-09-25,29,0.0214352033557468,0.0283776793502586
2024-09-25,30,-0.00483971304545783,0.000139957633304988
2024-09-25,31,0.00536911278642282,0.0100018853005679
2024-09-25,32,0.0222559259332087,0.0277698777211253
2024-09-25,33,0.00838498387186881,0.012087107026554
2024-09-25,34,0.0111880558910915,0.0146234171206387
2024-09-25,35,0.01970761096978,0.022508991861546
2024-09-25,36,0.021909566615979,0.0236891858774175
2024-09-25,37,-0.00634117788053512,-0.00357723122569986
2024-09-25,38,-0.0319633876376146,-0.0285228148798868
2024-09-25,39,0.0257963716453835,0.0272710007624006
2024-09-25,40,0.0498905059124803,0.0518168338982772
2024-09-25,41,0.0231743864652714,0.0223809292545951
2024-09-25,42,-0.00113373670461581,0.000781967339595013
2024-09-25,43,0.0282020535141756,0.0292851822105238
2024-09-25,44,0.0131829907434238,0.0130190856250039
2024-09-25,45,-0.0294461752437405,-0.0282924535006739
2024-09-25,46,0.020579882743939,0.0222414371527773
2024-09-25,47,0.0188391056864603,0.0188761916594178
2024-09-25,48,0.0384422320462887,0.0380795733052928
2024-09-25,49,-0.0315010171680674,-0.0329266194874638
2024-09-25,50,0.00345367224955329,0.00466908348779427
2024-09-25,51,0.0291471476918748,0.0283729109616022
2024-09-25,52,-0.0256313150820127,-0.0281189796902801
2024-09-25,53,0.0282731384671875,0.027961385691265
2024-09-25,54,0.00423550079451473,0.00346599525388491
2024-09-25,55,0.0310621389588697,0.0285773304265842
2024-09-25,56,0.0300870419414361,0.0283444391312795
2024-09-25,57,-3.24166125666991e-05,-0.000771526188470872
2024-09-25,58,0.0323665668405049,0.0305815337484976
2024-09-25,59,-0.0177373786985964,-0.0195230018209251
2024-09-25,60,0.0121055125385734,0.0111696895854276
2024-09-25,61,0.00485488874422035,0.00400195997085184
2024-09-25,62,0.00915921418513754,0.00845282682085546
2024-09-25,63,-0.133473279867871,-0.13235212700571
2024-09-25,64,-0.0568256504903326,-0.056476798096611
2024-09-25,65,-0.0419617126148042,-0.0413409847959034
2024-09-25,66,-0.0396103881580174,-0.0405363521818884
2024-09-25,67,-0.0198703870301795,-0.0204646622932589
2024-09-25,68,-0.037155619229333,-0.0392030364176215
2024-09-25,69,-0.0774669201046185,-0.0781878916729806
2024-09-25,70,-0.0669419228356398,-0.0660107391895437
2024-09-25,71,-0.0599979189846742,-0.0608105228627593
2024-09-25,72,-0.0516069268190282,-0.054007882259917
2024-09-25,73,-0.0242013808480968,-0.0271326453177227
2024-09-25,74,-0.0310674929334107,-0.0345016344237195
2024-09-25,75,-0.0344216842820257,-0.0388481091173247
2024-09-25,76,-0.0251937603958821,-0.030812229326795
2024-09-25,77,-0.0179782976156435,-0.0229724490456089
2024-09-25,78,-0.0232393654602845,-0.029534041375598
2024-09-25,79,-0.0157706928459955,-0.0219957000095059
2024-09-25,80,-0.00824362535146284,-0.0151224534255796
2024-09-25,81,-0.0185366772772224,-0.026348254841964
2024-09-25,82,-0.00698687682955335,-0.0136436388194383
2024-09-25,83,-0.0125362877272757,-0.0196248798542626
2024-09-25,84,-0.0156525445577294,-0.0158660895243958
2024-09-25,85,-0.0295152400714889,-0.0300925177527089
2024-09-25,86,-0.0235339022756995,-0.0231503110415856
2024-09-25,87,-0.0289062072795176,-0.0286319215751885
2024-09-25,88,-0.00818322789003778,-0.00685920025183329
2024-09-25,89,-0.0321632233098788,-0.0316171434125803
2024-09-25,90,-0.0187809392377174,-0.0183353542013451
2024-09-25,91,-0.0273957459904972,-0.0259382916537811
2024-09-25,92,-0.00149528332935533,0.000533001565491631
2024-09-25,93,-0.0141087307703152,-0.0136749029260628
2024-09-25,94,-0.0117218311264811,-0.0108296548496627
2024-09-25,95,-0.0191217786400832,-0.0189863335445111
2024-09-25,96,-0.0105953749002103,-0.00971983940634047
2024-09-25,97,-0.0146780986951054,-0.0146118500179009
2024-09-25,98,-0.0103680410043205,-0.00955096528221944
2024-09-25,99,-0.00698717681249494,-0.00649964969204309
2024-09-25,100,-0.0294009512778359,-0.0297112181695853
2024-09-25,101,0.00202133078326661,0.00301518278674706
2024-09-25,102,-0.0128746562059856,-0.013019027959448
2024-09-25,103,0.0025246608117877,0.00311717765296748
2024-09-25,104,-0.0068236406396851,-0.00602797060832039
2024-09-25,105,-0.00639279201611131,-0.0061939863427618
2024-09-25,106,0.0192576363354231,0.0191695457121153
2024-09-25,107,-0.00519309771415966,-0.00436061065148863
2024-09-25,108,0.0011960892360463,0.000695889910304004
2024-09-25,109,0.00368023223573122,0.00493438517775502
2024-09-25,110,-0.00927688185851672,-0.0101953730727171
2024-09-25,111,-0.00721949221314411,-0.00654410686032669
2024-09-25,112,0.0155129758537553,0.0151117462115362
2024-09-25,113,-0.001675604214185,-0.0017215661944654
2024-09-25,114,0.0141861179947238,0.0138958747933469
2024-09-25,115,-0.0116314497260932,-0.0128839726895009
2024-09-25,116,0.00968923768829644,0.00980558341841409
2024-09-25,117,-0.00818535227655559,-0.0102990277075765
2024-09-25,118,0.0170941707292283,0.0165838761717598
2024-09-25,119,0.00557452344550757,0.00389631289473868
2024-09-25,120,-0.000786124507054176,-0.00195445667890404
2024-09-25,121,-0.00544868418146205,-0.00741688133906493
2024-09-25,122,0.00310499405234221,0.00213714060116921
2024-09-25,123,0.00667901275887495,0.00511135718964262
2024-09-25,124,0.00309588448121989,0.00209703718496712
2024-09-25,125,0.01721065152159,0.0158590195238606
2024-09-25,126,0.008376116566013,0.00700029148454995
2024-09-25,127,-0.00210982020777362,-0.00351547290707543
2024-09-25,128,0.00557306465867224,0.0032950923211299
2024-09-25,129,0.00233980907512699,0.00113816222280327
2024-09-25,130,0.00522418920556689,0.00339525610008451
2024-09-25,131,0.0126660376983088,0.0116729983877413
2024-09-25,132,0.00573825776178083,0.00323348190386241
2024-09-25,133,0.00438275338895533,0.0018938477196162
2024-09-25,134,0.0134952551245071,0.0112059908070101
2024-09-25,135,0.00532053791158482,0.00359077623456905
2024-09-25,136,0.00895768144686926,0.00602745007836702
2024-09-25,137,-0.0192821652131014,-0.0219203876350971
2024-09-25,138,0.0422865565346813,0.0415971688298686
2024-09-25,139,-0.0195725367635182,-0.0231883474552923
2024-09-25,140,0.0158455756125564,0.013924086859042
2024-09-25,141,0.0260258329354528,0.024039644746841
2024-09-25,142,0.0210476130765453,0.0184507086483752
2024-09-25,143,-0.00683464788048749,-0.00977742855019059
2024-09-25,144,0.0114407603468463,0.00905123786719209
2024-09-26,2,-0.00813516956490989,-0.0115066476672894
2024-09-26,3,0.00576560216514643,0.00418956439880702
2024-09-26,4,-0.00466802559619595,-0.00701054071294394
2024-09-26,5,-0.000560854932294852,-0.00374881500628987
2024-09-26,6,-0.000480966390433046,-0.00289074361387165
2024-09-26,7,0.00554889825578098,0.00312796281524186
2024-09-26,8,0.000681215506182831,-0.00170068988997762
2024-09-26,9,0.00833720939957061,0.0062950325658715
2024-09-26,10,-0.0120919410195865,-0.0156187407675414
2024-09-26,11,0.0273262143003903,0.0266640508430278
2024-09-26,12,0.00459404831941601,0.0010972440282444
2024-09-26,13,0.017850897865455,0.02226902003685
2024-09-26,14,0.0116039409410478,0.0191711179467831
2024-09-26,15,0.00100245811548394,0.00693022155066814
2024-09-26,16,0.0318205028301071,0.0392835540686463
2024-09-26,17,0.0272684607822695,0.0332517747826522
2024-09-26,18,0.0607574089291143,0.0672277828274765
2024-09-26,19,0.0049193665811309,0.0116041564072749
2024-09-26,20,0.00990960815632835,0.0179591997959978
2024-09-26,21,-0.0053997237266783,0.00192963063867957
2024-09-26,22,0.0370297505817776,0.0435222136147395
2024-09-26,23,0.0426680442526672,0.0499551939263121
2024-09-26,24,0.0336946364643191,0.0396436557168567
2024-09-26,25,0.0407707030427202,0.0477974115037547
2024-09-26,26,0.0482386850479122,0.0543203901260245
2024-09-26,27,-0.0028221138915141,0.00120493066096117
2024-09-26,28,0.000707715150545241,0.0079020637195697
2024-09-26,29,0.00122573895097045,0.0079019947979635
2024-09-26,30,-0.00324790544586762,0.0031583741420409
2024-09-26,31,0.0257650363901174,0.0342920793679173
2024-09-26,32,-0.0227887113980243,-0.0173810003810839
2024-09-26,33,-0.0405394145932396,-0.0335895392998253
2024-09-26,34,-0.00659820011684253,8.75380457223685e-05
2024-09-26,35,-0.0261981046078699,-0.0223859098986985
2024-09-26,36,0.00897379435575552,0.0092098747003071
2024-09-26,37,-0.0104392742911532,-0.00781572182879131
2024-09-26,38,-0.014565507341417,-0.0136595501187387
2024-09-26,39,0.0116760339379951,0.0109330804866907
2024-09-26,40,0.0405950995996367,0.0390332466155385
2024-09-26,41,0.00328504201251878,0.00259786529395001
2024-09-26,42,-0.0160209075104145,-0.0140519107486252
2024-09-26,43,0.0346521421737993,0.0353287986340547
2024-09-26,44,-0.0012982514951636,-0.00157091827553835
2024-09-26,45,-0.023203706695428,-0.0224138005913375
2024-09-26,46,0.0152564767167549,0.0158317777750128
2024-09-26,47,0.00580475106207246,0.00668582814248353
2024-09-26,48,0.0314450924272371,0.0295093335994743
2024-09-26,49,-0.010269015668702,-0.00819554540711387
2024-09-26,50,-0.0116545506517047,-0.0116612146365451
2024-09-26,51,0.0306437133144044,0.0317506358871213
2024-09-26,52,-0.0232180462995384,-0.0235017226062499
2024-09-26,53,0.0119218457818446,0.0107837445202001
2024-09-26,54,0.0436746820547596,0.0409937120554105
2024-09-26,55,0.0256868529533616,0.0247753092373664
2024-09-26,56,0.0286206049292774,0.0281437318684681
2024-09-26,57,-0.00794021883771467,-0.00991679638367593
2024-09-26,58,0.0104022003431687,0.00836068225141062
2024-09-26,59,0.00196079120191506,0.00225769598677061
2024-09-26,60,0.0362729668599435,0.0370234529513382
2024-09-26,61,-0.0127143049815643,-0.0143695790292924
2024-09-26,62,0.0127443438026917,0.0122250177344192
2024-09-26,63,-0.0858128609552562,-0.0845312455470726
2024-09-26,64,-0.0398196579509422,-0.0413084991375872
2024-09-26,65,-0.0291643545770004,-0.0305506850619022
2024-09-26,66,-0.00355029457287426,-0.0054358188227539
2024-09-26,67,0.00307884822849314,0.000482218150997582
2024-09-26,68,-0.0302482274191549,-0.0350637342737414
2024-09-26,69,-0.0425906452072207,-0.0432425785461632
2024-09-26,70,-0.078428924007345,-0.0794595454890938
2024-09-26,71,-0.0492278983137959,-0.0543618159981509
2024-09-26,72,-0.0411057344133443,-0.0459006657129954
2024-09-26,73,-0.029806770959822,-0.0366343355167462
2024-09-26,74,-0.0209044242727376,-0.0291043381143599
2024-09-26,75,-0.0221924950447052,-0.0301646718777562
2024-09-26,76,-0.0106025642739045,-0.0177535549355667
2024-09-26,77,-0.00366605951754995,-0.0103058490589572
2024-09-26,78,-0.00694763135530074,-0.0148289763660685
2024-09-26,79,-0.0130968731168757,-0.0201910809059083
2024-09-26,80,0.011499232154315,0.0054701141856146
2024-09-26,81,0.000845066832122043,-0.0055871484249419
2024-09-26,82,-0.00308739053952412,-0.00981445221661481
2024-09-26,83,-0.0190927627176842,-0.0223523158207435
2024-09-26,84,-0.00835355143106042,-0.00580406692836455
2024-09-26,85,-0.0151002535545226,-0.0127263475649482
2024-09-26,86,-0.0338950446336401,-0.0328073702051697
2024-09-26,87,-0.0375659962964461,-0.0367870307392
2024-09-26,88,-0.010921617616952,-0.00870491407819785
2024-09-26,89,-0.0168277610558842,-0.016535036330291
2024-09-26,90,-0.019152499009115,-0.0186643402272857
2024-09-26,91,-0.0314289817729652,-0.0311411327114133
2024-09-26,92,-0.014838315287653,-0.0148992091122881
2024-09-26,93,-0.0128456059109308,-0.0129541493500316
2024-09-26,94,-0.0167887212989788,-0.0165720436276384
2024-09-26,95,-0.0309267415394388,-0.031458938262082
2024-09-26,96,-0.0139342480541114,-0.0147505183811987
2024-09-26,97,-0.0171944617714761,-0.0175900520765584
2024-09-26,98,-0.0152696768041762,-0.0147390022241982
2024-09-26,99,-0.0164244209584075,-0.0173159142744925
2024-09-26,100,0.00200106088119334,0.00109852743625538
2024-09-26,101,-0.00893895410666357,-0.00859240681561069
2024-09-26,102,-0.00776132552869058,-0.00745256242856485
2024-09-26,103,-0.0213584713118715,-0.02211908015863
2024-09-26,104,0.00428473689325948,0.00404328117448394
2024-09-26,105,-0.00512477722902549,-0.00445420058754031
2024-09-26,106,0.00200396603370034,0.0026138425673583
2024-09-26,107,0.0055008841870734,0.00615975933889423
2024-09-26,108,-0.0106237227867734,-0.0109239853123597
2024-09-26,109,0.000806959933698614,0.00106895535561868
2024-09-26,110,-0.00589672811944109,-0.00595775394747378
2024-09-26,111,0.00778247517440978,0.0076791801370959
2024-09-26,112,0.000510344857004519,0.00121432787952713
2024-09-26,113,0.0111494606449485,0.0110654985152667
2024-09-26,114,0.00500262875008506,0.00576028325065359
2024-09-26,115,0.00831339136166775,0.00798982974912299
2024-09-26,116,0.00667653907929022,0.00573259240868218
2024-09-26,117,-0.00910032454071263,-0.00962174863808407
2024-09-26,118,-0.00340995984485204,-0.00488408011177199
2024-09-26,119,0.00349191634923418,0.00309946003444139
2024-09-26,120,0.00259841482417755,0.00250269130624048
2024-09-26,121,0.014165041403122,0.0133343201408511
2024-09-26,122,0.0018445881118172,0.00112363180109654
2024-09-26,123,0.0136169763772607,0.0128616469747076
2024-09-26,124,0.00193916482546808,0.00201876713907012
2024-09-26,125,0.0131115803882098,0.0127112545089751
2024-09-26,126,0.00264883365418633,0.00118634944427498
2024-09-26,127,0.0166377291546977,0.0162359222255422
2024-09-26,128,0.00513640557174266,0.00413955156246715
2024-09-26,129,0.0162494649676104,0.0159399748866011
2024-09-26,130,0.00232979361820451,0.00131749001077708
2024-09-26,131,0.0147749774420562,0.0133020318709693
2024-09-26,132,0.0165402247035429,0.016264201871099
2024-09-26,133,0.0078086434823561,0.00719061835946277
2024-09-26,134,0.0141115745370453,0.014503626783263
2024-09-26,135,-0.00215494343802369,-0.00482823530961163
2024-09-26,136,0.0234600734290469,0.0233069252957616
2024-09-26,137,0.017139867409993,0.0163295029457036
2024-09-26,138,0.0121116869980105,0.0113860457341062
2024-09-26,139,0.00212149717771482,0.000175345763638646
2024-09-26,140,0.0302557717665248,0.0300429584706308
2024-09-26,141,0.0100810854292943,0.00898000429533141
2024-09-26,142,0.0115754367821621,0.0103349326336879
2024-09-26,143,0.0187881413989404,0.0171190334844162
2024-09-26,144,0.0204911514187494,0.0196602470876659
2024-09-27,2,0.0205272681947974,0.018404053200122
2024-09-27,3,-0.000385167201518932,-0.00315259402986001
2024-09-27,4,0.0142326931857282,0.0114088934403966
2024-09-27,5,0.016271753875432,0.0143824873568814
2024-09-27,6,0.0208837749436572,0.0186701778523659
2024-09-27,7,0.000763587847967706,-0.00313379840956607
2024-09-27,8,0.0185432522122886,0.0162824542098754
2024-09-27,9,0.027271903694345,0.0260072309674619
2024-09-27,10,0.00398496253378333,8.14796494630343e-06
2024-09-27,11,0.0180235107995284,0.0156739110185882
2024-09-27,12,0.0223920378309126,0.0200496164786923
2024-09-27,13,0.0321696321760889,0.0339777418090748
2024-09-27,14,0.0320838189450416,0.0370208740702154
2024-09-27,15,0.0113243143297659,0.0160974285819169
2024-09-27,16,0.0283133042217081,0.0342452288066699
2024-09-27,17,0.025311438782694,0.0311409849804569
2024-09-27,18,0.0201418305393508,0.026617264301267
2024-09-27,19,0.0149648611410003,0.0226714788221951
2024-09-27,20,0.00228340818794948,0.0097691573323484
2024-09-27,21,0.0212373643781758,0.029176573068975
2024-09-27,22,-0.0186374402421796,-0.0118922269038464
2024-09-27,23,0.0122600939889148,0.020896163743533
2024-09-27,24,0.00371798684815516,0.0128277532073522
2024-09-27,25,-0.00109643642538959,0.00668963528610966
2024-09-27,26,0.0397218230240695,0.0457754847360352
2024-09-27,27,0.0300003371290618,0.0341130729631338
2024-09-27,28,0.00991836900903387,0.0152937713525922
2024-09-27,29,0.00288513905887022,0.00796343256065235
2024-09-27,30,0.00482970285056172,0.00995950839160287
2024-09-27,31,0.00935596633167446,0.0133499247119087
2024-09-27,32,0.0470648363736386,0.0525864994096423
2024-09-27,33,-0.0158105895645333,-0.0130206178205139
2024-09-27,34,-0.0234319063337844,-0.0196655062739648
2024-09-27,35,0.0265287136910892,0.0288400723708016
2024-09-27,36,0.0201415070378657,0.0227281448021976
2024-09-27,37,-0.0205683645735144,-0.0175046229598088
2024-09-27,38,0.0154578519760165,0.0177605454110576
2024-09-27,39,0.017948891643333,0.0206408556221973
2024-09-27,40,0.028905349395913,0.0289344697869574
2024-09-27,41,0.01777802524078,0.0195485646991376
2024-09-27,42,-0.00664145977904074,-0.00432773640418915
2024-09-27,43,0.0386836061370133,0.0397039907244494
2024-09-27,44,0.00664853791186459,0.00639178571679011
2024-09-27,45,-0.0302801546258804,-0.029322950636443
2024-09-27,46,0.0252416966662397,0.0263332096293531
2024-09-27,47,0.00490921597205585,0.00492659101719717
2024-09-27,48,0.0450369839949643,0.0450726633871241
2024-09-27,49,0.00269553492192998,0.0026461537239868
2024-09-27,50,-0.0306996575384479,-0.030350456567005
2024-09-27,51,0.0528510367343138,0.053577161875106
2024-09-27,52,-0.0182323996771281,-0.0194749309048792
2024-09-27,53,0.0184299923798914,0.018186284891275
2024-09-27,54,0.0369150136010479,0.0358968443552108
2024-09-27,55,0.0128377266474482,0.0108771884321524
2024-09-27,56,0.0109072956442384,0.0102311370327683
2024-09-27,57,0.0130056820788527,0.0118265992175619
2024-09-27,58,0.0531373029199438,0.0511094236554399
2024-09-27,59,-0.0109259825670538,-0.0128574870759426
2024-09-27,60,0.00768055217692165,0.00591969584307961
2024-09-27,61,-0.000435329197337353,-0.000320372266527258
2024-09-27,62,-0.0797053637699934,-0.080460239490769
2024-09-27,63,-0.0734299901864963,-0.0725413858135049
2024-09-27,64,-0.0399162210255604,-0.0408576169710528
2024-09-27,65,-0.0333387720270037,-0.0351337751558294
2024-09-27,66,-0.0299037724258158,-0.0318913963055873
2024-09-27,67,-0.0322284821630285,-0.0357421599365537
2024-09-27,68,-0.0512464615421271,-0.0528471989048303
2024-09-27,69,-0.0689731913244023,-0.0691991988423606
2024-09-27,70,-0.0641873272147659,-0.0651346583370849
2024-09-27,71,-0.0506883314942046,-0.0522431066774143
2024-09-27,72,-0.0321420525703076,-0.0354877911834599
2024-09-27,73,-0.02953125016999,-0.0337393974749478
2024-09-27,74,-0.0311330332595237,-0.0365706167835995
2024-09-27,75,-0.0205944594253333,-0.0245566315913308
2024-09-27,76,-0.038664292326068,-0.0446922134223104
2024-09-27,77,0.00629416313237918,0.00171320311143575
2024-09-27,78,-0.0225996873548535,-0.0292212706704706
2024-09-27,79,-0.0100846804517261,-0.016406662834104
2024-09-27,80,-0.0168528380594859,-0.0232399807970562
2024-09-27,81,-0.005215071897954,-0.0122064769216372
2024-09-27,82,-0.00581737174946451,-0.0130430359472093
2024-09-27,83,-0.0111070805318656,-0.014742590506307
2024-09-27,84,-0.0269912670406773,-0.0278532742369251
2024-09-27,85,-0.0246184790570974,-0.0246080459440137
2024-09-27,86,-0.013012656276242,-0.0121674976802737
2024-09-27,87,-0.0400863658526793,-0.0401685551251507
2024-09-27,88,-0.0183533444028887,-0.0175513707381949
2024-09-27,89,-0.0236379189947282,-0.0234550033497332
2024-09-27,90,-0.0140069164870491,-0.0133427721627069
2024-09-27,91,-0.0315352128818729,-0.0314185515088443
2024-09-27,92,-0.0153325057762679,-0.0150139572168957
2024-09-27,93,-0.0163183948021999,-0.0162822531825899
2024-09-27,94,-0.0267752944367148,-0.02647618000546
2024-09-27,95,-0.00941712445992859,-0.0097543187345881
2024-09-27,96,-0.0163164224057954,-0.0161060855781745
2024-09-27,97,-0.0166569101704992,-0.0164535102740651
2024-09-27,98,-0.0163984076734405,-0.0168385510069857
2024-09-27,99,-0.010048545757086,-0.00962964261257326
2024-09-27,100,-0.00545504192912372,-0.00512097227382924
2024-09-27,101,-0.00194461587438344,-0.00191068352643953
2024-09-27,102,-0.0176826712520315,-0.017085004289223
2024-09-27,103,-0.0096503786788551,-0.0088407254086178
2024-09-27,104,0.0020880217103052,0.00284759643947119
2024-09-27,105,0.0071353151250495,0.00759637898862131
2024-09-27,106,0.00235695818883297,0.00307427344662337
2024-09-27,107,-0.0067543916005981,-0.00698707027433798
2024-09-27,108,0.011150396364024,0.0129463025051084
2024-09-27,109,-0.000221749349342382,-0.000808761076026343
2024-09-27,110,0.0120611059706661,0.013226559271617
2024-09-27,111,-0.00363606313549614,-0.00340681258070319
2024-09-27,112,0.0183595509698185,0.0188074441566659
2024-09-27,113,-0.0196965252073129,-0.0204054749763198
2024-09-27,114,-0.00657290250227316,-0.0065109953332918
2024-09-27,115,0.00993048299626764,0.00934660287081002
2024-09-27,116,0.0182771308729084,0.0185807843702683
2024-09-27,117,-0.00974821051706076,-0.0109545014869461
2024-09-27,118,0.0100631641275539,0.00971089339886078
2024-09-27,119,0.0134151691841149,0.013078998185053
2024-09-27,120,-0.00634197679711157,-0.00828408938156677
2024-09-27,121,0.007270673427894,0.00716385479504744
2024-09-27,122,0.0100932482567018,0.00929898094960357
2024-09-27,123,0.00817494810766917,0.00735507151012094
2024-09-27,124,0.0111583977881331,0.0108756244234431
2024-09-27,125,-0.00217365239199108,-0.0037458666790684
2024-09-27,126,0.0137585644422984,0.0125014344843297
2024-09-27,127,0.0104513798115109,0.0100746299814123
2024-09-27,128,0.00611425119521503,0.00504651168933101
2024-09-27,129,0.0255776892968376,0.0238566948084582
2024-09-27,130,0.00205328702030716,0.00127879764639438
2024-09-27,131,0.0114301602500184,0.010596835255269
2024-09-27,132,0.0291478063418307,0.0276077528684766
2024-09-27,133,-0.0119037861962878,-0.0140246407411571
2024-09-27,134,0.0107535332632951,0.00885710639837711
2024-09-27,135,0.0184686435667558,0.0174798182094769
2024-09-27,136,0.00966490565324118,0.00735703175105407
2024-09-27,137,0.0138166014201184,0.0118334839072283
2024-09-27,138,0.007919726318244,0.00556811259279222
2024-09-27,139,0.0202759087754742,0.0185460470518741
2024-09-27,140,-0.00945279486455775,-0.0121691702235562
2024-09-27,141,0.039028359307717,0.0381554650474794
2024-09-27,142,0.00142407090516272,-0.00135433539251473
2024-09-27,143,0.0133851302766228,0.0115122310278153
2024-09-27,144,0.00907129437762588,0.0065016861083329
2024-09-28,2,0.0257757200817998,0.0238163237895623
2024-09-28,3,0.00451084510046051,0.00186967766945045
2024-09-28,4,0.0193534594234448,0.0180055730063291
2024-09-28,5,0.0316417804189095,0.0295205486393204
2024-09-28,6,0.00937331551174125,0.0066200690091307
2024-09-28,7,0.0273103891055477,0.025479934764963
2024-09-28,8,0.0302283603397617,0.0284080545104839
2024-09-28,9,0.00852128565043309,0.00456401498734493
2024-09-28,10,0.0139933019936676,0.0110569813480748
2024-09-28,11,0.0234710653871684,0.0215442439813529
2024-09-28,12,0.0315823630803003,0.029603043932461
2024-09-28,13,0.0397351417706098,0.0408558243112775
2024-09-28,14,0.0253874750595866,0.0298223152013328
2024-09-28,15,0.0436977015600011,0.0493355284299426
2024-09-28,16,0.0252125582106073,0.0308217035700373
2024-09-28,17,0.023513731388177,0.0304539964937014
2024-09-28,18,0.0253504195532264,0.0328414098264407
2024-09-28,19,0.0261998652111517,0.0341585342465969
2024-09-28,20,0.0147483628939975,0.0221802331818903
2024-09-28,21,-0.00637298534533226,0.000897438493476344
2024-09-28,22,0.0187678744200435,0.0276113255709056
2024-09-28,23,-4.75099540135915e-05,0.00895470209558624
2024-09-28,24,-0.00203177361998641,0.00707664269592989
2024-09-28,25,0.00669268217646568,0.0158851516196457
2024-09-28,26,0.0516154375512077,0.0578650727638479
2024-09-28,27,0.00752246702459214,0.0117376777758746
2024-09-28,28,0.0308282938584989,0.0382990518524018
2024-09-28,29,0.0125559695564963,0.0184731947089087
2024-09-28,30,0.00943802663568327,0.0141393900610041
2024-09-28,31,0.000164309437517218,0.0044895887724028
2024-09-28,32,0.00669429488793405,0.00971025371381451
2024-09-28,33,0.00660181910675828,0.0111007413874109
2024-09-28,34,-0.00609385665595585,-0.00205165528527296
2024-09-28,35,0.0254812056537306,0.0281666257149151
2024-09-28,36,0.00644723371445899,0.00856152335858518
2024-09-28,37,-0.019716771399553,-0.0164138118745445
2024-09-28,38,0.00882901724132346,0.0109992026718917
2024-09-28,39,0.0394358877085308,0.0411719907732468
2024-09-28,40,0.0159096062521291,0.0160259652762686
2024-09-28,41,-0.00597211001677511,-0.00590397478270965
2024-09-28,42,4.66020056597571e-05,0.00384748547704561
2024-09-28,43,0.0302116835398163,0.0291357252850997
2024-09-28,44,0.022782942766141,0.0246452114755868
2024-09-28,45,-0.0219505461268961,-0.0219209481980194
2024-09-28,46,0.00114888192468587,0.000954137530998267
2024-09-28,47,-0.00516094403268408,-0.00576643376420627
2024-09-28,48,0.0785696305226988,0.0783944199917581
2024-09-28,49,-0.0258822676204833,-0.0287588121400226
2024-09-28,50,-0.0220139612545021,-0.0200803729119148
2024-09-28,51,0.0436131827367543,0.0437610974000044
2024-09-28,52,-0.0140380252887553,-0.015513276167475
2024-09-28,53,0.0189018904023115,0.018066648892102
2024-09-28,54,0.0435709591651454,0.0412047703147085
2024-09-28,55,-0.00687759082514461,-0.00871007010969471
2024-09-28,56,0.0257142852951713,0.0244771295934179
2024-09-28,57,0.00797659416470875,0.00730062705284062
2024-09-28,58,0.050748024823883,0.0488959540870386
2024-09-28,59,-0.00034663038604954,-0.00170117048317486
2024-09-28,60,0.00268890147992185,0.00257954400031579
2024-09-28,61,-0.028102481927748,-0.0280490501118997
2024-09-28,62,-0.0760578391990663,-0.0769136799187304
2024-09-28,63,-0.0590784681007133,-0.0593214855383817
2024-09-28,64,-0.0310693421770258,-0.0325470851328529
2024-09-28,65,-0.0334703541959094,-0.0348896652114874
2024-09-28,66,-0.0245255124273651,-0.0264425383277977
2024-09-28,67,-0.0275204127429625,-0.0306510764731271
2024-09-28,68,-0.0472059456980709,-0.0505848194329008
2024-09-28,69,-0.0764984533040405,-0.0771990413368915
2024-09-28,70,-0.0686049152614467,-0.068922516542635
2024-09-28,71,-0.040157765851502,-0.0426353678923039
2024-09-28,72,-0.0454414989131831,-0.0491585421895859
2024-09-28,73,-0.0250285677495832,-0.0290327473575775
2024-09-28,74,-0.0105058956610176,-0.014246873492576
2024-09-28,75,-0.0293254920995851,-0.0350261446133278
2024-09-28,76,-0.0283248498253661,-0.0340154323772044
2024-09-28,77,-0.00513854250561341,-0.0104743202627109
2024-09-28,78,-0.0127836716740113,-0.0205743186511107
2024-09-28,79,-0.0224273296197017,-0.0293017066295853
2024-09-28,80,0.00644126017811519,-0.000738052176517456
2024-09-28,81,-0.0151202546907223,-0.0220814703788328
2024-09-28,82,-0.00623544907314955,-0.014011620583485
2024-09-28,83,0.00628251964528914,0.00400660515177975
2024-09-28,84,-0.0377960956872219,-0.0384949533110763
2024-09-28,85,-0.00891492899032187,-0.00805208226572596
2024-09-28,86,-0.0259588037988241,-0.0266229398896236
2024-09-28,87,-0.0202251545787506,-0.0192444244729284
2024-09-28,88,-0.033214841433101,-0.0322025562022077
2024-09-28,89,-0.0170705021348034,-0.0166720575706947
2024-09-28,90,-0.0241776573663035,-0.0235530833664104
2024-09-28,91,-0.0214940771623535,-0.020589231761404
2024-09-28,92,-0.00403139656319329,-0.0028358782539577
2024-09-28,93,-0.0260715536219438,-0.0258447826968169
2024-09-28,94,-0.00647796245552357,-0.00622190692474156
2024-09-28,95,-0.0309332240156532,-0.0307455453835797
2024-09-28,96,-0.0113283334767216,-0.0108579998285485
2024-09-28,97,-0.0173551631809579,-0.017229201610089
2024-09-28,98,-0.00593397817778651,-0.0055458966437083
2024-09-28,99,-0.00870539401612902,-0.0080723297298082
2024-09-28,100,-0.0136152693363716,-0.0136173597649041
2024-09-28,101,0.00891117939797326,0.0103679903441716
2024-09-28,102,-0.0175704820059064,-0.0180176124504019
2024-09-28,103,-0.0100422251397561,-0.00898720288365062
2024-09-28,104,0.0068412094568906,0.0072579915415325
2024-09-28,105,-0.0132297599443616,-0.0120012598982218
2024-09-28,106,0.00235296801437634,0.00201319803841926
2024-09-28,107,0.00144501236775696,0.00229964938441185
2024-09-28,108,0.00556035812211686,0.00694934775498091
2024-09-28,109,-0.00818127146283398,-0.00836552031910465
2024-09-28,110,0.00910648528661362,0.0101146982760074
2024-09-28,111,-0.0037696046902358,-0.00347292562410928
2024-09-28,112,0.00746468614280094,0.00803125315636066
2024-09-28,113,-0.00312431500033217,-0.00380016228432112
2024-09-28,114,-0.00679916960893756,-0.00661876941832062
2024-09-28,115,0.00932158859994647,0.00911999406617348
2024-09-28,116,0.00883040878320696,0.00800546932931745
2024-09-28,117,-0.00350935565874266,-0.00501684787909795
2024-09-28,118,-0.00932349811967192,-0.00990883315453672
2024-09-28,119,-0.00535670928657073,-0.00661197712775241
2024-09-28,120,0.0134398934349385,0.0121271491492738
2024-09-28,121,-0.00433162355774108,-0.00598928057271664
2024-09-28,122,0.00876299701067751,0.00771643206986816
2024-09-28,123,-0.014178192215323,-0.0159212926000283
2024-09-28,124,0.0124106326394644,0.0109587986264472
2024-09-28,125,0.0131240407011255,0.0122647855501885
2024-09-28,126,0.0115750860799864,0.0107272026873773
2024-09-28,127,-0.0168108411765697,-0.0193657762461239
2024-09-28,128,-0.00120074625921873,-0.00181283822469069
2024-09-28,129,0.0196200153759722,0.0179140740916832
2024-09-28,130,-0.0145560901500641,-0.0169105087697883
2024-09-28,131,0.0121924954455572,0.0107622425469529
2024-09-28,132,0.0103547796876367,0.00824423874281166
2024-09-28,133,0.0035582874902671,0.00173240749117021
2024-09-28,134,0.00411199004071694,0.00160704368125408
2024-09-28,135,0.00366109319996788,0.00109950031078299
2024-09-28,136,0.00768524337507426,0.00545680569157625
2024-09-28,137,0.0177065299167216,0.0160672337721355
2024-09-28,138,-0.011471983898045,-0.0144007166855715
2024-09-28,139,0.0100825133829279,0.00737763702841221
2024-09-28,140,0.0110351433573586,0.0096236007512509
2024-09-28,141,-0.0065906051113167,-0.00934115339598307
2024-09-28,142,0.0235093732377001,0.0210212859728838
2024-09-28,143,0.0175549754061022,0.0160584813325411
2024-09-28,144,0.00730573951606939,0.00379017414120497
2024-09-29,2,0.0254721586896682,0.0230039767844055
2024-09-29,3,-1.4541727200168e-07,-0.00346149011790509
2024-09-29,4,0.0231343674721796,0.0203183141352561
2024-09-29,5,0.00864873795669752,0.0057102435788412
2024-09-29,6,0.00999537569517628,0.00705594146079846
2024-09-29,7,0.0202086890904898,0.0166374508489895
2024-09-29,8,0.0117222597848041,0.00808765416379309
2024-09-29,9,0.0138950680323164,0.0102202646566614
2024-09-29,10,0.0217338910629108,0.0186083619331168
2024-09-29,11,0.00191484516168305,-0.0015650247511001
2024-09-29,12,0.0299438450926637,0.0258702365188661
2024-09-29,13,0.0193541339940939,0.0185819617344851
2024-09-29,14,0.0182270218158003,0.0209727139790896
2024-09-29,15,0.0406314378719639,0.0442634063425409
2024-09-29,16,0.0548992728764004,0.0589929670133866
2024-09-29,17,0.0247760439989033,0.0289490532987724
2024-09-29,18,0.0276657608450721,0.0334848649487682
2024-09-29,19,0.0172965758089161,0.0229172865295109
2024-09-29,20,0.0302591752106025,0.0372234697626865
2024-09-29,21,0.0132830535502988,0.0199991459513988
2024-09-29,22,-0.00309228241171411,0.00458582438194988
2024-09-29,23,0.0178130050316705,0.0262034088104048
2024-09-29,24,-0.00454583288613541,0.0040534298583097
2024-09-29,25,0.0213545092841896,0.0296425028627691
2024-09-29,26,0.0470077178445196,0.0537990038982947
2024-09-29,27,0.0317282804875365,0.0378191707237043
2024-09-29,28,0.00103494458753328,0.00702592756914733
2024-09-29,29,-0.00251375091092676,0.00224948321699614
2024-09-29,30,0.0223831068392979,0.0284729947999107
2024-09-29,31,-0.000623132830810391,0.00402225705426851
2024-09-29,32,0.026710488321994,0.0306067122717657
2024-09-29,33,-0.0097191589144412,-0.00770517993539421
2024-09-29,34,-0.0233348838021712,-0.0209301336083012
2024-09-29,35,0.0400131831176145,0.042636389805546
2024-09-29,36,-0.023104522457583,-0.0223043275159842
2024-09-29,37,-0.0171758992540605,-0.0143457417454567
2024-09-29,38,0.0289115159771027,0.0327857452787121
2024-09-29,39,0.0261645858843451,0.0274328461721591
2024-09-29,40,0.0422130186199308,0.0431332410216498
2024-09-29,41,-0.0344626785701525,-0.0338230818324945
2024-09-29,42,0.0330000724830386,0.036473299569284
2024-09-29,43,0.00917255375398351,0.0096075834089735
2024-09-29,44,0.0110581480556968,0.012125113175621
2024-09-29,45,-0.00184731171099717,-0.00107340751535467
2024-09-29,46,0.00886545632182578,0.00876062186571325
2024-09-29,47,0.00100554597484415,0.00275147249339192
2024-09-29,48,0.0314233035166795,0.0296783301391379
2024-09-29,49,0.00967577729047875,0.00880143160281932
2024-09-29,50,-0.0353412912326236,-0.0362693082848455
2024-09-29,51,0.021806900373643,0.0228096281087335
2024-09-29,52,-0.0199025302436286,-0.0223575130247085
2024-09-29,53,0.0262928838507026,0.0255307412620649
2024-09-29,54,0.0369125951614757,0.0361433520063148
2024-09-29,55,-0.0224796702268844,-0.025623069269006
2024-09-29,56,0.000201800013940989,-0.00156921584818903
2024-09-29,57,0.0163779867509257,0.0163267787207033
2024-09-29,58,0.0357448582990871,0.0342446363034554
2024-09-29,59,0.0287542674572885,0.0279614831348933
2024-09-29,60,0.0135726134619309,0.0109242541820418
2024-09-29,61,-0.0355445245829937,-0.0375121179065747
2024-09-29,62,0.0110023694985424,0.00971756915643418
2024-09-29,63,0.00917665412978685,0.00906701125095921
2024-09-29,64,-0.0968492950975781,-0.0980178819639583
2024-09-29,65,-0.0537418227328246,-0.0535109553271411
2024-09-29,66,-0.039991866637207,-0.0400940508717955
2024-09-29,67,-0.0226307478672849,-0.0219080353531407
2024-09-29,68,-0.0688341678688387,-0.0680876373781025
2024-09-29,69,-0.0773644627842147,-0.0753179700393058
2024-09-29,70,-0.0453255200076628,-0.0444721164795236
2024-09-29,71,-0.0403948656482793,-0.0400919290182777
2024-09-29,72,-0.0443262330462204,-0.0454737205952185
2024-09-29,73,-0.0322374647425496,-0.0345199078951755
2024-09-29,74,-0.0114762237199049,-0.0131226926883912
2024-09-29,75,-0.0380064469576951,-0.0418909613092815
2024-09-29,76,-0.023867043168214,-0.0281590348984988
2024-09-29,77,-0.0295815782067521,-0.0344608609649857
2024-09-29,78,-0.0175713382497209,-0.0220782895752851
2024-09-29,79,-0.0162915013093867,-0.0218520716615345
2024-09-29,80,-0.0178705863627027,-0.0234787078979917
2024-09-29,81,-0.0134432033602847,-0.0202232534965443
2024-09-29,82,-0.0197186572976324,-0.0260177101784862
2024-09-29,83,-0.0416929544323965,-0.0449945077081075
2024-09-29,84,-0.0188091127633205,-0.0185360169467543
2024-09-29,85,-0.023929283386436,-0.0241607463987368
2024-09-29,86,-0.0294316248299449,-0.0292065885967414
2024-09-29,87,-0.0433174709982582,-0.0426241129438996
2024-09-29,88,-0.0148461153172539,-0.0145727284062147
2024-09-29,89,-0.0225335891002132,-0.0207520146781057
2024-09-29,90,-0.0183454080013616,-0.0182507747782665
2024-09-29,91,-0.030684944783065,-0.0303159609985943
2024-09-29,92,-0.0161419124758027,-0.0154196096605688
2024-09-29,93,-0.0369358332695526,-0.0372735711299779
2024-09-29,94,-0.0128796728871015,-0.0123534537312917
2024-09-29,95,-0.0114246978039674,-0.011254860606785
2024-09-29,96,-0.0184847367846404,-0.0179073364224642
2024-09-29,97,-0.019026265277831,-0.0192275679050731
2024-09-29,98,-0.00424476332523671,-0.00295654508687093
2024-09-29,99,-0.0252272622225602,-0.0258378334688985
2024-09-29,100,0.00576125077955414,0.00750585025944339
2024-09-29,101,-0.0114954853775435,-0.0114958717983953
2024-09-29,102,-0.0110312620152513,-0.0100461755996868
2024-09-29,103,-0.0268530051720575,-0.0274452620358669
2024-09-29,104,0.0051479479721106,0.00618881965080931
2024-09-29,105,-0.0140029857023727,-0.0136917948961024
2024-09-29,106,-0.00326259882386015,-0.00320906768297036
2024-09-29,107,-0.0133672304577148,-0.0129326691877374
2024-09-29,108,-0.00592499991687845,-0.00571348151422768
2024-09-29,109,-0.00700291609780734,-0.00715671566566023
2024-09-29,110,0.015600602340772,0.0153903483330176
2024-09-29,111,0.00339081899718252,0.00396690387673893
2024-09-29,112,0.00944348066142009,0.00943661790473094
2024-09-29,113,-0.00123909825175517,-0.0018931015869228
2024-09-29,114,-0.00932898115321734,-0.0105718247458615
2024-09-29,115,0.00973153162314677,0.00901171621023877
2024-09-29,116,0.0108760306852256,0.0108769187839695
2024-09-29,117,-0.00920246609542996,-0.0100769979931847
2024-09-29,118,0.0100557693368595,0.00861385409226223
2024-09-29,119,0.0114189461423839,0.0106498448252204
2024-09-29,120,0.0097586268373755,0.00890868834760106
2024-09-29,121,0.0120624283333353,0.011690163512263
2024-09-29,122,-0.00152229452865438,-0.00278546432650018
2024-09-29,123,0.00371931846958429,0.00241949860395785
2024-09-29,124,6.38768462506434e-05,-0.00153384159126091
2024-09-29,125,0.0171501077230296,0.0172208072829445
2024-09-29,126,0.00508652901236228,0.00393507037345131
2024-09-29,127,0.0315562227521875,0.0297932247360624
2024-09-29,128,0.00256043269016892,0.0017553771925698
2024-09-29,129,-0.000846379832195154,-0.00278367960465076
2024-09-29,130,0.0388756130625199,0.0383884826010785
2024-09-29,131,0.01694862643454,0.0147906177805996
2024-09-29,132,0.0176057678628663,0.0159275679489657
2024-09-29,133,0.00177219870000567,-0.000477836614784621
2024-09-29,134,0.00831905033335545,0.00634281100272993
2024-09-29,135,0.00955205891913469,0.00693489985544993
2024-09-29,136,0.0156081893042916,0.0132581505180074
2024-09-29,137,0.0316097050724871,0.0300754258158911
2024-09-29,138,-0.00416719246372921,-0.00787190493082157
2024-09-29,139,0.0237484056226576,0.0218673378488639
2024-09-29,140,0.0112707000822718,0.00897693782972375
2024-09-29,141,0.0275219546567422,0.0255229085485329
2024-09-29,142,0.0151036643158085,0.0129945876459203
2024-09-29,143,0.0183402293687225,0.0156193757699086
2024-09-29,144,0.0256701834988302,0.0231891546996366
2024-09-30,2,-0.00241006550930845,-0.00368740085712105
2024-09-30,3,-0.00859774933027424,-0.010148747035279
2024-09-30,4,0.00389840508584616,0.00235074946264824
2024-09-30,5,-0.00442392118678026,-0.00502081593575987
2024-09-30,6,-0.0168684829916916,-0.020048401584722
2024-09-30,7,0.00268668378622561,0.00309006487406371
2024-09-30,8,-0.00625312260621147,-0.00876678402403286
2024-09-30,9,-0.00156417837184808,-0.0025391972007025
2024-09-30,10,-0.00943523934654245,-0.0100800928519895
2024-09-30,11,0.0137205637700681,0.0125735213863223
2024-09-30,12,0.00501539544528118,0.00372755873305763
2024-09-30,13,0.00868162201798484,0.00926404716435947
2024-09-30,14,0.0232452872238964,0.0295934926846364
2024-09-30,15,-0.00260201434873242,0.00228274857841093
2024-09-30,16,0.00665559747695355,0.011244395871012
2024-09-30,17,0.00703216955576291,0.0127229950217664
2024-09-30,18,-0.00437660228083114,-0.000343363737039581
2024-09-30,19,0.0154683486431892,0.0206471972818907
2024-09-30,20,0.000199298351565069,0.00553136583791591
2024-09-30,21,-0.0166020524963102,-0.0120520559204209
2024-09-30,22,-0.00156551909893654,0.00269969189692176
2024-09-30,23,-0.0131503523254857,-0.00919466197963814
2024-09-30,24,-0.00860080586333734,-0.00440762879755674
2024-09-30,25,-0.00948744456400163,-0.00560781819016221
2024-09-30,26,0.0173177291820084,0.0176753575093507
2024-09-30,27,0.0463427223669663,0.0472562993784926
2024-09-30,28,0.0226926870702293,0.0232280553576043
2024-09-30,29,0.0261093535578993,0.0291767975675796
2024-09-30,30,0.00197604201995105,0.00317496454935373
2024-09-30,31,0.0183581110128586,0.0207224319637351
2024-09-30,32,-0.0127909869490646,-0.0119410517360325
2024-09-30,33,0.00260166859488464,0.00435959552560838
2024-09-30,34,-0.0105014273974335,-0.011355311313352
2024-09-30,35,0.00816800480685043,0.00708665769979255
2024-09-30,36,0.00115591452153918,0.00185072850298162
2024-09-30,37,0.0185669003946449,0.0194100190540656
2024-09-30,38,0.00127191467749466,0.00176175859211014
2024-09-30,39,0.0131314748716447,0.0119928309433526
2024-09-30,40,0.0391262622947517,0.0395927199478088
2024-09-30,41,-0.0293519669007862,-0.0300022928392831
2024-09-30,42,0.0218319851717013,0.0231220403321029
2024-09-30,43,0.0110523895631864,0.0100549338270941
2024-09-30,44,0.0215898723841068,0.0235910949876246
2024-09-30,45,-0.0375879725658361,-0.0381833572869343
2024-09-30,46,0.0204769129795039,0.0191509698256542
2024-09-30,47,0.00296170372941251,0.00423115547157238
2024-09-30,48,0.0433598135267905,0.043041551465187
2024-09-30,49,0.0257127636089258,0.0258016425707339
2024-09-30,50,-0.0327834279021193,-0.0311256904206552
2024-09-30,51,0.022987125806103,0.0239756066641235
2024-09-30,52,-0.0182498971886833,-0.0190128900265112
2024-09-30,53,0.0148484239345441,0.0142286547622579
2024-09-30,54,0.0250786761240436,0.0238801014441226
2024-09-30,55,-0.00175308504490079,-0.0014514360952127
2024-09-30,56,0.00149126742777916,0.00205414158243755
2024-09-30,57,0.0146510850021189,0.0150335292915393
2024-09-30,58,0.013771902173735,0.0157847903692225
2024-09-30,59,0.0175169609642385,0.0187168073713089
2024-09-30,60,-0.0284202952408386,-0.0279337266187287
2024-09-30,61,-0.0125676890820241,-0.0100407034150685
2024-09-30,62,-0.0582940002246515,-0.0561364038238708
2024-09-30,63,-0.0264141303444525,-0.0273318161813982
2024-09-30,64,-0.0299312029314942,-0.0311110581289462
2024-09-30,65,-0.0276713102385262,-0.028031201775125
2024-09-30,66,-0.0198254336013512,-0.0219575489237247
2024-09-30,67,-0.0427128902207974,-0.0444857227747271
2024-09-30,68,-0.047164479707126,-0.0478960774558743
2024-09-30,69,-0.0415298882375179,-0.0417074194534575
2024-09-30,70,-0.040858899102,-0.0433067353896952
2024-09-30,71,-0.0181706280661773,-0.0222914170429824
2024-09-30,72,0.0006100373423088,-0.00321450789199851
2024-09-30,73,0.00549531120289437,0.000734740776065834
2024-09-30,74,0.00252467021393166,-0.00237432221161349
2024-09-30,75,0.0150971841083134,0.0110806079927972
2024-09-30,76,-0.00410909899803347,-0.00757249029556739
2024-09-30,77,-0.0140046551112682,-0.0172843225682282
2024-09-30,78,0.0105549236508349,0.00754355941906937
2024-09-30,79,-0.00394303287390407,-0.0062858913522259
2024-09-30,80,0.0175703099515623,0.0149326318460066
2024-09-30,81,0.00306303015253118,0.00145080985772772
2024-09-30,82,0.0151558371989289,0.0146950157393722
2024-09-30,83,-0.0245090436330777,-0.0209065851452142
2024-09-30,84,-0.00999288563490985,-0.00375298139361213
2024-09-30,85,-0.0211036816569861,-0.0171252699227935
2024-09-30,86,-0.00824200908341144,-0.00469075687541931
2024-09-30,87,-0.0126839415333402,-0.0106317624695436
2024-09-30,88,-0.00929602926081952,-0.00662453569244192
2024-09-30,89,-0.02350280614949,-0.0232359146400238
2024-09-30,90,-0.00132577605838424,-3.11015976581785e-05
2024-09-30,91,-0.0058289788426169,-0.00531112788489274
2024-09-30,92,-0.0295132294250724,-0.0297792085562296
2024-09-30,93,-0.00600795670571763,-0.00597929765547711
2024-09-30,94,-0.00608380411210252,-0.00575514443042735
2024-09-30,95,-0.0158188385513789,-0.0159162894922318
2024-09-30,96,-0.0105826186929052,-0.0115396163687258
2024-09-30,97,0.00794800995232059,0.00767431496639404
2024-09-30,98,-0.00206023719115223,-0.00140843600493845
2024-09-30,99,-0.0346527302638817,-0.0364974889948684
2024-09-30,100,0.0137937605461733,0.0146892005956332
2024-09-30,101,-0.00527489996807162,-0.00555588114232464
2024-09-30,102,0.0101282216632343,0.0104911151943767
2024-09-30,103,-0.0092000721383414,-0.00935898794074497
2024-09-30,104,0.00813201364642246,0.0095578664606002
2024-09-30,105,0.00537790645111258,0.00507447172626918
2024-09-30,106,0.0104105671934853,0.011622763798389
2024-09-30,107,-0.00565294586318821,-0.00553764395957224
2024-09-30,108,0.00985887283316877,0.0102293305347754
2024-09-30,109,0.00819712910178261,0.00858114109922603
2024-09-30,110,-0.0023218824030824,-0.00261685473458684
2024-09-30,111,0.0151379711276221,0.015845941952561
2024-09-30,112,0.0155682593192212,0.0163658790338541
2024-09-30,113,-0.00708968222791917,-0.00733629906772748
2024-09-30,114,0.0115932633900711,0.0108005760420493
2024-09-30,115,-0.00411675105139686,-0.00522250949538616
2024-09-30,116,0.028871596273131,0.0280859787069669
2024-09-30,117,-0.0158524915827352,-0.0162062058729955
2024-09-30,118,-0.00743821758702001,-0.00899426016072447
2024-09-30,119,0.0109060534374317,0.00998165397105133
2024-09-30,120,0.00234770039694165,0.00151651138301467
2024-09-30,121,0.0118549299965505,0.0113237213302746
2024-09-30,122,0.00257359749623465,0.00140530384970816
2024-09-30,123,0.0153328399951951,0.0163953718439647
2024-09-30,124,0.0066786512698771,0.00534822102671129
2024-09-30,125,0.0185282463647214,0.0180230297773232
2024-09-30,126,-0.0149572549688086,-0.0171991786982204
2024-09-30,127,0.0207137512091018,0.0204359819554476
2024-09-30,128,0.00591072541023241,0.0042640233654776
2024-09-30,129,0.0132153409502527,0.0127510607691601
2024-09-30,130,-0.00168475108169286,-0.00177010743988681
2024-09-30,131,-0.00130088926216132,-0.00323825579170212
2024-09-30,132,0.00325319259956025,0.00117474470573065
2024-09-30,133,0.0225040882817327,0.0204602427802953
2024-09-30,134,-0.00886027876774431,-0.0101551457747142
2024-09-30,135,0.00815110672210828,0.00609180564279654
2024-09-30,136,0.000349391758214246,-0.00203453611364779
2024-09-30,137,-0.000790810393703545,-0.00323109054595605
2024-09-30,138,0.00710903523704598,0.00539716190948525
2024-09-30,139,0.0255510449398759,0.0245833030883027
2024-09-30,140,-0.00147880876885509,-0.00301171611786089
2024-09-30,141,0.0122929987439093,0.00934085896775905
2024-09-30,142,-0.000718797642929481,-0.00265777081982499
2024-09-30,143,0.00984090932197468,0.00809317447337321
2024-09-30,144,-0.00146804475548556,-0.00362118539234402
