"date","timestep","bob_eta","sm_eta"
2024-09-01,2,0.0217037370552733,0.0180197925726056
2024-09-01,3,0.0139134216911012,0.0101409517865765
2024-09-01,4,0.0107639444070164,0.00700185583931834
2024-09-01,5,0.02861592953652,0.0254029070124702
2024-09-01,6,0.0160465858060395,0.0118978139580292
2024-09-01,7,0.0147541073109654,0.0111306725372877
2024-09-01,8,0.0178439524156557,0.0136430706702519
2024-09-01,9,0.0395319124639739,0.0361113657653309
2024-09-01,10,0.0235366998990809,0.0247674372512243
2024-09-01,11,0.0212286998167794,0.0235856907268772
2024-09-01,12,0.0395493568042973,0.0432809042441118
2024-09-01,13,0.0326151541287381,0.0365308718375257
2024-09-01,14,0.0301335551504671,0.0345139847382949
2024-09-01,15,0.0411113692690064,0.0455745114982182
2024-09-01,16,0.0314260889869908,0.0368907408804269
2024-09-01,17,0.0287029939283272,0.0345051524220317
2024-09-01,18,0.0377070757389744,0.0442098048570738
2024-09-01,19,0.0194400849837777,0.0262534843239273
2024-09-01,20,0.0425543127080141,0.0500986352075259
2024-09-01,21,0.016125831947309,0.0223165416318807
2024-09-01,22,0.0239732215307145,0.0323986687452997
2024-09-01,23,0.0299890437325256,0.0383695719494881
2024-09-01,24,0.0159105464775884,0.0238415323366965
2024-09-01,25,0.0370892575998019,0.0451870992225523
2024-09-01,26,0.019177254202134,0.024778635038933
2024-09-01,27,0.0167854799944038,0.0230386188023193
2024-09-01,28,0.000248941212334763,0.00651767745067389
2024-09-01,29,0.00210483995962729,0.00683999123402224
2024-09-01,30,0.00147748756758492,0.00618544192038151
2024-09-01,31,0.00329934324662595,0.00861049238075751
2024-09-01,32,-0.0240570531735509,-0.0221365950968799
2024-09-01,33,0.008691020618949,0.0131651301771782
2024-09-01,34,-0.0108136067997684,-0.00793371710883761
2024-09-01,35,-0.0177819144158091,-0.0147589346682455
2024-09-01,36,-0.0079104521186979,-0.00472382646616509
2024-09-01,37,-0.0165480481743963,-0.014334740432691
2024-09-01,38,-0.00213292722870495,0.000404601173517705
2024-09-01,39,-0.0152544193679764,-0.013168431923603
2024-09-01,40,-0.0205545264516402,-0.0197610322660786
2024-09-01,41,-0.0106074523728132,-0.010211336105435
2024-09-01,42,-0.0138883503646561,-0.0131150297999252
2024-09-01,43,0.00365617372312244,0.00467435232640234
2024-09-01,44,-0.00602975318896704,-0.00537131651533151
2024-09-01,45,-0.0249242097269207,-0.0253646288454519
2024-09-01,46,0.00226767538370076,0.00323271992478524
2024-09-01,47,0.0139051155959384,0.0149047341797459
2024-09-01,48,-0.00316770635135644,-0.00319162278138663
2024-09-01,49,0.00100017416230358,0.00100570257498234
2024-09-01,50,-0.00710633930225235,-0.00754572769580975
2024-09-01,51,0.00751070271662257,0.00652960072246422
2024-09-01,52,0.00261712128460267,0.00116979015495566
2024-09-01,53,0.00866893266833824,0.00863700737561146
2024-09-01,54,0.00559093859483273,0.00448649768288512
2024-09-01,55,0.0181313896327282,0.0172129946175179
2024-09-01,56,0.00298605278789932,0.00146215407443506
2024-09-01,57,0.0221801332420704,0.0209146396187201
2024-09-01,58,0.0103690010217941,0.00815328813873606
2024-09-01,59,0.0258680399155686,0.024364586280246
2024-09-01,60,0.019661338234787,0.0173026482047423
2024-09-01,61,0.0263549355239467,0.0241272764092706
2024-09-01,62,0.00443543122522616,0.001490152369227
2024-09-01,63,0.0216393121103478,0.0189885228658007
2024-09-01,64,0.0121208867507399,0.00933553434277989
2024-09-01,65,0.0209602889119669,0.0186404077949067
2024-09-01,66,0.0116597239193839,0.00908895909268104
2024-09-01,67,0.0150736273539991,0.0108630477643477
2024-09-01,68,-0.0389819227534733,-0.0414922740673038
2024-09-01,69,-0.0454826126652259,-0.0447157464257977
2024-09-01,70,-0.0284525326517828,-0.0283455039336857
2024-09-01,71,-0.0222522391888518,-0.0251082922332095
2024-09-01,72,-0.014334963892944,-0.0154752133740352
2024-09-01,73,-0.0419629979506047,-0.0447272906734479
2024-09-01,74,-0.0291530469163703,-0.0294714109182221
2024-09-01,75,-0.0410415104585868,-0.0420923532421638
2024-09-01,76,-0.0295559586292753,-0.0306624045142412
2024-09-01,77,-0.0443554959008514,-0.047485970657525
2024-09-01,78,-0.0318686335980911,-0.0351335676569562
2024-09-01,79,-0.037853884428916,-0.042255317625143
2024-09-01,80,-0.0316233113338384,-0.0367934414589168
2024-09-01,81,-0.0298734165414718,-0.0349289099908612
2024-09-01,82,-0.0202258802626183,-0.0253885735622239
2024-09-01,83,-0.00801219698848943,-0.0125595083144407
2024-09-01,84,-0.0191336176435031,-0.0248785618956235
2024-09-01,85,-0.0282700164839933,-0.0340590424193534
2024-09-01,86,-0.0121738719553135,-0.0182494577084862
2024-09-01,87,-0.0201092207867206,-0.0265820764174176
2024-09-01,88,-0.0185363956195652,-0.0236652384347034
2024-09-01,89,-0.0312924375317252,-0.032694667993602
2024-09-01,90,-0.0302305137890087,-0.0303041736659395
2024-09-01,91,-0.0278460076873341,-0.0273049484302428
2024-09-01,92,-0.020353640949152,-0.0210482550729623
2024-09-01,93,-0.0376468696421788,-0.0375120178394219
2024-09-01,94,-0.00877418163459165,-0.00717197088039789
2024-09-01,95,-0.0285434983560058,-0.0281963018405946
2024-09-01,96,-0.0182957161303556,-0.0175276934928581
2024-09-01,97,-0.0295282022382626,-0.0289833078647579
2024-09-01,98,-0.00691063575327844,-0.0060419917086012
2024-09-01,99,-0.0202203888884234,-0.0192367406192204
2024-09-01,100,-0.0326664082205692,-0.0331271435614111
2024-09-01,101,-0.00880805874624802,-0.00675919493770394
2024-09-01,102,-0.00446085519263839,-0.00319175745289613
2024-09-01,103,-0.0203745233708208,-0.0204665711122463
2024-09-01,104,-0.0135653500798112,-0.0126600382957616
2024-09-01,105,-0.00364615116774836,-0.00253437533631384
2024-09-01,106,-0.0167961698049166,-0.0160701869051394
2024-09-01,107,-0.00177748877333972,-0.000787861615991758
2024-09-01,108,-0.0131035733120992,-0.0122332701874566
2024-09-01,109,0.00160933845742584,0.00222243466264249
2024-09-01,110,-0.0107030978279443,-0.00977880577076462
2024-09-01,111,-0.00413330721393113,-0.00344665376361242
2024-09-01,112,-0.00615043475156307,-0.00583141475505489
2024-09-01,113,0.00475852162335411,0.00556905828758225
2024-09-01,114,0.00466569872309819,0.00508550390204654
2024-09-01,115,-0.000288060289831193,0.000525190282951726
2024-09-01,116,-0.0147096564536966,-0.0154854992335025
2024-09-01,117,0.0132168304052529,0.014517456084544
2024-09-01,118,0.00810412639652736,0.00825735979677766
2024-09-01,119,-0.00528042512163829,-0.00630602338893205
2024-09-01,120,0.00521512194935347,0.00470321443922117
2024-09-01,121,-0.00356012670794303,-0.00418555579202184
2024-09-01,122,0.0085851373602015,0.00740004901847335
2024-09-01,123,0.00305632017725621,0.00227653268373906
2024-09-01,124,0.00789631358914367,0.00757137585651435
2024-09-01,125,0.000784800209791214,-0.000913994305150823
2024-09-01,126,0.00444695324820721,0.00349443473660749
2024-09-01,127,0.00671984796512426,0.00570301749608326
2024-09-01,128,0.00927385416686999,0.00821049134907526
2024-09-01,129,0.0131156261537138,0.0119424607536658
2024-09-01,130,-0.000833524284829856,-0.00287624159859767
2024-09-01,131,0.0214820968692564,0.0196779729336001
2024-09-01,132,0.00999904680874053,0.00831750778229257
2024-09-01,133,-0.00635864425150245,-0.00835882513811903
2024-09-01,134,0.0141752307080791,0.0127230286768256
2024-09-01,135,0.0133764833433894,0.0115929978000242
2024-09-01,136,0.0195399571750841,0.0174150555513624
2024-09-01,137,0.00226020088499634,-0.000820236757812509
2024-09-01,138,0.0098833793416695,0.00788482836231275
2024-09-01,139,0.0120841662395081,0.00977844399339922
2024-09-01,140,0.0155408772656109,0.0131951401867507
2024-09-01,141,0.0112960792967698,0.00800284974168797
2024-09-01,142,0.00555011038925279,0.00277926485227908
2024-09-01,143,0.0162139037436733,0.0131382341399551
2024-09-01,144,0.0151645124435484,0.0122878641207222
2024-09-02,2,0.00781154431566655,0.00667230011065456
2024-09-02,3,0.0193573667518567,0.0188238557079448
2024-09-02,4,0.0167960381508019,0.0163181609695489
2024-09-02,5,0.0222826962257727,0.0221019696040514
2024-09-02,6,0.0198251853782923,0.019389185492722
2024-09-02,7,0.0190938951872655,0.0192695206099831
2024-09-02,8,0.00577913204673308,0.00430204458136174
2024-09-02,9,0.0274267200560434,0.0265438800806237
2024-09-02,10,0.0299479178729243,0.034859597777924
2024-09-02,11,0.0260883249099262,0.0314529752614803
2024-09-02,12,0.0337248376217438,0.0396067023162949
2024-09-02,13,0.0457254657214232,0.0521727730394126
2024-09-02,14,0.0481546377738633,0.0536433624833261
2024-09-02,15,0.0310622984018378,0.0366675688209703
2024-09-02,16,0.0459975168781419,0.0528769359472836
2024-09-02,17,0.0505442393204936,0.0588180808392753
2024-09-02,18,0.0265994430651491,0.0324934335236549
2024-09-02,19,0.042893551658806,0.0497470265346571
2024-09-02,20,0.040376151912211,0.0462046390012105
2024-09-02,21,0.0378558577252477,0.0444350310403543
2024-09-02,22,0.0368338078329877,0.0426999056395037
2024-09-02,23,0.02783127389824,0.0337432751020295
2024-09-02,24,0.0451668801019993,0.0534742507738883
2024-09-02,25,0.0210008224772906,0.0271364333130126
2024-09-02,26,0.00791581635130978,0.01200761536853
2024-09-02,27,0.0156758405258239,0.0199635427859235
2024-09-02,28,0.0277888496399292,0.0333782500821318
2024-09-02,29,0.0182523859116772,0.0237958415558488
2024-09-02,30,0.0186472270120621,0.0217741796139705
2024-09-02,31,0.0138568953431433,0.0162478505562795
2024-09-02,32,0.0265377129109288,0.026549455725096
2024-09-02,33,-0.0128854003729524,-0.0119742447179192
2024-09-02,34,0.00655931895211115,0.00856036613630451
2024-09-02,35,0.00128777127397584,0.0026210169764429
2024-09-02,36,-0.00513757943412063,-0.00266454294901308
2024-09-02,37,-0.00996495676484166,-0.0101270327511003
2024-09-02,38,-0.00864576715657961,-0.00595816100401159
2024-09-02,39,-0.0209773193987601,-0.0181968196406697
2024-09-02,40,-0.0133101442412391,-0.0104493263067571
2024-09-02,41,-0.0138954644997336,-0.0120256216699737
2024-09-02,42,-0.020526236351829,-0.0196105682502896
2024-09-02,43,-0.0524910683648887,-0.0464312518906151
2024-09-02,44,0.0036242827401809,0.00567398644420614
2024-09-02,45,-0.00933588172322075,-0.008404751391895
2024-09-02,46,-0.0222043623750414,-0.0202789190119166
2024-09-02,47,-0.0699839580850883,-0.0655977580848379
2024-09-02,48,-0.0800323560909044,-0.0745582940141585
2024-09-02,49,-0.0510580066967146,-0.0468568628047557
2024-09-02,50,0.000871752106973211,0.00386720990965372
2024-09-02,51,0.0283253995681063,0.0215032651541218
2024-09-02,52,0.0314678291187915,0.0239413273544873
2024-09-02,53,0.024699894549518,0.017319152141015
2024-09-02,54,-0.0199162670514221,-0.0220500499292609
2024-09-02,55,-0.0232925505812842,-0.0240717863350621
2024-09-02,56,-0.0518484824983938,-0.0479224163799739
2024-09-02,57,-0.0176316059532233,-0.0139300602317363
2024-09-02,58,0.0110752178313422,0.0131758967131699
2024-09-02,59,0.0315094433937553,0.0303613019957911
2024-09-02,60,0.0510172843652015,0.0496567899567708
2024-09-02,61,0.0264357759246208,0.0214061657016913
2024-09-02,62,0.0272115479381343,0.0198853445255782
2024-09-02,63,0.0236814702937727,0.0191302165885645
2024-09-02,64,-0.0405369583795139,-0.0421460727999765
2024-09-02,65,0.0376024418421332,0.0357936735508293
2024-09-02,66,-0.00874608728168358,-0.00969143124763328
2024-09-02,67,-0.00264323582278703,-0.00392271816668277
2024-09-02,68,-0.0204011711702021,-0.0221727451539682
2024-09-02,69,-0.00577033478079958,-0.00621045059324032
2024-09-02,70,0.0227843889136095,0.0211624744089711
2024-09-02,71,0.00715473277949563,0.00532775596534663
2024-09-02,72,0.0141689752413869,0.0109962779275197
2024-09-02,73,-0.0126646395735364,-0.0170574141552802
2024-09-02,74,0.00375789382807223,0.000171651107150339
2024-09-02,75,-0.00864547234602497,-0.0119199289015217
2024-09-02,76,-0.0188487427849164,-0.0229198586874588
2024-09-02,77,-0.0125335083100087,-0.0179765966758367
2024-09-02,78,0.00217433661414734,-0.00333142333977143
2024-09-02,79,0.0273317374088267,0.0222200313728926
2024-09-02,80,-0.0115894051015788,-0.0160941511888257
2024-09-02,81,-0.00464801589886576,-0.00871092833491005
2024-09-02,82,-0.0189002416721422,-0.0230192088297798
2024-09-02,83,-0.0209806086307873,-0.0249403502289631
2024-09-02,84,-0.01214533092823,-0.0168868101827151
2024-09-02,85,0.00164335181157771,-0.00195539854988525
2024-09-02,86,-0.0180898160331981,-0.0222469490015893
2024-09-02,87,-0.0227805894790487,-0.0271195650886522
2024-09-02,88,-0.00400747452020855,-0.00543918569060864
2024-09-02,89,-0.0290696603494363,-0.0281207150271499
2024-09-02,90,-0.0231236232803411,-0.0223583304407349
2024-09-02,91,-0.02282413666821,-0.0209542794011126
2024-09-02,92,-0.0134796784589311,-0.0124465354089081
2024-09-02,93,-0.02129665420465,-0.020417426204034
2024-09-02,94,-0.0133080869079105,-0.012422893436856
2024-09-02,95,-0.00944951582803721,-0.00840331931913241
2024-09-02,96,-0.0237909816054893,-0.0245361730143943
2024-09-02,97,-0.0211052471608975,-0.0217220726975622
2024-09-02,98,-0.0128256614962732,-0.0132236632796108
2024-09-02,99,-0.00404046780891498,-0.00417081477688974
2024-09-02,100,-0.0184891023578935,-0.0197258138451009
2024-09-02,101,-0.0195626615855637,-0.0202806761007395
2024-09-02,102,-0.0198184178193905,-0.0214342673865549
2024-09-02,103,-0.0233386912206024,-0.0247593530639936
2024-09-02,104,-0.00396812269748725,-0.0048812661904698
2024-09-02,105,-0.0300139508584447,-0.0316456213065859
2024-09-02,106,-0.00894158273253876,-0.00903564961117631
2024-09-02,107,-0.0179563445944613,-0.0195005314874042
2024-09-02,108,-0.0122563298183209,-0.0135076146067483
2024-09-02,109,-0.0110573847250484,-0.0117393322735122
2024-09-02,110,-0.0170901095966673,-0.0183388600377263
2024-09-02,111,-0.00228152148977578,-0.00269502333680016
2024-09-02,112,-0.0150558126605063,-0.0159868944229054
2024-09-02,113,-0.00536433280962179,-0.00544568610578722
2024-09-02,114,-0.0188603285231883,-0.0198469625527053
2024-09-02,115,0.00212668071987743,0.00193857060623337
2024-09-02,116,-0.0150235839636679,-0.0160098119170282
2024-09-02,117,-0.00323358694132114,-0.00370447499650162
2024-09-02,118,-0.0143285621978899,-0.015648846899742
2024-09-02,119,-0.0105649160020542,-0.0110617691078829
2024-09-02,120,0.000780216419586921,0.00052340477336621
2024-09-02,121,0.00405848110542006,0.00296196517507319
2024-09-02,122,-0.00647549695597949,-0.00748104677930783
2024-09-02,123,-0.0102949338932561,-0.0113105933278028
2024-09-02,124,0.00417247739773696,0.00312239218204624
2024-09-02,125,-0.011070106330509,-0.011742020362556
2024-09-02,126,0.00107133814006843,-9.04152821767923e-06
2024-09-02,127,-0.0110232603745279,-0.0125839199162119
2024-09-02,128,-0.0121766452979593,-0.0141139188883894
2024-09-02,129,0.0190015801979238,0.0185162473450582
2024-09-02,130,-0.00194743454682733,-0.00247862930864429
2024-09-02,131,-0.00165054924528096,-0.0037246333615073
2024-09-02,132,0.00227633276686934,0.00146173589828358
2024-09-02,133,-0.00118354252531194,-0.00292106101391809
2024-09-02,134,0.000859354163027071,-0.000238887665659604
2024-09-02,135,-0.00452417624407619,-0.00686474788432534
2024-09-02,136,-0.00639818626189648,-0.00845304970337324
2024-09-02,137,-0.00600940792949167,-0.00867787850788737
2024-09-02,138,-0.00158337298464151,-0.00329742932755117
2024-09-02,139,-0.000937342293942045,-0.00301083972896166
2024-09-02,140,0.0117413418382339,0.010636995314254
2024-09-02,141,-0.00984325713059508,-0.0124044957399239
2024-09-02,142,0.00371394262183333,0.00173578954469811
2024-09-02,143,-0.00346010065171054,-0.00512957472154696
2024-09-02,144,0.00398128728690939,0.00229631662163499
2024-09-03,2,-0.00445506096959392,-0.00652122639947983
2024-09-03,3,0.00957442301293465,0.00873473441466288
2024-09-03,4,-0.0196625889363586,-0.0225436746919918
2024-09-03,5,0.01609051103034,0.0146064181472898
2024-09-03,6,-0.000912419044400536,-0.00236213599998081
2024-09-03,7,-0.00564427665052314,-0.00751022450560512
2024-09-03,8,-0.00932317174083686,-0.0118179692838325
2024-09-03,9,-0.0150267787711149,-0.0169349843817077
2024-09-03,10,-0.00513380802229246,-0.00523207591187891
2024-09-03,11,0.0162296920069718,0.0182037478154236
2024-09-03,12,-0.00565387491765268,-0.00452537909465711
2024-09-03,13,-0.00583268843490181,-0.00371109610514964
2024-09-03,14,0.0182034481249378,0.0205741475498833
2024-09-03,15,0.00712258878728811,0.00973185878064342
2024-09-03,16,0.0135014406132088,0.0156450327998492
2024-09-03,17,0.0234111932564964,0.0259872874371592
2024-09-03,18,0.0206632314953277,0.0232511805642979
2024-09-03,19,0.0250648259566004,0.0283244669592371
2024-09-03,20,0.0657626566844254,0.0684176214976073
2024-09-03,21,0.0664583533378575,0.0688061330161336
2024-09-03,22,-0.00250849040474943,0.000213427222334417
2024-09-03,23,0.0520094600831769,0.0553046778074862
2024-09-03,24,0.026027436184938,0.0293243851824396
2024-09-03,25,0.0586079245776681,0.0603231716711345
2024-09-03,26,0.0744177036806191,0.0765868404582406
2024-09-03,27,0.0329054863865323,0.0338298631881759
2024-09-03,28,0.0534362002101734,0.0531525933484023
2024-09-03,29,-0.0325042015849117,-0.0311560795580998
2024-09-03,30,-0.104096578423388,-0.0992419557481004
2024-09-03,31,-0.0197788674558268,-0.0159938265847046
2024-09-03,32,0.0669434648187988,0.0684202131426925
2024-09-03,33,-0.00240336529183516,-0.00160462992001698
2024-09-03,34,-0.00458340547469582,-0.00169197518433428
2024-09-03,35,0.025506332055758,0.0261075323102311
2024-09-03,36,0.0307580509672354,0.0317057022110241
2024-09-03,37,0.0367301266516984,0.0372746661920953
2024-09-03,38,-0.0121552510728673,-0.0104437646126012
2024-09-03,39,-0.0726018310988783,-0.0693951460823374
2024-09-03,40,0.0127066885684135,0.0155240839110267
2024-09-03,41,-0.072641748838361,-0.0701019723629202
2024-09-03,42,-0.129529410612879,-0.125648422967849
2024-09-03,43,-0.16311158095611,-0.159190391478306
2024-09-03,44,-0.127536673632084,-0.124284280208114
2024-09-03,45,-0.11475298689077,-0.111759993995454
2024-09-03,46,-0.0815190126066581,-0.0793752711943458
2024-09-03,47,0.0565831684504543,0.058603660749224
2024-09-03,48,0.0338343983242897,0.0342930690287915
2024-09-03,49,0.0699842186534276,0.0705083085304476
2024-09-03,50,0.0598688211989016,0.0598689670504378
2024-09-03,51,0.0732184945794154,0.0700986335140534
2024-09-03,52,0.0421657692415796,0.0385827448070302
2024-09-03,53,0.0393428300079961,0.0361030545654
2024-09-03,54,0.017897018515094,0.0147694534958269
2024-09-03,55,0.0188292810525148,0.0167039316153641
2024-09-03,56,0.0350787208997607,0.0332351080256483
2024-09-03,57,0.0406061414740808,0.0390619531035039
2024-09-03,58,0.00967252183703682,0.00871756496108134
2024-09-03,59,0.026929267994757,0.0263917859981806
2024-09-03,60,0.0475366908843027,0.0457197629830386
2024-09-03,61,-0.0128492111349763,-0.014450368472346
2024-09-03,62,0.0337157956803047,0.0318274985429792
2024-09-03,63,0.0427015348727569,0.0395510855406176
2024-09-03,64,0.022942914305581,0.0200481874136251
2024-09-03,65,-0.0248631068984935,-0.0268227233501506
2024-09-03,66,-0.0353360795832165,-0.0339706491463971
2024-09-03,67,0.0189964084314118,0.0192471760862514
2024-09-03,68,-0.0106004337077774,-0.00956587095783412
2024-09-03,69,-0.0184974623143495,-0.0178995854406487
2024-09-03,70,-0.0160258826434925,-0.0163402471747283
2024-09-03,71,-0.0239877594390823,-0.0241689739768844
2024-09-03,72,-0.00634800768402144,-0.00686696114122043
2024-09-03,73,0.0200860512866914,0.0203584551739322
2024-09-03,74,-0.0348830279872301,-0.0346679751143508
2024-09-03,75,-0.0386574470203112,-0.0389259285505297
2024-09-03,76,-0.0161116250633055,-0.0166952352914276
2024-09-03,77,-0.0199904189393374,-0.0207964444458426
2024-09-03,78,-0.0188617575262953,-0.0211209061345681
2024-09-03,79,-0.0340414843370347,-0.0369429664712317
2024-09-03,80,-0.0128946808985146,-0.0152276382594767
2024-09-03,81,-0.0188759042299536,-0.021216270708516
2024-09-03,82,-0.0335518047689201,-0.0371455867634545
2024-09-03,83,-0.0137444868182754,-0.0169363483570724
2024-09-03,84,-0.0337402343262694,-0.0365391588621033
2024-09-03,85,-0.0432566161485406,-0.0462665293962958
2024-09-03,86,-0.0265871620494007,-0.0298872430061099
2024-09-03,87,-0.0310482788766753,-0.0349284472290767
2024-09-03,88,-0.0283116115541433,-0.0291090896737032
2024-09-03,89,-0.038599254835995,-0.0395855401476961
2024-09-03,90,-0.020108988661216,-0.0198525694506424
2024-09-03,91,-0.00845044755153967,-0.00939571658501315
2024-09-03,92,-0.0287673046396582,-0.0291493514898935
2024-09-03,93,-0.0204525195731748,-0.0219949673336268
2024-09-03,94,-0.0266157148226944,-0.0274404202365375
2024-09-03,95,-0.0185612871574135,-0.0192858445800521
2024-09-03,96,-0.0143196748792116,-0.01504044220406
2024-09-03,97,-0.018198626002853,-0.0181992523043348
2024-09-03,98,-0.01669467660329,-0.0175077488956576
2024-09-03,99,0.00271765964147264,0.00321839660062206
2024-09-03,100,-0.0149375130366178,-0.0157773283895244
2024-09-03,101,0.00476891928498402,0.00508758358704053
2024-09-03,102,-0.0107396540848876,-0.0106206257255481
2024-09-03,103,-0.00996094390793623,-0.0102680183588548
2024-09-03,104,-0.00764706746047983,-0.00740015436644281
2024-09-03,105,0.0104389681076755,0.0112402795492592
2024-09-03,106,-0.00920801299194718,-0.00936268081888159
2024-09-03,107,0.00471748036335207,0.00528574094665757
2024-09-03,108,-0.00561980356270997,-0.00503017658543747
2024-09-03,109,0.00813976696373331,0.00827141213541971
2024-09-03,110,-0.00127237683286285,-0.00131561825462612
2024-09-03,111,0.00596772178019567,0.00592771847467688
2024-09-03,112,0.00528146871297519,0.00598638020902698
2024-09-03,113,0.00260638959314363,0.00314604924979456
2024-09-03,114,0.00338045291197187,0.00308673534597759
2024-09-03,115,0.00572299510040697,0.0058475188463678
2024-09-03,116,0.0119040068697682,0.0124037397738697
2024-09-03,117,0.00152348094482235,0.00125108170945687
2024-09-03,118,0.00436515664053161,0.00446203514488985
2024-09-03,119,0.00997689722246964,0.010626586693828
2024-09-03,120,0.0150185992740708,0.0148688915934656
2024-09-03,121,-0.000265313181544435,0.000358838087231916
2024-09-03,122,0.00376631972941777,0.00314707125655644
2024-09-03,123,0.0146522445123969,0.0146174983448528
2024-09-03,124,0.0155575063417421,0.0157474377783888
2024-09-03,125,0.00743804450152385,0.00764966976502635
2024-09-03,126,0.0055102308877677,0.00546460089391942
2024-09-03,127,0.00833395630893374,0.00826727505406311
2024-09-03,128,0.00307390192293777,0.00238062085370849
2024-09-03,129,0.024141137843575,0.0244171269823514
2024-09-03,130,0.0110369551224627,0.0109239915561226
2024-09-03,131,0.0218329255542313,0.0221180177408655
2024-09-03,132,0.0092149313663592,0.00912701963092921
2024-09-03,133,0.00827334108698974,0.00791699409221813
2024-09-03,134,0.0128055112335614,0.0118220769151556
2024-09-03,135,0.022331097563864,0.0227881035069633
2024-09-03,136,0.0045906899366086,0.00334800160521631
2024-09-03,137,0.0142292402551867,0.0133925434334561
2024-09-03,138,0.0173148356975394,0.0170927623280619
2024-09-03,139,0.0179289671932628,0.0174692388209561
2024-09-03,140,0.00570455453572905,0.00505221761276431
2024-09-03,141,0.00711575150580668,0.00639587289428256
2024-09-03,142,0.0292883156980599,0.0289650133933037
2024-09-03,143,0.00115995856084261,-0.000435962378423582
2024-09-03,144,0.00251725441749873,0.00112312987656793
2024-09-04,2,0.0130847855897986,0.0107126885038635
2024-09-04,3,0.00927434352988321,0.00833965270135018
2024-09-04,4,-0.000346668894729341,-0.00241624429544984
2024-09-04,5,0.0169546552820474,0.0158560513192363
2024-09-04,6,0.006432780776775,0.00371554544670971
2024-09-04,7,0.0139270931022883,0.0127859179602385
2024-09-04,8,0.00957195860777116,0.0077663126687888
2024-09-04,9,0.0133910054997983,0.0123612199372989
2024-09-04,10,0.00629258444247238,0.00889580356814612
2024-09-04,11,0.0062873482189012,0.010683758221262
2024-09-04,12,0.026513178481153,0.0313165454855096
2024-09-04,13,0.0133532415809769,0.0182728652382167
2024-09-04,14,0.0237986557413095,0.0278412770658498
2024-09-04,15,0.00502708601318602,0.00788801989236099
2024-09-04,16,0.0248875178735366,0.0296665040627211
2024-09-04,17,0.0466884393931366,0.05105329549583
2024-09-04,18,0.0075694956240584,0.0126415502437904
2024-09-04,19,0.0066741314974168,0.010785946733975
2024-09-04,20,0.0310295212045713,0.0352176942015934
2024-09-04,21,0.0203510328652623,0.0249298749725764
2024-09-04,22,-0.00436602295271005,-0.000608819383545622
2024-09-04,23,0.000112638084601713,0.00498567402795835
2024-09-04,24,0.033875006118735,0.0398509835900089
2024-09-04,25,0.0111269684666864,0.0129171448386902
2024-09-04,26,0.00186197519587505,0.00268523979332436
2024-09-04,27,0.0119093759807258,0.0137586008482771
2024-09-04,28,0.0101612199222041,0.013174373292884
2024-09-04,29,0.00158652651763003,0.00432604430409533
2024-09-04,30,0.00506273615949215,0.00719891840055631
2024-09-04,31,-0.0145695163144222,-0.0144867171290066
2024-09-04,32,0.0170128044751259,0.0168177677629622
2024-09-04,33,-0.00873527968126275,-0.00795626377016312
2024-09-04,34,-0.00240979430779387,-0.00230953663614208
2024-09-04,35,-0.0132728849711023,-0.0136257521082186
2024-09-04,36,0.0141685484528056,0.0131413433129399
2024-09-04,37,-0.00434247374905805,-0.00364151715027461
2024-09-04,38,-0.0128490983900127,-0.0124568594356731
2024-09-04,39,-0.00580433700434657,-0.00590224064980305
2024-09-04,40,0.0138360016114882,0.0125510218881697
2024-09-04,41,-0.00148067822681952,-0.00280185840251335
2024-09-04,42,-0.0155121099259583,-0.0150947426624146
2024-09-04,43,0.00744094705962262,0.00753937525037962
2024-09-04,44,0.0183107207781887,0.0185865467552144
2024-09-04,45,0.00862034739729101,0.00846226978689835
2024-09-04,46,-0.0225901911248689,-0.0210761267267472
2024-09-04,47,0.0369241733715304,0.0342733092808842
2024-09-04,48,-0.0127979494696611,-0.0136528469417865
2024-09-04,49,-0.0656206610045489,-0.0590636955996562
2024-09-04,50,-0.0467578966406119,-0.0421928546239005
2024-09-04,51,0.00629963930686017,0.00968518913170335
2024-09-04,52,-0.0577328936217691,-0.051803547294778
2024-09-04,53,0.0435028107122992,0.0402400710248898
2024-09-04,54,0.00480062659338376,-0.000274112147815586
2024-09-04,55,-0.0332494276329349,-0.0330694354492049
2024-09-04,56,-0.0198719780972922,-0.0166120004196966
2024-09-04,57,0.0177112483043302,0.0188429030613708
2024-09-04,58,0.0158207162141339,0.0156250597685901
2024-09-04,59,0.01635718528102,0.0153597708934985
2024-09-04,60,0.0632793843631889,0.0572171331819362
2024-09-04,61,0.034196516077861,0.0299906719858747
2024-09-04,62,-0.025364060002186,-0.0203550085463107
2024-09-04,63,0.0756959830914221,0.0732959091973875
2024-09-04,64,0.0259224663147855,0.0226628192517566
2024-09-04,65,-0.0513892168446191,-0.0476696801390055
2024-09-04,66,0.000403233009555137,0.000924922957519669
2024-09-04,67,-0.0196260894579376,-0.0206210543272398
2024-09-04,68,0.0037677383748802,0.0023691134908681
2024-09-04,69,-0.056900700284161,-0.0567835869910311
2024-09-04,70,-0.0159594572428716,-0.0195033886010965
2024-09-04,71,-0.0368896213633425,-0.0369821290589112
2024-09-04,72,-0.0311524588802188,-0.0337436827990452
2024-09-04,73,-0.0103118660030876,-0.0148371820802762
2024-09-04,74,-0.0103741035969191,-0.013610910321681
2024-09-04,75,-0.000287849368136861,-0.00304069719401845
2024-09-04,76,0.0201132074487758,0.0184006222364914
2024-09-04,77,0.0302275382048425,0.0286089137717038
2024-09-04,78,0.0292259390918996,0.0292887176551861
2024-09-04,79,-0.0179281979255563,-0.0168720129356217
2024-09-04,80,-0.0114589122547306,-0.0123812478790661
2024-09-04,81,-0.00235506260477081,-0.0047533770596484
2024-09-04,82,-0.017961914365487,-0.0202836542139391
2024-09-04,83,0.00155139355608025,-0.00190540910280568
2024-09-04,84,-0.000563343290500562,-0.00329817547323863
2024-09-04,85,-0.0202734787965175,-0.0242095767770998
2024-09-04,86,-0.0102010100556287,-0.013224870050581
2024-09-04,87,-0.0165522732384025,-0.0202807057705527
2024-09-04,88,-0.0202514695500917,-0.0172895866826552
2024-09-04,89,-0.0275608588083704,-0.0248531637950187
2024-09-04,90,-0.027772247480276,-0.0269128812161838
2024-09-04,91,-0.0205603567067323,-0.0201474237705792
2024-09-04,92,-0.0446898241957494,-0.0464245191414578
2024-09-04,93,-0.0278072976989967,-0.0282466540571527
2024-09-04,94,-0.0363605781922787,-0.038278665383606
2024-09-04,95,-0.0188230015655675,-0.0196333028184004
2024-09-04,96,-0.0253923348922842,-0.027217664420907
2024-09-04,97,-0.0143944517883838,-0.0154614033818463
2024-09-04,98,-0.0263687114790545,-0.0276563803777456
2024-09-04,99,-0.0200974492335058,-0.0216605700132346
2024-09-04,100,-0.0164404452703111,-0.017741080012903
2024-09-04,101,-0.00968050883617222,-0.0112676893870152
2024-09-04,102,-0.011344399230679,-0.0130315843668702
2024-09-04,103,-0.0188780866716032,-0.020439498535163
2024-09-04,104,-0.0109825735131768,-0.0119670894910353
2024-09-04,105,-0.00689068264465842,-0.00816666367839503
2024-09-04,106,-0.018855988220202,-0.0202867477240662
2024-09-04,107,-0.00643921384209367,-0.00733973432276613
2024-09-04,108,-0.0121500526948761,-0.0139120850934553
2024-09-04,109,-0.0144925086560725,-0.0162708697758962
2024-09-04,110,0.00247682451710141,0.00270773179411776
2024-09-04,111,-0.0160222558134571,-0.0182669079445912
2024-09-04,112,-0.0102039353719832,-0.0115307864457375
2024-09-04,113,0.011978704199584,0.0126641284283586
2024-09-04,114,-0.0066712966985385,-0.00693471826857106
2024-09-04,115,0.0097016605897311,0.00865058392844276
2024-09-04,116,-0.0101214207009326,-0.0102996853715034
2024-09-04,117,0.00210756418595537,0.000972436214816241
2024-09-04,118,-0.00878077779655406,-0.00900089566540352
2024-09-04,119,0.00894581176609055,0.00848752606898273
2024-09-04,120,-0.00725448627598357,-0.00775645178924478
2024-09-04,121,0.00146698227622366,9.70415321646101e-05
2024-09-04,122,0.00919424955311499,0.00972756472606484
2024-09-04,123,-0.00379597223864003,-0.00485106823031423
2024-09-04,124,0.00235358827095666,0.00195562435510332
2024-09-04,125,0.00819373347444596,0.00747261994571069
2024-09-04,126,0.0149706754825312,0.0154729433282252
2024-09-04,127,0.010229153514576,0.0105916873591205
2024-09-04,128,0.0133687292842781,0.014522166060086
2024-09-04,129,-0.0105198580809525,-0.0117700123381983
2024-09-04,130,0.02098494011332,0.0218558040798928
2024-09-04,131,0.0153681710468883,0.0154720273349938
2024-09-04,132,0.00601327213990999,0.00628621316105971
2024-09-04,133,0.0192248352424702,0.0197199323879342
2024-09-04,134,0.00332635761528088,0.00374482672884469
2024-09-04,135,0.0167938888806596,0.0162140018595576
2024-09-04,136,0.0115128192492477,0.0115349023519187
2024-09-04,137,0.000512470282281186,0.000924692575491548
2024-09-04,138,0.0430901658418268,0.0434927632349158
2024-09-04,139,0.0114100577332108,0.0122959760858894
2024-09-04,140,0.0149619857989318,0.0153020036471716
2024-09-04,141,0.00191797678568939,0.00157043683588398
2024-09-04,142,0.0208261146915856,0.0216417074999029
2024-09-04,143,0.00894300152205307,0.00870851597963274
2024-09-04,144,0.0253008009428166,0.0260820230689784
2024-09-05,2,0.0133366870847729,0.00983316387734945
2024-09-05,3,0.0107267054222495,0.0077848869212076
2024-09-05,4,0.0318318069281593,0.0289021455800924
2024-09-05,5,0.0153255337661768,0.0119755017045335
2024-09-05,6,0.0228342975295304,0.0197321789242917
2024-09-05,7,0.0257278676529049,0.0223065381636172
2024-09-05,8,0.00648975688774556,0.00243160084187366
2024-09-05,9,0.0358104004402611,0.0332222813626988
2024-09-05,10,0.0245418658796694,0.0229328656502208
2024-09-05,11,0.0441730115997014,0.0472725493087385
2024-09-05,12,0.0150331952891909,0.0179703362869343
2024-09-05,13,0.0399509457783642,0.0437912804963112
2024-09-05,14,0.0350094811657202,0.0395292948357238
2024-09-05,15,0.0388615908990744,0.0447341105893155
2024-09-05,16,0.0200722062309726,0.0251076368341465
2024-09-05,17,0.0120040442708547,0.0175185041638297
2024-09-05,18,0.0272860678098512,0.0344712781372962
2024-09-05,19,0.00282031400335914,0.0100183182280791
2024-09-05,20,0.0337713578927756,0.0409644724507015
2024-09-05,21,0.0153974683491214,0.0231630442803485
2024-09-05,22,0.0210527498423687,0.0297435490376099
2024-09-05,23,0.0184350454889985,0.0280387790802585
2024-09-05,24,0.000873121408064392,0.00882486617158129
2024-09-05,25,0.0144718762251834,0.0213407936951313
2024-09-05,26,0.0398595776424537,0.0452710406551056
2024-09-05,27,0.0183018023471826,0.0249441941429165
2024-09-05,28,0.0161203135457191,0.0221261909981809
2024-09-05,29,-0.0130006724482641,-0.00840665635131899
2024-09-05,30,0.00466386189098156,0.00928816148600475
2024-09-05,31,-0.00688221096750663,-0.00328850196736141
2024-09-05,32,0.0245515365402991,0.0283416720361505
2024-09-05,33,-0.0200453201354129,-0.016925735536228
2024-09-05,34,0.00881175231683695,0.0105548178151107
2024-09-05,35,-0.0189317302787746,-0.0166015703315185
2024-09-05,36,0.023747683146091,0.0261760806335634
2024-09-05,37,-0.0079886419618127,-0.00598063657166925
2024-09-05,38,-0.029509475190757,-0.0272274993846846
2024-09-05,39,0.012353513068776,0.0141031961228251
2024-09-05,40,0.00774290336591132,0.00828477836499708
2024-09-05,41,0.00929835836213755,0.00999593003238886
2024-09-05,42,-0.0350397082417517,-0.0349190033998799
2024-09-05,43,-0.00241082236948298,-0.00159256841702593
2024-09-05,44,0.0275991963065856,0.0284753541532137
2024-09-05,45,0.00546254010414504,0.00552101502839797
2024-09-05,46,-0.0366456177318248,-0.0362735448904896
2024-09-05,47,0.012373827431575,0.0128339887646192
2024-09-05,48,0.0258258809226124,0.0261638208190913
2024-09-05,49,0.0107250119365556,0.0109184532128577
2024-09-05,50,-0.00013113720118163,-0.00158506840631567
2024-09-05,51,-0.0143275641936,-0.0149132736790776
2024-09-05,52,0.00358331779890442,0.00252639052580506
2024-09-05,53,0.00759485627827239,0.00643615726950841
2024-09-05,54,0.0049401128015365,0.00368045500839109
2024-09-05,55,0.0195041580017987,0.0181184677861417
2024-09-05,56,0.00902474394507191,0.0076271345657517
2024-09-05,57,0.0128921393794812,0.0116494414567008
2024-09-05,58,0.0315871989901186,0.0298488464475053
2024-09-05,59,0.0158052736846415,0.0130279350598563
2024-09-05,60,0.0232819927806718,0.0215075300715206
2024-09-05,61,0.0307314468388684,0.0289878042738696
2024-09-05,62,0.0137853663959744,0.0102148942118863
2024-09-05,63,0.00639961733915495,0.00438568641504666
2024-09-05,64,0.0164648882013596,0.014956402483195
2024-09-05,65,0.0293965374757139,0.0271822039068574
2024-09-05,66,-0.0230287664438,-0.0258725296605036
2024-09-05,67,0.0338279375046797,0.0331939979519138
2024-09-05,68,-0.135919529297754,-0.135557819319153
2024-09-05,69,-0.0638441023081713,-0.0641125050008
2024-09-05,70,-0.0250211134108458,-0.0252656665253301
2024-09-05,71,-0.0370166894317032,-0.0391316532268533
2024-09-05,72,-0.0228842165673608,-0.0235995102555293
2024-09-05,73,-0.0669556162529013,-0.068758164205299
2024-09-05,74,-0.0474429750410357,-0.0476368763913637
2024-09-05,75,-0.0459600282725665,-0.047280551314465
2024-09-05,76,-0.0399792020925416,-0.0412582348159569
2024-09-05,77,-0.0310900935837757,-0.0331580500416084
2024-09-05,78,-0.0295783824799454,-0.0330344670252796
2024-09-05,79,-0.0119974897052044,-0.0150651069304857
2024-09-05,80,-0.0433132386080466,-0.0482711223897612
2024-09-05,81,-0.0129212816098434,-0.0174258902124818
2024-09-05,82,-0.0114565764737624,-0.0159602510598154
2024-09-05,83,-0.0216699537846505,-0.0273776851913761
2024-09-05,84,-0.00463577160602702,-0.0104401808963486
2024-09-05,85,-0.0223772619635034,-0.0281493642210444
2024-09-05,86,-0.0113136950718999,-0.0178594156387053
2024-09-05,87,-0.00255741981055513,-0.00830719280667847
2024-09-05,88,-0.0309443913659924,-0.0335485827789634
2024-09-05,89,-0.0320129019917208,-0.0330904124645848
2024-09-05,90,-0.0390954938083943,-0.0405995243532464
2024-09-05,91,-0.016369016363091,-0.0165855320821882
2024-09-05,92,-0.027680695883908,-0.0285697019867142
2024-09-05,93,-0.02267692820319,-0.0214384702752728
2024-09-05,94,-0.0250366026320448,-0.0255756301325674
2024-09-05,95,-0.0237014307024679,-0.023039896959502
2024-09-05,96,-0.0187608624773099,-0.0179519111583266
2024-09-05,97,-0.00985454378897765,-0.00876742545606035
2024-09-05,98,-0.0135502274385821,-0.0132587896986838
2024-09-05,99,-0.0203823723023668,-0.0198652253200828
2024-09-05,100,-0.0213899388899637,-0.0208408051924236
2024-09-05,101,-0.0101228454807396,-0.00981579946059075
2024-09-05,102,-0.0141821936833741,-0.0136670491278812
2024-09-05,103,-0.0185510351533749,-0.0185938960164256
2024-09-05,104,-0.00926381762855177,-0.00881919755715899
2024-09-05,105,-0.0198593987809508,-0.0199732219587716
2024-09-05,106,-0.000695471824686322,-0.000560090159788196
2024-09-05,107,-0.0262218601339841,-0.0262985696076949
2024-09-05,108,0.00757174880087774,0.00865420830694497
2024-09-05,109,-0.00355805979796608,-0.00271114793689087
2024-09-05,110,-0.00678553720538133,-0.0062240776846032
2024-09-05,111,0.00983535177416339,0.010856684286372
2024-09-05,112,-0.00839067691495998,-0.00798729673431886
2024-09-05,113,0.00848786459027728,0.00940618804392379
2024-09-05,114,-0.00225784535931872,-0.00198817097161097
2024-09-05,115,0.00212060425821914,0.00312073933830348
2024-09-05,116,0.017517198650288,0.0182050795921143
2024-09-05,117,0.00820294495022544,0.00877036495309902
2024-09-05,118,0.00447439766061919,0.00446355068885751
2024-09-05,119,0.00322722954185295,0.00284709483084988
2024-09-05,120,-0.00161413575511915,-0.00278177094962473
2024-09-05,121,0.0113038828114229,0.011398213902277
2024-09-05,122,-0.00159405693062098,-0.00264953812027358
2024-09-05,123,0.0141303265711086,0.014093869228029
2024-09-05,124,0.00779684135230152,0.00532502614607466
2024-09-05,125,0.000323611163695503,-0.000667643271379248
2024-09-05,126,-0.00114792726622603,-0.0024007882132544
2024-09-05,127,0.0169766301188776,0.0159700667691567
2024-09-05,128,-0.00698030684132434,-0.00917723605641108
2024-09-05,129,0.0223591121592239,0.0217826552420171
2024-09-05,130,0.00301872572519457,0.00179930672994466
2024-09-05,131,0.00987952317235585,0.00811369189241518
2024-09-05,132,0.0117815970211357,0.00992853653050396
2024-09-05,133,0.00307497169820969,0.00091700880284229
2024-09-05,134,0.0190596576831252,0.0176809544427137
2024-09-05,135,0.0070704028653088,0.00507142751061807
2024-09-05,136,0.0134445188140333,0.011978418256744
2024-09-05,137,0.0173431289478589,0.0153022955619591
2024-09-05,138,0.0156999266403721,0.0135429445407809
2024-09-05,139,-0.00314196362127994,-0.00563994399854195
2024-09-05,140,0.0130725218460714,0.0106520332766458
2024-09-05,141,0.00991873439612423,0.00741982103883743
2024-09-05,142,0.0196183984177738,0.0176107590232437
2024-09-05,143,0.0129915877941595,0.010642125858503
2024-09-05,144,0.0100700301234395,0.0068074303420218
2024-09-06,2,0.0335155755285852,0.032538767633941
2024-09-06,3,0.0132666192637085,0.0125901938707376
2024-09-06,4,-0.00073896859231315,-0.0021105743871388
2024-09-06,5,0.0349378472622091,0.0335989140659034
2024-09-06,6,0.0180345445893435,0.017030568944751
2024-09-06,7,0.0174034448386591,0.0172499811941176
2024-09-06,8,0.0223431843587045,0.0214679685943597
2024-09-06,9,0.0172603107259581,0.0161478621665729
2024-09-06,10,0.0467940637823592,0.0481706587640272
2024-09-06,11,0.0195635762084736,0.024514531942831
2024-09-06,12,0.0242269961739261,0.0294586748222372
2024-09-06,13,0.0316292009030503,0.0366171304076239
2024-09-06,14,0.0279587790571973,0.0337723881562919
2024-09-06,15,0.0251300898699558,0.0311346750862427
2024-09-06,16,0.029520125451743,0.0344642642467612
2024-09-06,17,0.012876515739876,0.0191008622700615
2024-09-06,18,0.0304604293794268,0.0363566205995394
2024-09-06,19,0.00802638489475793,0.0132922716079005
2024-09-06,20,0.031714883008152,0.0377897284261017
2024-09-06,21,0.0176027481129442,0.0227469731577497
2024-09-06,22,0.0267155643257997,0.0327774173581687
2024-09-06,23,0.0232142392574435,0.0287025573262305
2024-09-06,24,0.00114256220591624,0.00602789800517911
2024-09-06,25,0.0315557533319941,0.0368895288550934
2024-09-06,26,0.0182510151583202,0.0204571698657112
2024-09-06,27,0.0212699698021002,0.0240993873731217
2024-09-06,28,0.0070822239766084,0.00978542994172749
2024-09-06,29,0.0014567432359156,0.00351257387950099
2024-09-06,30,2.46934753507233e-05,0.00307731560569735
2024-09-06,31,-0.00424102004991234,-0.00337019827094842
2024-09-06,32,0.0302125397354711,0.0317263220012176
2024-09-06,33,-0.0104445845030643,-0.00934909337814105
2024-09-06,34,-0.0179822898937934,-0.0178118643351475
2024-09-06,35,0.0294928535778016,0.031408298767877
2024-09-06,36,-0.00365272592823551,-0.00332528255095887
2024-09-06,37,-0.00815185252752126,-0.00733719497804408
2024-09-06,38,-0.00749244977890839,-0.00671317701618612
2024-09-06,39,0.0151887521619107,0.0159636828502911
2024-09-06,40,-0.00832669020895072,-0.00968523768124641
2024-09-06,41,0.00389760434389963,0.00419123932352861
2024-09-06,42,-0.0253108026470326,-0.0256451829108837
2024-09-06,43,-0.011572259925968,-0.0112399660529761
2024-09-06,44,0.0435375022160809,0.0419850289459021
2024-09-06,45,0.0167535304000941,0.0162299419838927
2024-09-06,46,-0.0187864621793867,-0.0203080321383204
2024-09-06,47,0.0287824025459722,0.0282130900927626
2024-09-06,48,0.017878016828595,0.0172607738588564
2024-09-06,49,-0.156293684843763,-0.149420104138612
2024-09-06,50,0.0339329730713462,0.0339202919512669
2024-09-06,51,-0.0536639714504883,-0.0550337390780342
2024-09-06,52,-0.109610220140842,-0.107616239832163
2024-09-06,53,-0.0771303455797003,-0.0755948134648143
2024-09-06,54,-0.0485750650826304,-0.049261678539791
2024-09-06,55,-0.0598256590028541,-0.0597069348123433
2024-09-06,56,0.0521594296386088,0.0483159317143187
2024-09-06,57,0.0499554337361356,0.0446262342901367
2024-09-06,58,0.0349197567153032,0.0314365367567824
2024-09-06,59,-0.0558703911695515,-0.0554009192472336
2024-09-06,60,0.0314963530583379,0.0318989619347541
2024-09-06,61,0.0713905502297765,0.0696732433818106
2024-09-06,62,0.0598121174228288,0.0567057626374776
2024-09-06,63,0.033224626563122,0.0338502901840485
2024-09-06,64,0.0191522317517654,0.017976175922513
2024-09-06,65,0.0271611514104455,0.0265948436568522
2024-09-06,66,-0.0152525797200855,-0.0161019161814302
2024-09-06,67,-0.0305539470365668,-0.0279470425101458
2024-09-06,68,-0.00738795179629115,-0.00705136258697792
2024-09-06,69,0.00113745358049933,0.000538501199555341
2024-09-06,70,0.00270911494522963,-8.49151633612877e-05
2024-09-06,71,0.0269326466426163,0.0234677418168268
2024-09-06,72,0.00296317625867371,0.000919341719566091
2024-09-06,73,0.0137909446971944,0.0115762494488507
2024-09-06,74,0.00790155360100631,0.00536003305616717
2024-09-06,75,0.0214045572858259,0.0199148541356386
2024-09-06,76,-0.0102542571097253,-0.0120186671187668
2024-09-06,77,0.015648591587162,0.0138079236830002
2024-09-06,78,0.00226418791166605,0.000117631834227083
2024-09-06,79,-0.0199474508344721,-0.0211828657788597
2024-09-06,80,-0.00350974394303805,-0.00547281685302714
2024-09-06,81,-0.0165781152610425,-0.0192985051104309
2024-09-06,82,-0.00311919370233138,-0.00587198738806194
2024-09-06,83,-0.0170650566446131,-0.0205026912277493
2024-09-06,84,-0.0141275487714423,-0.017214347011282
2024-09-06,85,-0.0220255003183913,-0.0274596827099955
2024-09-06,86,0.00375112814268475,-1.28029619146375e-05
2024-09-06,87,-0.037805233736818,-0.0411247464926863
2024-09-06,88,-0.0220344190252741,-0.0217802692450562
2024-09-06,89,-0.0362057845002504,-0.035635255172985
2024-09-06,90,-0.0308251473227434,-0.0296356961651529
2024-09-06,91,-0.0271333962108855,-0.0271435865565923
2024-09-06,92,-0.0301121373472473,-0.0299542118389269
2024-09-06,93,-0.0254509782721186,-0.0258843237859825
2024-09-06,94,-0.0247499405658584,-0.0248776811481637
2024-09-06,95,-0.0156195847203908,-0.0156796002964859
2024-09-06,96,-0.0151380372237298,-0.0155272564054911
2024-09-06,97,-0.0147485802304335,-0.014940623510002
2024-09-06,98,-0.0309487827081294,-0.0324487938109597
2024-09-06,99,-0.00931933951293029,-0.0097369952907318
2024-09-06,100,-0.0176505223682009,-0.0188160370458634
2024-09-06,101,-0.0272254364221585,-0.0289121557188201
2024-09-06,102,-0.0205065186418572,-0.0223122882530964
2024-09-06,103,-0.0206614434195616,-0.0232548080532426
2024-09-06,104,-0.0190234258788968,-0.0205532786565596
2024-09-06,105,-0.0128183678910672,-0.013610373403341
2024-09-06,106,-0.0206675196413211,-0.0222369150860837
2024-09-06,107,-0.0155305337638239,-0.0176807344099501
2024-09-06,108,-0.0226084260338815,-0.0236726483957339
2024-09-06,109,-0.00387628036272858,-0.00505756316967343
2024-09-06,110,-0.0153216450516087,-0.0168799519832961
2024-09-06,111,-0.00634260173907197,-0.00768327778328803
2024-09-06,112,-0.0148835711293431,-0.016154899976037
2024-09-06,113,-0.0123768480494899,-0.0134122973555559
2024-09-06,114,-0.0116271242514454,-0.0124714048233621
2024-09-06,115,0.00075496618297688,-0.000629772257742189
2024-09-06,116,-0.00540516454085793,-0.00614521346251173
2024-09-06,117,-0.0151161389116234,-0.0166680805931154
2024-09-06,118,0.00455292983586197,0.00372874541691992
2024-09-06,119,-0.00486327831242939,-0.00609661575459519
2024-09-06,120,-0.00796005485147866,-0.00946257244029702
2024-09-06,121,-0.00153670641695935,-0.00222763400864778
2024-09-06,122,0.00198424791251739,0.00130633557175663
2024-09-06,123,-0.0114865842284839,-0.0126855102040331
2024-09-06,124,0.011554578441161,0.0113274362710811
2024-09-06,125,-0.00485221749588138,-0.00657956715987673
2024-09-06,126,0.0106600376109753,0.0108394048363767
2024-09-06,127,0.00220253568725326,0.00100581390184473
2024-09-06,128,-0.000850113383023654,-0.00117130783596942
2024-09-06,129,0.00988130665783427,0.00918743155407142
2024-09-06,130,0.00355880002836795,0.00267315463291062
2024-09-06,131,-0.00101775950536798,-0.00192343629272251
2024-09-06,132,0.010511845650699,0.0106332042395305
2024-09-06,133,0.00837472225974434,0.00712985737472316
2024-09-06,134,0.0135116157785715,0.013422224166634
2024-09-06,135,0.0061961217289701,0.00531795868324991
2024-09-06,136,0.0033696558510643,0.00157282536730108
2024-09-06,137,0.00157189869225682,0.000134407486340749
2024-09-06,138,0.0196562016010526,0.0189634280487834
2024-09-06,139,0.00140754205268134,3.19986930747973e-05
2024-09-06,140,0.0324121959027597,0.0315012740530136
2024-09-06,141,-0.00588511988017615,-0.00743279001441799
2024-09-06,142,0.0136588498890537,0.0125634747831516
2024-09-06,143,0.0215531334910652,0.0204464960388151
2024-09-06,144,0.0017609022720162,0.000462717025916604
2024-09-07,2,0.00620051266595212,0.00435896299327787
2024-09-07,3,0.0206387980918068,0.0196112740376613
2024-09-07,4,0.0142610778600236,0.0123358899539525
2024-09-07,5,0.00526900106471206,0.00276071600206507
2024-09-07,6,0.0203841765500146,0.0192833416601417
2024-09-07,7,0.0212451583597835,0.019792963728797
2024-09-07,8,0.0223300426979325,0.0205831744231002
2024-09-07,9,0.00930004215338975,0.00664368280667382
2024-09-07,10,0.0364659812118617,0.0364171690639825
2024-09-07,11,0.0274260356746687,0.0319069935729495
2024-09-07,12,0.0265875490485232,0.0324774537471519
2024-09-07,13,0.0355390794035024,0.0405829217316
2024-09-07,14,0.0305375163052313,0.0366796694265936
2024-09-07,15,0.0280145360224004,0.0336452947005483
2024-09-07,16,0.0290137155480412,0.0354510701955295
2024-09-07,17,0.0361674367002447,0.0433251590841337
2024-09-07,18,0.0398574362924622,0.0472515491284486
2024-09-07,19,0.0264493868744458,0.0340731523192357
2024-09-07,20,0.0224461255168631,0.0292389294757207
2024-09-07,21,0.027973399008502,0.0352532938202597
2024-09-07,22,0.00780673444886126,0.0161768517545866
2024-09-07,23,0.0230090472217945,0.0317282995700179
2024-09-07,24,0.00839980750772806,0.0158745337580068
2024-09-07,25,0.0106940589065792,0.0175673721485872
2024-09-07,26,0.0167195632477952,0.0226546129848533
2024-09-07,27,0.012449041920565,0.0178493994889362
2024-09-07,28,0.0113112584387434,0.017042783814853
2024-09-07,29,-0.0148791667506396,-0.010154180414979
2024-09-07,30,-0.00735891652618115,-0.00309286045870749
2024-09-07,31,-0.00599497509763669,-0.00213420241914264
2024-09-07,32,-0.0112232074681655,-0.00851471999901143
2024-09-07,33,-0.0158130230665519,-0.012677890655068
2024-09-07,34,-0.0285333700635695,-0.0269554429613716
2024-09-07,35,-0.0120571897151418,-0.00967228601377101
2024-09-07,36,0.007974403830314,0.0103974719833761
2024-09-07,37,-0.024310056625918,-0.0227332925947348
2024-09-07,38,-0.0380432570616742,-0.036515655626177
2024-09-07,39,0.00546134309817248,0.00659777687446095
2024-09-07,40,-0.0170961529120355,-0.0150470765458248
2024-09-07,41,-0.0264744632727636,-0.0267988147593172
2024-09-07,42,-0.0262353528965429,-0.0250755738416117
2024-09-07,43,-0.0111279806478715,-0.0108175770488685
2024-09-07,44,0.022986956045556,0.0234903820409755
2024-09-07,45,-0.003632296803187,-0.00436742561358727
2024-09-07,46,-0.0361983482542181,-0.0367706467809619
2024-09-07,47,-0.0775000005487421,-0.0761371303607632
2024-09-07,48,-0.0164300634921073,-0.0116680525225767
2024-09-07,49,0.0408177151405562,0.0384107503369862
2024-09-07,50,-0.00148198617149831,-0.00481183514894035
2024-09-07,51,-0.00837566661633726,-0.00958983946364356
2024-09-07,52,-0.00902279654078519,-0.00930409267768617
2024-09-07,53,0.0313578440989719,0.0297069724831349
2024-09-07,54,0.00325954585359156,-0.00258890585061167
2024-09-07,55,0.0157875285613764,0.0123098014564675
2024-09-07,56,0.0131840530769924,0.00932099118495522
2024-09-07,57,0.0207865079320264,0.0192939915429111
2024-09-07,58,0.0104133501195252,0.00788377436965781
2024-09-07,59,0.0235379251464725,0.0229905025902095
2024-09-07,60,0.0132510040334664,0.00953807128529505
2024-09-07,61,0.0418109955079347,0.0394526049393686
2024-09-07,62,0.0362882262714077,0.0359180602055513
2024-09-07,63,0.0391907319089775,0.0407574890229228
2024-09-07,64,0.014616482547992,0.0151119407893674
2024-09-07,65,0.0473843695160969,0.0488503516868839
2024-09-07,66,-0.00059249706919573,9.13386960359475e-05
2024-09-07,67,0.0215771950873691,0.0229403794872329
2024-09-07,68,-0.0362625062077404,-0.0348987312809523
2024-09-07,69,-0.00222137908680864,-0.00274701891465057
2024-09-07,70,-0.0130229140890723,-0.0140731584177427
2024-09-07,71,0.00655640301247029,0.00641829174818298
2024-09-07,72,-0.0227415620364191,-0.0239113150230885
2024-09-07,73,-0.0561111228185602,-0.0586589810249496
2024-09-07,74,-0.01724575569005,-0.0204674985056741
2024-09-07,75,-0.0171964435521277,-0.0214622726576668
2024-09-07,76,0.0035122093557467,-0.00181918303180417
2024-09-07,77,-0.00815978026266606,-0.0139983120818599
2024-09-07,78,-0.0169575341624979,-0.0218643145622508
2024-09-07,79,-0.0194788415720595,-0.0246113383455473
2024-09-07,80,-0.0279409084747151,-0.0327305816702612
2024-09-07,81,-0.0371075801947844,-0.0426273349073671
2024-09-07,82,-0.0205349610703958,-0.0262164370594302
2024-09-07,83,-0.032220852540406,-0.0383185686011256
2024-09-07,84,-0.0206370566481109,-0.0253334304498489
2024-09-07,85,-0.021693494630719,-0.0262863812631657
2024-09-07,86,-0.0247694578998763,-0.029585898614565
2024-09-07,87,-0.0233732221293232,-0.0252678248543194
2024-09-07,88,-0.0208577736817221,-0.018874577984624
2024-09-07,89,-0.0134530129324379,-0.0114655662237029
2024-09-07,90,-0.0231055400804543,-0.0207254609692304
2024-09-07,91,-0.0151066434433682,-0.0132652458463562
2024-09-07,92,-0.0241346759101511,-0.0231507201981298
2024-09-07,93,-0.00962011066447044,-0.0084506728965712
2024-09-07,94,-0.0120485983256993,-0.0109320195749119
2024-09-07,95,-0.0131106882021945,-0.0117552374643202
2024-09-07,96,-0.0127047633765724,-0.011910568931035
2024-09-07,97,-0.00740373503696157,-0.00639344017927357
2024-09-07,98,-0.00911066226283008,-0.00817193604038202
2024-09-07,99,-0.0109549626625962,-0.0102640175943911
2024-09-07,100,0.000626094077543105,0.00151700023202039
2024-09-07,101,0.0023639380362539,0.0040047454252452
2024-09-07,102,-0.00451441070678804,-0.00416873204860302
2024-09-07,103,-0.00464630482376549,-0.00357207151950689
2024-09-07,104,-0.00580758130910031,-0.00477339807458321
2024-09-07,105,-0.000659882119194322,-0.000180073090902511
2024-09-07,106,0.00224451833028816,0.00269188727309455
2024-09-07,107,-0.0094860251005624,-0.0101205792750605
2024-09-07,108,-0.00626020107100977,-0.00614599311544417
2024-09-07,109,0.002349151336972,0.0016482601108283
2024-09-07,110,-0.0118219530129018,-0.0124871773027539
2024-09-07,111,0.00424721601542366,0.00376965763096138
2024-09-07,112,-0.0130076420242284,-0.0145554362225404
2024-09-07,113,-0.00339362444698921,-0.00496947252431212
2024-09-07,114,-0.00601550941512397,-0.00681209234007696
2024-09-07,115,-0.000598311352203673,-0.00195623405817003
2024-09-07,116,0.00150998873923225,0.00125061353951139
2024-09-07,117,-0.0144823111816743,-0.0163813544626379
2024-09-07,118,0.00144607954377651,-0.000223175280176235
2024-09-07,119,-0.0114545447429357,-0.0136585740124833
2024-09-07,120,-0.0114284779012443,-0.0138920967574325
2024-09-07,121,-0.00445748716225758,-0.00588744908233174
2024-09-07,122,-0.00299161217649235,-0.00473815413837464
2024-09-07,123,-0.00539415876574001,-0.00712876579213173
2024-09-07,124,-0.013449165359801,-0.0160282933064728
2024-09-07,125,-0.00079929973062054,-0.00151716969547344
2024-09-07,126,0.00420609906853642,0.00236320109292976
2024-09-07,127,-0.0104165146096955,-0.0119893515169878
2024-09-07,128,0.00375946083434364,0.00185702707808844
2024-09-07,129,-0.000341172836399117,-0.00167826662761783
2024-09-07,130,-0.00195087855866927,-0.00360689142019055
2024-09-07,131,0.011577516492042,0.0104301746052435
2024-09-07,132,-0.0012633537125275,-0.00297987732890981
2024-09-07,133,-0.00291475034906519,-0.00411057104553691
2024-09-07,134,0.0187997475868684,0.0170312330275646
2024-09-07,135,0.00296903305117091,0.00200942527451531
2024-09-07,136,0.000830967708068897,-0.0015912263144795
2024-09-07,137,0.0152671050323105,0.0147915598857065
2024-09-07,138,-0.00370899647747347,-0.0064462082909138
2024-09-07,139,0.00897164944538176,0.00732707802687749
2024-09-07,140,0.0100924820127011,0.00901616684304862
2024-09-07,141,0.0121683751260591,0.0102310033570099
2024-09-07,142,-0.00358848289990288,-0.00558027671803885
2024-09-07,143,0.0242893702098188,0.0231387820446436
2024-09-07,144,0.00691517974643663,0.00430609904373291
2024-09-08,2,0.00744651488913561,0.00570061257110588
2024-09-08,3,0.0156847405345033,0.0145106344328756
2024-09-08,4,0.0208610070844104,0.0190710606426734
2024-09-08,5,0.00703423560423388,0.00588138604796562
2024-09-08,6,0.0209121034725488,0.0196910391025806
2024-09-08,7,0.0190202054505644,0.0178059527547028
2024-09-08,8,-8.75446500181454e-05,-0.0025686894192738
2024-09-08,9,0.0200255719616038,0.0180975373211432
2024-09-08,10,0.0268036473493307,0.0255039819607745
2024-09-08,11,0.0165452729585915,0.0212003134444814
2024-09-08,12,0.0331358712660945,0.0391760793631288
2024-09-08,13,0.0434125536501018,0.0494121213738339
2024-09-08,14,0.0240847106031952,0.028946853508188
2024-09-08,15,0.0308294556853763,0.0360080870734283
2024-09-08,16,0.037967203489309,0.0445001791745039
2024-09-08,17,0.0250424499035073,0.0313033576887491
2024-09-08,18,0.0329121161147157,0.038841242502242
2024-09-08,19,0.0228152125507242,0.0294864672187565
2024-09-08,20,0.0372525904153607,0.0442740804276536
2024-09-08,21,0.025454988038252,0.0315857083264426
2024-09-08,22,0.0270346099855931,0.0342556794619693
2024-09-08,23,0.0177519055851079,0.024587524557429
2024-09-08,24,0.0124516809042658,0.0192591185446602
2024-09-08,25,0.0369492558353581,0.0416244508190378
2024-09-08,26,0.0209508547215167,0.025151317786456
2024-09-08,27,0.021681103203643,0.0255816753330365
2024-09-08,28,0.00520538921954028,0.00951108977801951
2024-09-08,29,0.0176573530133588,0.0215451322596909
2024-09-08,30,0.00899695757901409,0.0131906411976868
2024-09-08,31,-0.010091204931725,-0.00878252155128756
2024-09-08,32,0.0168076815119997,0.0189969913867305
2024-09-08,33,-0.00411527437748394,-0.00269399156959338
2024-09-08,34,0.0151234659358161,0.0166885572777318
2024-09-08,35,-0.0195025332468282,-0.018022734864191
2024-09-08,36,0.00735842039664902,0.00844877862238924
2024-09-08,37,0.012273436635537,0.012748156866051
2024-09-08,38,-0.00592406909863641,-0.0049356050968381
2024-09-08,39,0.0128824541996515,0.012454283345356
2024-09-08,40,-0.0136314096957388,-0.0129075368871483
2024-09-08,41,-0.00713922502644948,-0.00727396228215227
2024-09-08,42,-0.00622619294872262,-0.00577330839159451
2024-09-08,43,-3.65455467008502e-05,-0.00081100272068646
2024-09-08,44,0.038925970868096,0.0381293120946022
2024-09-08,45,-0.0159955836398309,-0.0155815576451044
2024-09-08,46,-0.0454379457383647,-0.0440597416871498
2024-09-08,47,0.0713358453576536,0.0676574281018603
2024-09-08,48,0.0357457802166197,0.0311115535771194
2024-09-08,49,0.025323670655788,0.0236229268496277
2024-09-08,50,-0.0171365252320586,-0.018736655610919
2024-09-08,51,0.0138388402524923,0.0135490541492604
2024-09-08,52,-0.0478974972485968,-0.0461837954996316
2024-09-08,53,-0.0567802396638895,-0.0518496500981467
2024-09-08,54,0.0472471422055412,0.04762808167599
2024-09-08,55,0.0369032043872055,0.0350260925033652
2024-09-08,56,-0.0146672025346897,-0.0160164880290985
2024-09-08,57,0.0592990818365307,0.0606957366931233
2024-09-08,58,0.000982415518819835,0.000910755603666047
2024-09-08,59,-0.0107910056742018,-0.00876971171009266
2024-09-08,60,-0.0471191605111434,-0.0431497044935369
2024-09-08,61,0.0435023115490907,0.0428173726409167
2024-09-08,62,-0.0206654700531486,-0.0205007190009692
2024-09-08,63,-0.081645786136451,-0.0789682280769206
2024-09-08,64,-0.0906015116161383,-0.08841502938742
2024-09-08,65,-0.0702475867940642,-0.0704491391962492
2024-09-08,66,-0.0809079416329563,-0.0811786732494859
2024-09-08,67,-0.102831092211663,-0.104729964295746
2024-09-08,68,-0.0601147037418874,-0.0626819599275912
2024-09-08,69,0.00255591027022728,0.00132080503103182
2024-09-08,70,0.0393191131321355,0.0366622789345765
2024-09-08,71,0.022900839946602,0.0223202728330758
2024-09-08,72,0.0146445508932986,0.0124606453590985
2024-09-08,73,0.020710644986333,0.0188952129386326
2024-09-08,74,0.0196491364275744,0.0158765403098755
2024-09-08,75,-0.0153226355314233,-0.0178044210897159
2024-09-08,76,0.028311603350641,0.0256765716694485
2024-09-08,77,0.0448000668135693,0.0403901015132391
2024-09-08,78,0.0386639288072752,0.0344201110257476
2024-09-08,79,0.00785058526172389,0.00347276229488891
2024-09-08,80,-0.0108021591658529,-0.0153250285744857
2024-09-08,81,0.0111598076408699,0.00635137485683401
2024-09-08,82,-0.00656821231909355,-0.0113942014223305
2024-09-08,83,0.0142242676141073,0.0103345557778134
2024-09-08,84,-0.0395385414475129,-0.0458002901289944
2024-09-08,85,-0.0344898003323166,-0.0401900721842612
2024-09-08,86,-0.038692441792409,-0.0441788016477407
2024-09-08,87,-0.0252397765315324,-0.0264343629345296
2024-09-08,88,-0.0382765898417032,-0.0378274034536847
2024-09-08,89,-0.0312276244327117,-0.0307852213791842
2024-09-08,90,-0.0310941662961834,-0.0309287316748552
2024-09-08,91,-0.0379371632051733,-0.0377348427096109
2024-09-08,92,-0.0212055974543812,-0.0209446429368585
2024-09-08,93,-0.020618135369959,-0.0212675717453861
2024-09-08,94,-0.034252716653262,-0.0344028343061877
2024-09-08,95,-0.0186936343208641,-0.0193133467685263
2024-09-08,96,-0.0238031629476865,-0.0244566869580858
2024-09-08,97,-0.0188186963168082,-0.0195117545520871
2024-09-08,98,-0.0197655840202069,-0.0205199467491779
2024-09-08,99,-0.0137176700637305,-0.013685623228338
2024-09-08,100,-0.0177319986006661,-0.0174502186093655
2024-09-08,101,-0.0021821845306973,-0.00226601302473561
2024-09-08,102,-0.0211584034883971,-0.0208874868293449
2024-09-08,103,-0.019247933214694,-0.0196212599494423
2024-09-08,104,-0.0140053026460158,-0.0152802529570675
2024-09-08,105,-0.00483758676162971,-0.00415362477274961
2024-09-08,106,-0.00716682619747733,-0.00733454303720649
2024-09-08,107,-0.0136413158638122,-0.0143488685876392
2024-09-08,108,-0.0015925977057103,-0.00122660089046356
2024-09-08,109,-0.00556899069977224,-0.00600937490551168
2024-09-08,110,-0.00754749277512001,-0.0079997407454151
2024-09-08,111,-0.0205237282621997,-0.02151784461023
2024-09-08,112,0.00105340817021027,0.00105552338327719
2024-09-08,113,-0.0177049281665402,-0.019355520454841
2024-09-08,114,0.0036149574492983,0.0041547019979653
2024-09-08,115,0.00374599154155497,0.00344819175821343
2024-09-08,116,0.00221813323507369,0.00220505633704882
2024-09-08,117,-0.0127227950787177,-0.0138469836174693
2024-09-08,118,-0.00172861194375074,-0.00264328133095759
2024-09-08,119,-0.00077909863917025,-0.00170022061805497
2024-09-08,120,0.012265325030218,0.0122412193097805
2024-09-08,121,-0.0174564851892915,-0.0185840562387387
2024-09-08,122,0.0126311333184201,0.0122097722993519
2024-09-08,123,0.00931417776254584,0.00867348773206444
2024-09-08,124,-0.0062029212114858,-0.00763589010282217
2024-09-08,125,0.00315365973840187,0.00192226490953118
2024-09-08,126,0.0103894808840854,0.00886970477372984
2024-09-08,127,-0.00147777194561716,-0.00290372301967956
2024-09-08,128,0.00388881312951916,0.00295056386619663
2024-09-08,129,0.00243828464677698,0.00123620456439788
2024-09-08,130,0.00838395672566694,0.00744425615881639
2024-09-08,131,0.00199649854337114,-0.000689496631100184
2024-09-08,132,-0.00455065377076824,-0.00546505402096109
2024-09-08,133,0.00480269720810167,0.00293049734099959
2024-09-08,134,0.00883508281179335,0.00784154132574422
2024-09-08,135,0.00267378614577751,0.000480495348167409
2024-09-08,136,-0.00404940120990283,-0.00592342399855816
2024-09-08,137,0.00825790498985146,0.0071668593410692
2024-09-08,138,0.0167193902300218,0.0156204611078312
2024-09-08,139,-0.00333603461600873,-0.0046727295989264
2024-09-08,140,0.0102380658561927,0.00877121276152693
2024-09-08,141,0.0128006361959763,0.0116363366634769
2024-09-08,142,0.0156628593661026,0.0144962511398479
2024-09-08,143,-0.00491191080543629,-0.00632258496104221
2024-09-08,144,0.0225475575870018,0.0215625495194214
2024-09-09,2,0.00070987832351399,-0.000370650391479543
2024-09-09,3,0.00778901451683911,0.0066576569984953
2024-09-09,4,0.00869205426707076,0.00692943921164257
2024-09-09,5,0.00766433245432108,0.00682289940073844
2024-09-09,6,0.00740672161187295,0.00556941299897318
2024-09-09,7,0.0157461550870073,0.0151459788878245
2024-09-09,8,0.000369497421934817,-0.0011565232188282
2024-09-09,9,0.00439986946162829,0.00276207863345945
2024-09-09,10,0.0295224583882945,0.0285054133786637
2024-09-09,11,0.0165953496442244,0.0217151156051898
2024-09-09,12,0.0271679512757794,0.0323945471054916
2024-09-09,13,0.0120536521116312,0.017530833292815
2024-09-09,14,0.0309571651207996,0.0366173078526657
2024-09-09,15,0.0380057036667516,0.042328627968871
2024-09-09,16,0.0233632138136146,0.02876779477001
2024-09-09,17,0.0406644670779333,0.0470033186152161
2024-09-09,18,0.0445185404999409,0.0495754280956628
2024-09-09,19,0.0435943845356048,0.0491292253127433
2024-09-09,20,0.0360802752661433,0.0430935418898564
2024-09-09,21,0.0467000980616499,0.0525656725751666
2024-09-09,22,0.046765109597322,0.0531205331181468
2024-09-09,23,0.0429266263279793,0.0482272533450967
2024-09-09,24,0.02829793837026,0.0347160006626126
2024-09-09,25,0.0343019979854926,0.0398312650055992
2024-09-09,26,0.0153977702395762,0.0190611274655303
2024-09-09,27,0.0440245807558082,0.0489624341224992
2024-09-09,28,0.0189049845768352,0.0216279236958918
2024-09-09,29,0.0252100217871636,0.0299624698677583
2024-09-09,30,0.0134792016829728,0.0165401386489936
2024-09-09,31,0.00701813196899437,0.00979536401187353
2024-09-09,32,0.0195893160676697,0.0213395547059658
2024-09-09,33,-0.00141595436694875,-0.00101274021291431
2024-09-09,34,0.0315895215034061,0.0330671164072402
2024-09-09,35,0.0157596024100215,0.0167582182421047
2024-09-09,36,-0.0348278286050814,-0.0352947703149393
2024-09-09,37,0.0294926537010518,0.0330675618864991
2024-09-09,38,-0.0118252530193139,-0.0114915644687628
2024-09-09,39,-0.00747899132086882,-0.00669161054671008
2024-09-09,40,-0.0418655662777532,-0.0383162611711523
2024-09-09,41,-0.0147575070560286,-0.0130947804434296
2024-09-09,42,-0.0392073603924885,-0.0363066438771362
2024-09-09,43,-0.0117808131035311,-0.00756056253370829
2024-09-09,44,-0.0234808431377242,-0.0223117959477559
2024-09-09,45,0.0218187975288044,0.0237558032466119
2024-09-09,46,-0.0272774704913621,-0.0257912191377425
2024-09-09,47,0.00332219829570324,0.00554559305581037
2024-09-09,48,0.0432538661405255,0.0460010738315688
2024-09-09,49,0.0251788925653891,0.0245589368371011
2024-09-09,50,-0.0756167170664774,-0.0724622922964517
2024-09-09,51,-0.00519925230934248,-0.00650130661784942
2024-09-09,52,-0.0444830965506631,-0.0401859988605633
2024-09-09,53,-0.00419260018826328,-0.00115020334741445
2024-09-09,54,-0.011300199455083,-0.0106244913992679
2024-09-09,55,-0.0461662058063395,-0.0465111135520768
2024-09-09,56,-0.0306044036068123,-0.0290510749297912
2024-09-09,57,-0.0479730152135298,-0.045862295616681
2024-09-09,58,-0.0078255838099901,-0.00891342682008123
2024-09-09,59,-0.0503101294354433,-0.0502984758845955
2024-09-09,60,0.0274419519600038,0.0279661898597521
2024-09-09,61,-0.0124198603221268,-0.014680268499685
2024-09-09,62,-0.0110772274833932,-0.00969654496458894
2024-09-09,63,0.00211797535787461,0.000809514794514854
2024-09-09,64,0.00919128567289906,0.00685846495179199
2024-09-09,65,0.0211514005275939,0.0192581054250471
2024-09-09,66,0.00818998685620276,0.00448247976806648
2024-09-09,67,-0.00123387609426473,-0.00422843506777681
2024-09-09,68,-0.0158352445430996,-0.0211370368387538
2024-09-09,69,0.0425688025538884,0.0388065517531793
2024-09-09,70,-0.00389295524531974,-0.00914145002370148
2024-09-09,71,-1.66951466953336e-05,-0.00497780697738648
2024-09-09,72,0.0136702668321487,0.00839586544431192
2024-09-09,73,-0.00388490594614677,-0.00975769373492597
2024-09-09,74,0.0232540452357446,0.0176299150681594
2024-09-09,75,0.0254888805043514,0.0195889809178489
2024-09-09,76,0.0112237686440055,0.00635929880657748
2024-09-09,77,0.0116693522907791,0.00673388608368164
2024-09-09,78,0.0103393098582352,0.00514135214200451
2024-09-09,79,0.00424895696397876,-0.00160329841386009
2024-09-09,80,-0.0077679076283701,-0.0120497738803547
2024-09-09,81,-0.0193979136189499,-0.0250347997081537
2024-09-09,82,-0.0196400069711204,-0.0244904538326765
2024-09-09,83,-0.0153175169293096,-0.0191059943281218
2024-09-09,84,-0.0119449098701452,-0.0161151535921391
2024-09-09,85,-0.015196092863663,-0.0206597761071396
2024-09-09,86,-0.0417497948914374,-0.0464113872088028
2024-09-09,87,-0.00858364485499941,-0.00763357857241687
2024-09-09,88,-0.01776743513342,-0.0163228807842124
2024-09-09,89,-0.0316169328600102,-0.030134439954594
2024-09-09,90,-0.022766451498387,-0.0215031604862475
2024-09-09,91,-0.0190380647515598,-0.0187447889052965
2024-09-09,92,-0.0124332088304229,-0.0117268049264379
2024-09-09,93,-0.0352331514858255,-0.0354346306342652
2024-09-09,94,-0.0269758783878853,-0.0282466744672298
2024-09-09,95,-0.00996858906032738,-0.00893603367826756
2024-09-09,96,-0.0245150025256864,-0.0252926034471095
2024-09-09,97,-0.0138910559504275,-0.0146969671267581
2024-09-09,98,-0.0140509301229175,-0.013990167117294
2024-09-09,99,-0.0192069830300969,-0.0191952790835526
2024-09-09,100,-0.0176679404892592,-0.0182879930667141
2024-09-09,101,-0.0289135273030032,-0.0304425062246541
2024-09-09,102,-0.00697740747533526,-0.00681792661564096
2024-09-09,103,-0.00885552161379977,-0.0095765450427816
2024-09-09,104,-0.0301379269517135,-0.0311478804555101
2024-09-09,105,0.00543708545171917,0.00551334044816976
2024-09-09,106,-0.0292483385094631,-0.0311704465291331
2024-09-09,107,-0.0142786209338777,-0.0147710711230022
2024-09-09,108,-0.00107472809849707,-0.000764430013333595
2024-09-09,109,-0.0179444595429823,-0.0181972039603995
2024-09-09,110,-0.0181587962554604,-0.0193754946054749
2024-09-09,111,0.000718112640829993,0.000372597898383731
2024-09-09,112,-0.0164537397339393,-0.0173810295972654
2024-09-09,113,-0.00158238873767047,-0.00195785926380054
2024-09-09,114,-0.0127448832892325,-0.0134163082140297
2024-09-09,115,-0.005682473886095,-0.00581681619232555
2024-09-09,116,-0.022406520903087,-0.023453242082887
2024-09-09,117,0.00965762603407239,0.00974186126750176
2024-09-09,118,0.00356241020705905,0.00363126022446103
2024-09-09,119,-0.0139049846513908,-0.0149607677132835
2024-09-09,120,-0.00765603095215805,-0.00882869489775828
2024-09-09,121,0.00322684462356548,0.00354812213080358
2024-09-09,122,0.0137603186545796,0.0143833600116388
2024-09-09,123,-0.00690706940496,-0.00746227690228629
2024-09-09,124,0.00250642226366082,0.00188354220811426
2024-09-09,125,-0.0077977307328112,-0.00808534423968688
2024-09-09,126,0.0132263305447369,0.0137168747795506
2024-09-09,127,-0.0193101733394299,-0.021560477095246
2024-09-09,128,0.0113825492078474,0.0118241271039796
2024-09-09,129,-0.00912422242021282,-0.0108470906454503
2024-09-09,130,0.0132297728032702,0.0127042832550242
2024-09-09,131,-0.000936492334878025,-0.00203773937727725
2024-09-09,132,0.00517414929042648,0.0040081309426121
2024-09-09,133,0.000491467970031856,-0.000914990955717343
2024-09-09,134,0.00455254293728657,0.00342734575868242
2024-09-09,135,0.00464113605594108,0.00410169656304227
2024-09-09,136,-0.0107464827150761,-0.0128681216459583
2024-09-09,137,0.0199825151855242,0.0199720659185605
2024-09-09,138,-0.00869207819985629,-0.00991564351945229
2024-09-09,139,0.0169343689871377,0.0162394186758466
2024-09-09,140,0.00324541818711577,0.00129066148143231
2024-09-09,141,0.0042627134594575,0.00392697418294752
2024-09-09,142,0.0115385524454892,0.0101653064383846
2024-09-09,143,-0.0134703360777175,-0.0154851891886736
2024-09-09,144,0.0266426604868375,0.0251608200018314
2024-09-10,2,0.0232215602583432,0.0211707411660065
2024-09-10,3,0.0251763564067131,0.0223374621980383
2024-09-10,4,0.0321777556899354,0.0304272036821498
2024-09-10,5,0.0191031651001561,0.016555588443353
2024-09-10,6,0.0360930312069909,0.033868113880871
2024-09-10,7,0.020455469387902,0.0178309932692109
2024-09-10,8,0.0367973424422017,0.0340989676045336
2024-09-10,9,0.0212902535254935,0.0182369440197743
2024-09-10,10,0.0361604571194425,0.0326539853907928
2024-09-10,11,0.0365678857876564,0.0400107496059601
2024-09-10,12,0.0312773736153495,0.0377744435797069
2024-09-10,13,0.0375916866137569,0.0441784541418944
2024-09-10,14,0.0471945136726992,0.0540512530689217
2024-09-10,15,0.0522935309747998,0.0594125094653553
2024-09-10,16,0.0447413597528277,0.0531692267681372
2024-09-10,17,0.0365155199275771,0.0440838600947373
2024-09-10,18,0.062147971403876,0.06915807908101
2024-09-10,19,0.0420329238234514,0.0508412485098972
2024-09-10,20,0.0636228298392707,0.0725480278335411
2024-09-10,21,0.0370971951061598,0.0454993409122793
2024-09-10,22,0.0366157705181145,0.0455430930483871
2024-09-10,23,0.0239100356896698,0.0336642072234756
2024-09-10,24,0.0138130955999749,0.023553427276239
2024-09-10,25,-0.0118202267737839,-0.00133981702407304
2024-09-10,26,0.0195024250093416,0.029781933304319
2024-09-10,27,0.0233269592793066,0.0319816240979964
2024-09-10,28,0.025756137633028,0.0347339682824703
2024-09-10,29,0.0166223689776217,0.0247351630058112
2024-09-10,30,0.0100122749495224,0.0180261401925552
2024-09-10,31,0.0256235366732742,0.0334489277201246
2024-09-10,32,0.00716869313071911,0.0139560505149117
2024-09-10,33,0.00193362446524414,0.00892939005512972
2024-09-10,34,-0.00631586043036059,-0.00206758573339982
2024-09-10,35,-0.0208981016745549,-0.014965051917109
2024-09-10,36,-0.00534892257440411,0.000164508363981852
2024-09-10,37,0.00269854747501075,0.00693843793668769
2024-09-10,38,-0.00264872232118663,0.00116452766413033
2024-09-10,39,0.000949764132327502,0.00430530507103555
2024-09-10,40,-0.00587204075715864,-0.00385497495775233
2024-09-10,41,-0.0326773771134947,-0.0316403214216656
2024-09-10,42,-0.00154258580101896,7.19920506284666e-05
2024-09-10,43,-0.0132018122002471,-0.0118196724914856
2024-09-10,44,-0.00808416181615179,-0.00735859317322962
2024-09-10,45,-0.000140112819777549,0.00229835636380571
2024-09-10,46,-0.025967860792794,-0.0234761803003849
2024-09-10,47,-0.0329740550253357,-0.0295791280246291
2024-09-10,48,0.0204267537785903,0.021788506196609
2024-09-10,49,0.0267212483002259,0.0245976484452957
2024-09-10,50,-0.0189661596250703,-0.0232101525828696
2024-09-10,51,-0.00958549962754152,-0.0130739257049228
2024-09-10,52,0.01873251372864,0.0167573221657555
2024-09-10,53,0.00257780034243194,-0.000809673592367943
2024-09-10,54,0.0126389823903663,0.0103361090103551
2024-09-10,55,0.00868401376253125,0.00588878266133719
2024-09-10,56,-0.000757866851841982,-0.00374435114291671
2024-09-10,57,0.0414628775400079,0.0383681384987007
2024-09-10,58,0.00195147198688961,-0.00215712276162527
2024-09-10,59,-0.00626391204512711,-0.00866654670624989
2024-09-10,60,-0.0280036686848284,-0.0271345695504408
2024-09-10,61,0.0291272148953565,0.0280730518128038
2024-09-10,62,-0.0793354873207459,-0.0777123904877737
2024-09-10,63,-0.0479455551741523,-0.0456565508944422
2024-09-10,64,0.061509287993557,0.0582235322249929
2024-09-10,65,0.0120673226518839,0.00664158212058119
2024-09-10,66,0.00368111419229411,-0.000237342056601975
2024-09-10,67,-0.0573905227983547,-0.0604472086987915
2024-09-10,68,-0.0187721088069468,-0.0212480087714404
2024-09-10,69,-0.0179295883633088,-0.0223130303740913
2024-09-10,70,-0.0074137490535584,-0.0134136117808072
2024-09-10,71,-0.00875896161039336,-0.0122311798753216
2024-09-10,72,-0.0390904279498523,-0.0452033452606049
2024-09-10,73,-0.0326093287706533,-0.0375025484346487
2024-09-10,74,-0.0139083559932454,-0.0187033320364538
2024-09-10,75,-0.0169219375808751,-0.0226201377133215
2024-09-10,76,-0.00237433640750773,-0.0069468262527348
2024-09-10,77,-0.0376542014912227,-0.0445427858621859
2024-09-10,78,-0.0085834412013126,-0.0142966317222086
2024-09-10,79,-0.012157578326268,-0.017432721334508
2024-09-10,80,0.00426415011312375,-0.00125064415271225
2024-09-10,81,0.00161905402096973,-0.00582776322670675
2024-09-10,82,-0.00141154865477056,-0.008485989772689
2024-09-10,83,-0.016148946432911,-0.0250632354503431
2024-09-10,84,-0.018376463118094,-0.0267559204735903
2024-09-10,85,-0.0111519645712246,-0.0193535001698075
2024-09-10,86,-0.0065286486287226,-0.013526942828765
2024-09-10,87,-0.0234680325589904,-0.0239471463582968
2024-09-10,88,-0.0264662994446314,-0.0255298494828562
2024-09-10,89,-0.0281701879009519,-0.0278018811439482
2024-09-10,90,-0.0317625100926011,-0.0320027839873349
2024-09-10,91,-0.017666364632456,-0.0169669322169437
2024-09-10,92,-0.0300062769060196,-0.0296241418765417
2024-09-10,93,-0.017344859601951,-0.0169664249619244
2024-09-10,94,-0.0215174444183783,-0.0198978533782723
2024-09-10,95,-0.0197950872267465,-0.0185470953532381
2024-09-10,96,-0.0313312643264494,-0.0310583222006491
2024-09-10,97,-0.0254016988694077,-0.0248238634487503
2024-09-10,98,-0.0167536069183494,-0.017159687393888
2024-09-10,99,-0.0278980455623263,-0.0277269833498437
2024-09-10,100,-0.0114084937018735,-0.0103217542547993
2024-09-10,101,-0.0201305132416612,-0.019114299257426
2024-09-10,102,-0.021252700382675,-0.0208913489364608
2024-09-10,103,-0.0101998593077544,-0.00926072209414475
2024-09-10,104,-0.0221913461296888,-0.0219132287572084
2024-09-10,105,-0.00455756340185154,-0.00371360948442678
2024-09-10,106,-0.016597512554255,-0.0164275768266329
2024-09-10,107,-0.0202520815137017,-0.0194643212894245
2024-09-10,108,-0.00109731363462462,0.000233753242531165
2024-09-10,109,-0.00796730618997632,-0.00762169492973719
2024-09-10,110,-0.00649862420671798,-0.0065217557713062
2024-09-10,111,-0.0150390775422826,-0.0150870315048284
2024-09-10,112,-0.00315369252552244,-0.00264063994448449
2024-09-10,113,-0.00546665312449957,-0.00530356206397187
2024-09-10,114,-0.000884539096619896,-0.000464382174872213
2024-09-10,115,-0.0149882510622863,-0.0152318375263505
2024-09-10,116,-0.00706924894770822,-0.00739362129445453
2024-09-10,117,0.00316668958604982,0.00314742488418318
2024-09-10,118,0.00725262569450891,0.00718338325134482
2024-09-10,119,-0.0110520453598006,-0.0124396800729816
2024-09-10,120,-0.0104007677783757,-0.0108792629757293
2024-09-10,121,0.0173066635589345,0.0180755593925337
2024-09-10,122,-0.027224466880579,-0.029772586522606
2024-09-10,123,0.0142291436733268,0.0142765177559934
2024-09-10,124,0.00224648410396089,-0.000703905713104191
2024-09-10,125,-0.0240447972037225,-0.0259969533270823
2024-09-10,126,0.00691212939744723,0.00652883334924681
2024-09-10,127,-0.00192394817546404,-0.00298937811876776
2024-09-10,128,-0.00274717778908951,-0.0039035782418253
2024-09-10,129,0.0108398176712461,0.00903536471626154
2024-09-10,130,0.00212724975596323,0.000967853484961978
2024-09-10,131,-0.0155626915000759,-0.017791810308232
2024-09-10,132,0.0105944983120292,0.00998621160441715
2024-09-10,133,-0.000828726723139717,-0.00348465958898814
2024-09-10,134,-0.00263366123837194,-0.00462564986674963
2024-09-10,135,-0.000148474221489003,-0.00184817187598796
2024-09-10,136,-0.00309329181039608,-0.0058659229918625
2024-09-10,137,-0.00113930116477956,-0.00357977776224772
2024-09-10,138,-0.00115680827502018,-0.0033038738501201
2024-09-10,139,0.00381997350134533,0.00162638577353391
2024-09-10,140,0.0043650475224144,0.00144464404959166
2024-09-10,141,-0.00932674265044842,-0.0122088000957969
2024-09-10,142,-0.000301524666800113,-0.00359721699862092
2024-09-10,143,0.00912685612609909,0.00617852861438095
2024-09-10,144,0.00014734433207142,-0.0028314580229214
2024-09-11,2,0.0219896863812155,0.0186963999985803
2024-09-11,3,0.0246670052822813,0.0217004831194885
2024-09-11,4,0.0112044299679432,0.00749981010216949
2024-09-11,5,0.0121115903791438,0.00841634392375035
2024-09-11,6,0.0111452460037551,0.00741399705452395
2024-09-11,7,0.0112194637187555,0.00832728821433371
2024-09-11,8,0.0320303229714201,0.0285731451080178
2024-09-11,9,0.0222691739632364,0.0184235267703006
2024-09-11,10,0.0075993464868036,0.00427042574371939
2024-09-11,11,0.0300258169806886,0.0291154680373698
2024-09-11,12,0.0152065080934927,0.0156269260162798
2024-09-11,13,0.0366244377070135,0.0381937195147355
2024-09-11,14,0.0340523629494003,0.0357712828556611
2024-09-11,15,0.0377027642958225,0.039548836891143
2024-09-11,16,0.0179770251823648,0.0200558944094933
2024-09-11,17,0.043609161936482,0.0468920371119292
2024-09-11,18,0.0220344425303569,0.0248538131042615
2024-09-11,19,0.0278872536378616,0.0314696689654674
2024-09-11,20,0.00777175419222065,0.0115359555034882
2024-09-11,21,0.00917837950568856,0.0139707376764591
2024-09-11,22,-0.00784350596919925,-0.00354902205858032
2024-09-11,23,-0.00669845831534488,-0.00156589100636317
2024-09-11,24,-0.00523614378660398,0.000654935654424094
2024-09-11,25,0.0216264600593048,0.0271461606475896
2024-09-11,26,0.0528511063371049,0.0591897025660781
2024-09-11,27,0.0109824704935999,0.0165910110222516
2024-09-11,28,0.0501062706826243,0.056192597457299
2024-09-11,29,0.0464536667942639,0.0524235646268458
2024-09-11,30,0.0126548762208278,0.018980584663657
2024-09-11,31,0.0942239237301585,0.0996773453561364
2024-09-11,32,0.0580826022062135,0.0613179005797253
2024-09-11,33,0.0290801889399273,0.0310739040440051
2024-09-11,34,0.0621569798074804,0.0632967591548166
2024-09-11,35,0.0375967814954095,0.0381834176708189
2024-09-11,36,0.0422426301287677,0.0430093912566356
2024-09-11,37,0.0390865131983587,0.0386324233632411
2024-09-11,38,-0.0125459919859212,-0.0135423508403818
2024-09-11,39,0.0374747392001558,0.0390269215789818
2024-09-11,40,-0.0357263927747811,-0.0350174550136391
2024-09-11,41,-0.0237539163928071,-0.0199461711637117
2024-09-11,42,-0.0229853529640218,-0.0191509398913006
2024-09-11,43,0.00909242259661092,0.0137356866237628
2024-09-11,44,0.0565709602372735,0.0582013138399482
2024-09-11,45,0.0216627076639613,0.0241488406634218
2024-09-11,46,-0.0155222526090917,-0.0144786073470975
2024-09-11,47,0.00553538894505579,0.00896609571825557
2024-09-11,48,-0.0231225653603166,-0.0200160362746953
2024-09-11,49,-0.0247680960383443,-0.0205758508452281
2024-09-11,50,-0.018678994670096,-0.014480880477425
2024-09-11,51,0.0224061037250429,0.0260180181876084
2024-09-11,52,0.00752991114302759,0.00968155536566684
2024-09-11,53,-0.00222574027157574,0.000377061530226541
2024-09-11,54,0.0124396674554124,0.0132097211848219
2024-09-11,55,-0.0340044333769747,-0.0320299846057264
2024-09-11,56,-0.0549322031005053,-0.0528344271658625
2024-09-11,57,-0.0537023803007246,-0.0512839230581932
2024-09-11,58,-0.0314426813268502,-0.0289490661180292
2024-09-11,59,0.00226806770329269,0.00438423058532145
2024-09-11,60,0.152864069069666,0.150749719391969
2024-09-11,61,0.107774736234442,0.101944501418703
2024-09-11,62,0.0143609299147682,0.0065213966833273
2024-09-11,63,-0.000949229137609642,-0.00875914721596338
2024-09-11,64,-0.0373718996329035,-0.0415865654998804
2024-09-11,65,0.0558744423139661,0.0524738489293544
2024-09-11,66,-0.00399609607905926,-0.00869317679734927
2024-09-11,67,-0.0119531209149804,-0.0165004421093276
2024-09-11,68,-0.0429329789989747,-0.0480169729708795
2024-09-11,69,-0.140768031805594,-0.145145429530714
2024-09-11,70,-0.12649137986696,-0.127476149123861
2024-09-11,71,-0.133903911934269,-0.133708426007415
2024-09-11,72,-0.111043342403081,-0.109984362697206
2024-09-11,73,-0.0963490053557754,-0.0949202406300547
2024-09-11,74,-0.0675736633461037,-0.065931084129625
2024-09-11,75,-0.0728323523991934,-0.0700833560162053
2024-09-11,76,-0.0540529324071155,-0.0515815402814983
2024-09-11,77,-0.0614805159632175,-0.0594772975627631
2024-09-11,78,-0.0468842450367197,-0.0450534629550265
2024-09-11,79,-0.0537177635615804,-0.052983217108368
2024-09-11,80,-0.0427215191891936,-0.0422465158455454
2024-09-11,81,-0.0413103247194937,-0.0414466825240849
2024-09-11,82,-0.019070416480429,-0.0196380864519341
2024-09-11,83,-0.022951914988008,-0.024708482211846
2024-09-11,84,-0.010139887198533,-0.0123037833805153
2024-09-11,85,-0.0065156641311126,-0.0100702979296798
2024-09-11,86,-0.0132395085311088,-0.0164765597999157
2024-09-11,87,-0.00081908370494066,-0.00096977850113511
2024-09-11,88,-0.0162031101487692,-0.016898003855637
2024-09-11,89,-0.0112408681603404,-0.0110715388458065
2024-09-11,90,-0.0251075499961044,-0.026170961636983
2024-09-11,91,-0.000798053273764587,-0.000559768373598502
2024-09-11,92,-0.00844322185684021,-0.00809424048844409
2024-09-11,93,-0.0121119665114029,-0.0126425773815706
2024-09-11,94,-0.00680095814746462,-0.00679444054157763
2024-09-11,95,0.00101822911218363,0.00120248852745597
2024-09-11,96,-0.0142800305434569,-0.0151228532484131
2024-09-11,97,-0.00936623627201394,-0.0094216353683656
2024-09-11,98,-0.0058922097441596,-0.00577249419193304
2024-09-11,99,0.00884444267687812,0.00914013208671172
2024-09-11,100,-0.00508715696866968,-0.00551263700917737
2024-09-11,101,-0.00872207620824117,-0.00938285480948764
2024-09-11,102,-0.00140001004556023,-0.00150452142022139
2024-09-11,103,-0.00457326480261511,-0.00528585591327868
2024-09-11,104,0.0112030584230691,0.011013067265802
2024-09-11,105,-0.000334387934906921,-0.000520552535922647
2024-09-11,106,-0.00440835575522591,-0.00461513818161308
2024-09-11,107,0.0116170872622829,0.010861484839408
2024-09-11,108,0.00191215015880974,0.00150247334616616
2024-09-11,109,0.00393424328194403,0.00349909912608304
2024-09-11,110,0.0149932088533618,0.0146944720306337
2024-09-11,111,0.00326281745279822,0.00184533759318484
2024-09-11,112,-0.0154823647621978,-0.0165735233650803
2024-09-11,113,0.0124264993671037,0.0116647318451086
2024-09-11,114,0.00251553869880095,0.000837172490113502
2024-09-11,115,-0.00397032816465703,-0.00551654873202345
2024-09-11,116,-0.0102483520292704,-0.0117990680858195
2024-09-11,117,0.0124136055237996,0.0113193131221561
2024-09-11,118,0.00116607959204273,-0.00044419693644393
2024-09-11,119,0.000865144790973993,-0.000217121549313859
2024-09-11,120,0.00796139908839066,0.00648110846822014
2024-09-11,121,0.00923908466476231,0.00826122859063716
2024-09-11,122,0.00280740017649705,0.00158843659535179
2024-09-11,123,-0.00502226830275099,-0.00662784472212508
2024-09-11,124,-0.00854269865593427,-0.0103076457192266
2024-09-11,125,0.0198188036183939,0.0188865273435415
2024-09-11,126,0.0020960100474019,0.000418011062025769
2024-09-11,127,-0.00243605430843186,-0.0045544049529127
2024-09-11,128,0.00927352854347507,0.00833370001580747
2024-09-11,129,0.001186082352997,-0.000564813213783211
2024-09-11,130,-0.00107587743640281,-0.00265292912766668
2024-09-11,131,0.0232432033865555,0.0218776186386371
2024-09-11,132,0.0167057253874985,0.0157130504039102
2024-09-11,133,0.00425100853542659,0.00220901805159279
2024-09-11,134,0.00107154719406122,-0.000813715410311389
2024-09-11,135,0.0143547232616301,0.0127045303027948
2024-09-11,136,0.000754259067162977,-0.000571220263777761
2024-09-11,137,0.0210340971131142,0.0193542058501173
2024-09-11,138,-0.00122012289414464,-0.00325616532984263
2024-09-11,139,0.0103407930537891,0.00792866113401836
2024-09-11,140,0.00613584275719159,0.00369118359910736
2024-09-11,141,0.0108425925633746,0.00892010105560281
2024-09-11,142,0.0190618966647476,0.0171056512344592
2024-09-11,143,0.00570425755260207,0.00406066162791952
2024-09-11,144,0.00766901893328154,0.00525258445842347
2024-09-12,2,0.00441864383725665,0.00402129038852017
2024-09-12,3,-0.0294762419749661,-0.0305854720786893
2024-09-12,4,-0.00878926413058512,-0.00855225497556589
2024-09-12,5,-0.0171768909484786,-0.0181753729530119
2024-09-12,6,-0.0147124276148105,-0.0151542903305426
2024-09-12,7,-0.00719501685461399,-0.00827350240810709
2024-09-12,8,-0.0129423417466104,-0.0136024808254316
2024-09-12,9,-0.0238511960617229,-0.0254494284121218
2024-09-12,10,0.0119301084484587,0.0117238784361273
2024-09-12,11,-0.0362329404885511,-0.0354462669019142
2024-09-12,12,0.00867914200009956,0.0132461920870917
2024-09-12,13,-0.00422419402812135,-0.000546949499627303
2024-09-12,14,0.010950490565846,0.0155083890687671
2024-09-12,15,0.00612249900338746,0.00951289394500243
2024-09-12,16,0.00337441948349149,0.00686229880932565
2024-09-12,17,0.0472420832964007,0.0517531091056789
2024-09-12,18,0.0145793729276136,0.0180071120180116
2024-09-12,19,0.0158737013459387,0.0193889162686602
2024-09-12,20,0.0405677330173342,0.044897381435467
2024-09-12,21,0.0445935879417734,0.0476298809388993
2024-09-12,22,0.0420816906348369,0.0458643362357165
2024-09-12,23,0.057792419859032,0.0626301649834637
2024-09-12,24,0.0135179085022594,0.0166315349162236
2024-09-12,25,0.044040164708786,0.0495270795446832
2024-09-12,26,0.0070827733628489,0.0112999389165669
2024-09-12,27,-0.0296991652308805,-0.0259313556090888
2024-09-12,28,0.0103035597966263,0.0135656706526248
2024-09-12,29,0.0139992601131498,0.0168550566395567
2024-09-12,30,-0.0277134747085723,-0.0228016686036998
2024-09-12,31,-0.0248442504785764,-0.0212253004128673
2024-09-12,32,0.00493353514392414,0.00873894211289539
2024-09-12,33,-0.0685166762365776,-0.0661057601458666
2024-09-12,34,-0.00549468978915346,-0.00254839912270732
2024-09-12,35,0.0239476487509194,0.0247967086174086
2024-09-12,36,0.0360530704523532,0.0379070534087944
2024-09-12,37,-0.0257390949445062,-0.024436500109033
2024-09-12,38,-0.0423214925118707,-0.0400224154730253
2024-09-12,39,0.0239496373439154,0.0260331431684353
2024-09-12,40,0.0305127160411445,0.030717172233631
2024-09-12,41,0.0574654507182348,0.0567014050212169
2024-09-12,42,0.0067416879733555,0.0083091943808391
2024-09-12,43,0.00213879922142013,0.00528917391998895
2024-09-12,44,0.0108951238050983,0.0110608790153126
2024-09-12,45,0.00864757286758078,0.00910140943514293
2024-09-12,46,-0.0105044145142719,-0.00980072125337728
2024-09-12,47,0.0176537450859637,0.0177075950722116
2024-09-12,48,0.0405901008897009,0.03955383876621
2024-09-12,49,0.0519813038977173,0.048738650230252
2024-09-12,50,-0.0369525144496023,-0.0370691452315342
2024-09-12,51,-0.0206512641907404,-0.0207544872455099
2024-09-12,52,-0.0150694820223034,-0.0148882000197208
2024-09-12,53,-0.00472254161861141,-0.0049457808931983
2024-09-12,54,0.020855118887261,0.0214138484013215
2024-09-12,55,-0.0760268418890258,-0.0775836538595325
2024-09-12,56,-0.0405064415361185,-0.0422479928893811
2024-09-12,57,-0.0724402746900958,-0.0725778780547515
2024-09-12,58,-0.102885894349568,-0.103300236384102
2024-09-12,59,-0.0663127571616418,-0.0668804997310666
2024-09-12,60,0.0461422292940643,0.0422837546328196
2024-09-12,61,0.00453970129933445,0.00111725589002099
2024-09-12,62,-0.0512322383167803,-0.0532110855811485
2024-09-12,63,-0.0268384350961961,-0.0289678762345194
2024-09-12,64,-0.0426452038529401,-0.0450071037766655
2024-09-12,65,0.0578206502555156,0.0544137369917923
2024-09-12,66,0.00594147778336573,0.00297029510917035
2024-09-12,67,-0.00403449888839447,-0.00634441435036237
2024-09-12,68,0.0152785943949141,0.0134921120901623
2024-09-12,69,0.0295615790355352,0.0268492359949573
2024-09-12,70,0.0431167894763149,0.0418991976675915
2024-09-12,71,0.0459751673429638,0.0440831645256612
2024-09-12,72,0.082843305990516,0.0806285800103836
2024-09-12,73,0.0304493644380068,0.0298811895321975
2024-09-12,74,-0.0160288797939403,-0.015621552376075
2024-09-12,75,-0.00241842639888556,-0.00404314904255898
2024-09-12,76,0.0332969307296915,0.0332827929702777
2024-09-12,77,0.00967807835518553,0.00737796103458166
2024-09-12,78,-0.0162319969194611,-0.0167619571129141
2024-09-12,79,-0.0162182024562316,-0.01892403095375
2024-09-12,80,-0.0165744850249974,-0.0196082592701377
2024-09-12,81,-0.0247167079744655,-0.0277286071890508
2024-09-12,82,0.00280073257851132,0.000973093524633484
2024-09-12,83,-0.0271567756025961,-0.0304286451151778
2024-09-12,84,-0.0210487860575714,-0.0245724617995613
2024-09-12,85,-0.0279615792146535,-0.032080359221915
2024-09-12,86,-0.00482508559828698,-0.00507237498997881
2024-09-12,87,-0.0324816774842418,-0.0305116873423881
2024-09-12,88,-0.00136075872159402,0.000679432620612985
2024-09-12,89,-0.02471457332891,-0.0241624808655931
2024-09-12,90,0.00694863820164926,0.0086822568328877
2024-09-12,91,-0.0145305420848674,-0.0138323626560268
2024-09-12,92,0.00992179312964936,0.0110521679301634
2024-09-12,93,-0.0089279641269826,-0.00812275213521829
2024-09-12,94,-0.0157182571668253,-0.0162521015244952
2024-09-12,95,0.00166753874699666,0.00189936266240132
2024-09-12,96,-0.00486828845191756,-0.00460879404669257
2024-09-12,97,-0.00855022660555971,-0.00929870697047086
2024-09-12,98,-0.0084523865091688,-0.00862569626379894
2024-09-12,99,0.00379734570897394,0.00352300067206279
2024-09-12,100,-0.0116950556760065,-0.0121748437328684
2024-09-12,101,0.00295331094817541,0.00263404599738948
2024-09-12,102,-0.00898821555562357,-0.00923418935203202
2024-09-12,103,0.00539238698375399,0.00474515135318576
2024-09-12,104,-0.00523818101257856,-0.00549016174815264
2024-09-12,105,-0.00274498185033867,-0.00301968513297446
2024-09-12,106,0.000245286941748191,-9.05711924374941e-05
2024-09-12,107,-0.00133910544023674,-0.00165372545966669
2024-09-12,108,6.21757100462972e-05,-0.00157200526174428
2024-09-12,109,0.000856615298243213,0.00090048032198986
2024-09-12,110,0.00780744280689039,0.00781370048261287
2024-09-12,111,-0.0015430458018324,-0.00213945390277459
2024-09-12,112,-0.0049547913861554,-0.00620309726911472
2024-09-12,113,0.00143503836023573,0.00176400541602462
2024-09-12,114,0.00663187415724487,0.0053060459563703
2024-09-12,115,-0.00891114243926872,-0.00981238344843227
2024-09-12,116,0.0137537375184076,0.0140023808592016
2024-09-12,117,-0.0112958404811012,-0.0125265235255529
2024-09-12,118,0.00419090905757624,0.00313312500573559
2024-09-12,119,0.00188592368478702,0.00120133345502715
2024-09-12,120,-0.00232957180812843,-0.00456517698209247
2024-09-12,121,0.00568921017514334,0.00540379844066052
2024-09-12,122,0.00803941115645124,0.00775900976277732
2024-09-12,123,0.00835846144090358,0.00743099813539772
2024-09-12,124,-0.0125199983443096,-0.0133397442897838
2024-09-12,125,0.0063307579725107,0.00533525389513123
2024-09-12,126,-0.00131891824156316,-0.00164585670817452
2024-09-12,127,0.004426555692981,0.00242509002830538
2024-09-12,128,0.00299317653620879,0.00301703218073968
2024-09-12,129,2.87478061595792e-05,-0.00165361193692881
2024-09-12,130,0.00880846023071236,0.00781874273143934
2024-09-12,131,-0.00141962009110852,-0.00199160835038903
2024-09-12,132,-0.00261002779711017,-0.00393690305644689
2024-09-12,133,0.00943667998317022,0.00869533898228347
2024-09-12,134,-0.0020231638352346,-0.00330738095696148
2024-09-12,135,0.0206907424697595,0.0202923071835066
2024-09-12,136,0.00186735706030916,0.000667169279717328
2024-09-12,137,-0.00317636115536502,-0.00439144894970056
2024-09-12,138,0.00272446366064738,0.00176009913481856
2024-09-12,139,0.0126735819557178,0.0126534407554928
2024-09-12,140,0.00650020542247276,0.00522163863400138
2024-09-12,141,-0.00750608881112313,-0.00909219725928878
2024-09-12,142,0.016969654240711,0.0156383115055139
2024-09-12,143,-0.00109872978905745,-0.00192873606632915
2024-09-12,144,0.00628373911587321,0.00499799472487261
2024-09-13,2,0.00639985226469708,0.00357220753435072
2024-09-13,3,0.00101360828304031,-0.00179668891216345
2024-09-13,4,0.00201279753227102,0.000550121352286936
2024-09-13,5,-0.0103824975385045,-0.014284882376387
2024-09-13,6,-0.00834016024788298,-0.0114220844798751
2024-09-13,7,-0.00534016024788286,-0.0089165007457197
2024-09-13,8,-0.00184905099671528,-0.00328488237638602
2024-09-13,9,-0.00977052811927859,-0.0130114032484592
2024-09-13,10,0.00921325922701488,0.00632327575679881
2024-09-13,11,-0.006441031994461,-0.00564710064923801
2024-09-13,12,-0.00797509993681267,-0.00352156717523577
2024-09-13,13,-0.016048986428344,-0.012844987370519
2024-09-13,14,0.022790759067826,0.0259194959028655
2024-09-13,15,-0.00329858669618144,-0.000519805665977202
2024-09-13,16,0.0339904385704486,0.0380722084336274
2024-09-13,17,0.0193054419613885,0.0215951163744634
2024-09-13,18,0.0321085868340694,0.0369418399877013
2024-09-13,19,0.00997182674947172,0.013656576899578
2024-09-13,20,0.00794157727499112,0.0129556525227983
2024-09-13,21,0.0144553293361787,0.0188662797433246
2024-09-13,22,-0.00204326107882835,0.00209982139106302
2024-09-13,23,0.031066779290537,0.0344398354223703
2024-09-13,24,2.51945493339178e-05,0.00378691823750543
2024-09-13,25,-0.000470683527036719,0.00227682072679158
2024-09-13,26,0.0221313003816981,0.0239705894031701
2024-09-13,27,0.00276849836324633,0.0074830238824557
2024-09-13,28,0.0112331451493199,0.013091833950627
2024-09-13,29,0.00792619925094318,0.00857035327296352
2024-09-13,30,0.0458460509007388,0.0456289321219288
2024-09-13,31,0.010389853466001,0.0096727923363602
2024-09-13,32,-0.00081423870888031,-0.000868259215343059
2024-09-13,33,-0.0135892533522073,-0.0125791043928984
2024-09-13,34,-0.0173709090240912,-0.01408919247684
2024-09-13,35,-0.0166259397797424,-0.015361364748248
2024-09-13,36,-0.015892648861473,-0.0142223218573125
2024-09-13,37,0.0216393255092857,0.022823457533871
2024-09-13,38,0.0141765732881449,0.0137383340973845
2024-09-13,39,-0.0175604294199809,-0.0178758514447246
2024-09-13,40,-0.0223218955044171,-0.0230424404471918
2024-09-13,41,-0.00857809702947243,-0.00980955415075258
2024-09-13,42,-0.017041116938576,-0.0179552138595191
2024-09-13,43,-0.019425644633241,-0.0224297819205077
2024-09-13,44,0.0113158617953655,0.0054450931195742
2024-09-13,45,0.0798475368852118,0.0728983537818912
2024-09-13,46,-0.0979587887772837,-0.0997938004827201
2024-09-13,47,-0.0540838594009472,-0.0553713367482409
2024-09-13,48,-0.0142889710974368,-0.0148033627123709
2024-09-13,49,-0.00524514395273812,-0.00502987733689686
2024-09-13,50,-0.0205149721108251,-0.0227663719371911
2024-09-13,51,0.023301509671164,0.0230791344547505
2024-09-13,52,-0.0336167261439231,-0.0304976200831746
2024-09-13,53,-0.0166104515865371,-0.0152377321310908
2024-09-13,54,0.00409604974324917,0.00340785112307174
2024-09-13,55,-0.0263333755081385,-0.0239532971169911
2024-09-13,56,0.0810073095002934,0.0784173855276507
2024-09-13,57,0.0121844062370693,0.0102099111091274
2024-09-13,58,0.0120886907422015,0.0120860128382994
2024-09-13,59,-0.0366216155976664,-0.035355076478611
2024-09-13,60,0.00918085803970037,0.00912202824002506
2024-09-13,61,0.0302399170724206,0.0336169350161679
2024-09-13,62,0.0114885831970666,0.0137698303618734
2024-09-13,63,0.032565396264153,0.0320038561123859
2024-09-13,64,-0.0153686599072262,-0.0173259532713725
2024-09-13,65,-0.0136675890322513,-0.0155609230331848
2024-09-13,66,0.00704521738100805,0.00375511570653586
2024-09-13,67,-0.0103773748953575,-0.0156146365818692
2024-09-13,68,0.0136037248217651,0.0130764022955852
2024-09-13,69,-0.00728615074543715,-0.0098450808660786
2024-09-13,70,0.0543214490616881,0.0517293237245848
2024-09-13,71,0.0295852386141116,0.0312529041827485
2024-09-13,72,-0.00558602680870735,-0.00339973691997031
2024-09-13,73,0.00304920151325128,0.00570290636201065
2024-09-13,74,-0.0179349042761325,-0.0148875492989529
2024-09-13,75,-0.0162421781998754,-0.0115520798210582
2024-09-13,76,-0.0248039368762356,-0.0224041696656041
2024-09-13,77,-0.0102207013400788,-0.00831390181220826
2024-09-13,78,-0.01534460725229,-0.0164730890490183
2024-09-13,79,0.0102635266277087,0.00819685933110925
2024-09-13,80,-6.30937486434391e-06,-0.00313560963802928
2024-09-13,81,-0.000225776691022084,-0.00245315773870303
2024-09-13,82,0.00540573312193349,0.00396861770111556
2024-09-13,83,0.00936627082695907,0.0087683052282479
2024-09-13,84,0.000237416022559778,-0.00252934321575715
2024-09-13,85,0.00253826557304482,0.00178081561955423
2024-09-13,86,-0.014712411715383,-0.0124354764702357
2024-09-13,87,0.0024762088780097,0.0095154762280103
2024-09-13,88,-0.0198798286153137,-0.0152804937496054
2024-09-13,89,-0.0153865952003036,-0.01060074105885
2024-09-13,90,-0.0136570713485131,-0.0103262327604963
2024-09-13,91,-0.0220398102419344,-0.0187750195935603
2024-09-13,92,-0.0102564650678074,-0.00874235508223009
2024-09-13,93,-0.0128869744025577,-0.0109446473825994
2024-09-13,94,-0.00248695378824948,-0.00107083407913855
2024-09-13,95,-0.0240296222741465,-0.0241824593410023
2024-09-13,96,-0.0101440820165282,-0.0108367158855565
2024-09-13,97,-0.00528791683440044,-0.0056150594753106
2024-09-13,98,-0.0207289699566777,-0.0217379374823192
2024-09-13,99,-0.0168987082231951,-0.0178491825352403
2024-09-13,100,-0.00464977995913785,-0.00508918450622176
2024-09-13,101,-0.0115298177999819,-0.012992979688935
2024-09-13,102,-0.000352325104334916,-0.000682587079069208
2024-09-13,103,-0.0150821203845029,-0.0160196610459522
2024-09-13,104,-0.00248133228581526,-0.00329539986686456
2024-09-13,105,-0.00300715344701263,-0.00287600824030498
2024-09-13,106,0.0038915655385674,0.00433662908415933
2024-09-13,107,0.00482099706224215,0.00466032013898854
2024-09-13,108,-0.00380633975882638,-0.00341354876265321
2024-09-13,109,-0.00839819867036962,-0.00818114375632817
2024-09-13,110,0.0076277422702864,0.00717312835477912
2024-09-13,111,-0.00519085035081535,-0.00533267880443233
2024-09-13,112,0.00716482864779611,0.00677551546783839
2024-09-13,113,0.0125551725201367,0.0127866413005577
2024-09-13,114,-0.00762008073052556,-0.00783463618491531
2024-09-13,115,0.0179409035969771,0.0193226201246439
2024-09-13,116,-0.0109649314524631,-0.0124876488787269
2024-09-13,117,0.0170204095759008,0.0179792466027262
2024-09-13,118,-0.00837454652699954,-0.00990542194435662
2024-09-13,119,0.00593148672314214,0.0049140369872358
2024-09-13,120,0.0155612579928865,0.0162969405606006
2024-09-13,121,-0.00789230218054549,-0.0101283100222638
2024-09-13,122,0.0016323961620337,0.00117338441470416
2024-09-13,123,0.00104851968704178,-0.000277376530464224
2024-09-13,124,0.0136808360746317,0.011925306310804
2024-09-13,125,-0.00889552351602063,-0.00988590189114191
2024-09-13,126,0.000732996950167042,-0.00137938178161612
2024-09-13,127,0.00337335090817881,0.00328343710462775
2024-09-13,128,-0.00226805686189113,-0.0045742984202537
2024-09-13,129,0.0111905837977986,0.0105020411131989
2024-09-13,130,0.0101180461986798,0.00870699014672738
2024-09-13,131,0.00287933276235997,0.00124856430515585
2024-09-13,132,0.00365775864916795,0.002362264425944
2024-09-13,133,-0.00679504593790803,-0.00977155968486443
2024-09-13,134,0.0055656792625749,0.00453353668036627
2024-09-13,135,0.00263543317572879,-0.000547950724881119
2024-09-13,136,0.00757709847598509,0.00581943162958609
2024-09-13,137,-0.00897847165643917,-0.0122728446556106
2024-09-13,138,0.0130646251252173,0.0116184460328803
2024-09-13,139,-0.00783959741792639,-0.0107492983751243
2024-09-13,140,0.00320421680065319,0.000891340991913125
2024-09-13,141,0.000915902079501763,-0.00176955882069407
2024-09-13,142,0.0172736235628514,0.0153847911374001
2024-09-13,143,0.00139506085331043,-0.000922077243192376
2024-09-13,144,0.00481708342176557,0.00281510949175789
2024-09-14,2,0.0316066465388261,0.0300097042739225
2024-09-14,3,0.00765474470648719,0.00457181307992727
2024-09-14,4,0.0091344774669615,0.00760865356504326
2024-09-14,5,0.031732623401667,0.0295001912676636
2024-09-14,6,0.000159758643361485,-0.00348932210263619
2024-09-14,7,0.0256097631757566,0.0234671837685951
2024-09-14,8,0.017515233480192,0.0150361733584035
2024-09-14,9,0.017702721750843,0.0151974196986675
2024-09-14,10,0.030027842965235,0.0283453208717219
2024-09-14,11,0.00548129644050199,0.00303800835101597
2024-09-14,12,0.0122299034713098,0.0187794200433924
2024-09-14,13,0.0427429499333769,0.0500870863563687
2024-09-14,14,0.0278502850022617,0.0335718933053695
2024-09-14,15,0.0224389035242751,0.0273857678814409
2024-09-14,16,0.0246867176175174,0.0306000195044192
2024-09-14,17,0.0364691202788956,0.0430391153253709
2024-09-14,18,0.0336344636270018,0.0388671293546938
2024-09-14,19,0.0257036188679418,0.0309799265468236
2024-09-14,20,0.0443292391745951,0.0500390026108413
2024-09-14,21,0.0346248333859407,0.039813769769415
2024-09-14,22,0.0201610270610209,0.0246183330334944
2024-09-14,23,0.0138481993159267,0.019764238499679
2024-09-14,24,0.0419113149287744,0.0508378511648377
2024-09-14,25,0.0021375575734961,0.00598742983566147
2024-09-14,26,0.0247961586623928,0.0297832472992514
2024-09-14,27,0.0229576421044237,0.0253492229571144
2024-09-14,28,-0.00947017303734121,-0.00759063526718506
2024-09-14,29,0.0142663488770092,0.0178357688264406
2024-09-14,30,0.012557435762619,0.0166869131309539
2024-09-14,31,-0.0263874321159294,-0.0240780344726463
2024-09-14,32,-0.0186093460054169,-0.016557853220613
2024-09-14,33,0.00657132928553761,0.00822818930810776
2024-09-14,34,-0.00672299476841509,-0.00729946865386211
2024-09-14,35,-0.0244199211351157,-0.0234993815037701
2024-09-14,36,-0.00283851302654359,0.000285462913657497
2024-09-14,37,-0.00138663742748246,0.000549419676183049
2024-09-14,38,-0.00411530972250063,-0.00475378544826377
2024-09-14,39,-0.00955719497927365,-0.0074454223751097
2024-09-14,40,-0.00931932359731036,-0.0101248005031351
2024-09-14,41,-0.00336258229306896,-0.000256643826499925
2024-09-14,42,-0.0704785948380078,-0.0670253096354472
2024-09-14,43,0.0415097173211221,0.043784642195245
2024-09-14,44,-0.00761731047118097,-0.00667558157294579
2024-09-14,45,0.0496552237223282,0.0495311348007483
2024-09-14,46,-0.057784410970199,-0.061355332872358
2024-09-14,47,0.00488065099784141,0.00306510311117059
2024-09-14,48,0.0236256662826371,0.0229252900686898
2024-09-14,49,0.028036648085652,0.0291246712015489
2024-09-14,50,-0.0701825204422768,-0.0703680204312711
2024-09-14,51,-0.0226976944434085,-0.0215700800697309
2024-09-14,52,0.0279207900210103,0.0251245193799168
2024-09-14,53,0.0142328537296095,0.0119658246585388
2024-09-14,54,-0.0200354142344956,-0.0213246277267309
2024-09-14,55,0.0168722080649957,0.0147743655919808
2024-09-14,56,0.0171876308785794,0.0141815308854714
2024-09-14,57,0.0122559344896631,0.011426962106821
2024-09-14,58,-0.00457906360773386,-0.00534288858282039
2024-09-14,59,0.08215206833147,0.0814979996238012
2024-09-14,60,-0.0124254341169889,-0.0134544916660637
2024-09-14,61,-0.0374005743744776,-0.0348003214063901
2024-09-14,62,0.00341336739672737,0.00464934514545945
2024-09-14,63,0.0441518272171937,0.0418085505949044
2024-09-14,64,-0.00171752870988318,-0.00128331768987699
2024-09-14,65,-0.0410700828731807,-0.0402289024188835
2024-09-14,66,-0.0566365521657968,-0.0553440828291425
2024-09-14,67,-0.0481822129911462,-0.0507884063079889
2024-09-14,68,0.00112984041809838,-0.00389074254236554
2024-09-14,69,-0.00661448308648716,-0.00801044342953716
2024-09-14,70,-0.0361500524333058,-0.0371540034594702
2024-09-14,71,-0.00972704304284289,-0.00994188990893541
2024-09-14,72,0.0141291446963709,0.0118273483232922
2024-09-14,73,0.0407472613562998,0.0389845312760695
2024-09-14,74,-0.0463237772602323,-0.0490957440120265
2024-09-14,75,0.0106410067000615,0.00801803530138478
2024-09-14,76,0.00498420524386578,0.00192877166180239
2024-09-14,77,0.0223247754926392,0.0209812767487012
2024-09-14,78,-0.0205076813765039,-0.0218223636256081
2024-09-14,79,-0.0038434804368972,-0.00566139899195406
2024-09-14,80,0.00762028013057048,0.00562496239151145
2024-09-14,81,0.00843278544741644,0.00475642505725205
2024-09-14,82,-0.00346960169313171,-0.00692977581426568
2024-09-14,83,-0.0206113388427767,-0.025188614751988
2024-09-14,84,-0.0134573914532661,-0.0177018143800289
2024-09-14,85,-0.00770073482849654,-0.0125520053590353
2024-09-14,86,-0.0281840794144461,-0.0263982197685149
2024-09-14,87,-0.0199638286624477,-0.017766364065368
2024-09-14,88,-0.0197362970928454,-0.0190140945041701
2024-09-14,89,-0.0466287056581738,-0.0468139220540564
2024-09-14,90,-0.0186172591510934,-0.0193628547742648
2024-09-14,91,-0.0484620152769599,-0.0494364138037113
2024-09-14,92,-0.0289111847546923,-0.031063228167417
2024-09-14,93,-0.0240102856132642,-0.0249503137651903
2024-09-14,94,-0.0393574261839262,-0.0415136478393734
2024-09-14,95,-0.0196338595038394,-0.0203964168341297
2024-09-14,96,-0.0309230962867604,-0.0324256245628707
2024-09-14,97,-0.0171451146691517,-0.0174656423718318
2024-09-14,98,-0.0147321860359151,-0.0161362735900994
2024-09-14,99,-0.0105298993693133,-0.0104217083108047
2024-09-14,100,-0.0185498856612343,-0.0183601007981107
2024-09-14,101,-0.0130854371839826,-0.0134590400839549
2024-09-14,102,-0.0137709725270199,-0.0137469295520365
2024-09-14,103,-0.0123379248883495,-0.0127276493764654
2024-09-14,104,-0.00641679684233498,-0.00610369758385154
2024-09-14,105,0.00296237323392301,0.00404788943329848
2024-09-14,106,-0.022415412379531,-0.022627667540803
2024-09-14,107,-0.000193258093324822,0.000718304039677875
2024-09-14,108,-0.0114901487876233,-0.0127138655039829
2024-09-14,109,0.00698169227787737,0.00692458162990484
2024-09-14,110,-0.0107099073996952,-0.0105266225160126
2024-09-14,111,-0.0105756853365282,-0.0116543877595561
2024-09-14,112,0.00508717156105298,0.00541959336000808
2024-09-14,113,-0.00687317921382391,-0.00640540100965126
2024-09-14,114,-0.00355262548027113,-0.00436767142867467
2024-09-14,115,-0.00105627525763996,-0.00143291354609332
2024-09-14,116,0.00281362926997275,0.00247206480522344
2024-09-14,117,-0.00478254036322046,-0.00498122248333566
2024-09-14,118,-0.00300317667430949,-0.0044875123703978
2024-09-14,119,-0.0178040095761949,-0.0184723850731814
2024-09-14,120,-0.00818970152587628,-0.00961769156898917
2024-09-14,121,0.0150169699380358,0.0142626184869172
2024-09-14,122,0.00983761286991314,0.00949034242867342
2024-09-14,123,-0.0162384797490551,-0.0182821899823171
2024-09-14,124,0.0116110908106055,0.011528106843933
2024-09-14,125,-0.0124684529822137,-0.0142706726711292
2024-09-14,126,0.00763054213184144,0.00597682524838028
2024-09-14,127,-0.000817878682277673,-0.00146705838930217
2024-09-14,128,0.000814624733707525,7.70974596342455e-06
2024-09-14,129,0.00841873222633449,0.00794423562969548
2024-09-14,130,-0.000109197333046929,-0.000895737826912324
2024-09-14,131,0.00222596405392661,0.000510868881500315
2024-09-14,132,0.00713782491850967,0.0062258709818348
2024-09-14,133,-0.00465769136889538,-0.00588740219632555
2024-09-14,134,0.0160940866287174,0.0146245085567624
2024-09-14,135,0.0021811814200392,0.00176782183704027
2024-09-14,136,0.0160300562271756,0.0146540912418143
2024-09-14,137,5.29202158858766e-05,-0.000684034891815344
2024-09-14,138,0.0064923346969552,0.00472007109871164
2024-09-14,139,0.00326711811763136,0.00147122414868406
2024-09-14,140,0.0164181365288627,0.0154266565055785
2024-09-14,141,0.00876769806894728,0.00830883849431352
2024-09-14,142,0.0188532524105831,0.0178369514679559
2024-09-14,143,0.0134870465370502,0.0119087078814939
2024-09-14,144,0.0022615570864053,0.00113949869642305
2024-09-15,2,0.0202662807319838,0.0185086512521178
2024-09-15,3,0.027466163920753,0.0265191715085091
2024-09-15,4,0.0359203843425222,0.0341232837162195
2024-09-15,5,0.00659921655484474,0.00498879407615682
2024-09-15,6,0.0435453823531011,0.0415844979381763
2024-09-15,7,0.0202099892282313,0.0189915564214633
2024-09-15,8,0.0442264678585609,0.043623213517126
2024-09-15,9,0.0184458184229177,0.0164164882591127
2024-09-15,10,0.0109891782715899,0.00711952218191314
2024-09-15,11,0.0499137125921454,0.0491493852604545
2024-09-15,12,0.00952461351496936,0.016073611491155
2024-09-15,13,0.0435903872202044,0.0497724328386759
2024-09-15,14,0.0525869194882205,0.059999911786841
2024-09-15,15,0.0303323527807784,0.0366570228795897
2024-09-15,16,0.0418784931252407,0.049728882451209
2024-09-15,17,0.0396368751019551,0.0475317976632859
2024-09-15,18,0.017990623498636,0.0246051328926171
2024-09-15,19,0.033825601737635,0.0414434578727256
2024-09-15,20,0.0399572625358227,0.0463309179225142
2024-09-15,21,0.0439996110849137,0.054178122018449
2024-09-15,22,0.014159192783838,0.0216922409638176
2024-09-15,23,0.0257172043868099,0.0335104872884582
2024-09-15,24,0.0372771482709311,0.0441407288524811
2024-09-15,25,0.0184437346630633,0.0273365081652717
2024-09-15,26,0.0315751981443597,0.0402984697137132
2024-09-15,27,0.00377057718765883,0.0116044479200639
2024-09-15,28,0.00998166165763958,0.0187813387155789
2024-09-15,29,-0.00515144538591805,0.00295304963995591
2024-09-15,30,-0.0106041240278607,-0.00250024663825599
2024-09-15,31,-0.0111905970300308,-0.00322155331579133
2024-09-15,32,0.0131771369512252,0.019734408406455
2024-09-15,33,0.0435859846878763,0.0493014429655165
2024-09-15,34,0.0528031915784668,0.0534714094756321
2024-09-15,35,-0.0226077883565594,-0.0215902373964738
2024-09-15,36,0.0304165559506826,0.033758238827728
2024-09-15,37,0.0280753918424308,0.0306747394055247
2024-09-15,38,-0.0223181778928732,-0.0228785313948201
2024-09-15,39,-0.0511400003445894,-0.0494877827226539
2024-09-15,40,-0.0229946425388494,-0.0198443142897684
2024-09-15,41,-0.0337120013432353,-0.0300112202874203
2024-09-15,42,-0.117914700887989,-0.11164015670542
2024-09-15,43,0.00782019626350561,0.00581112723296329
2024-09-15,44,0.0985199207289194,0.0943132335007348
2024-09-15,45,0.0205993528630062,0.0120358474934701
2024-09-15,46,-0.0453974470048504,-0.0487944288144284
2024-09-15,47,0.0192057828412544,0.014620772440546
2024-09-15,48,0.072139462729222,0.06738992892749
2024-09-15,49,0.0313520035524864,0.0289739635006594
2024-09-15,50,-0.0577329423018105,-0.0584560489897363
2024-09-15,51,-0.0421003638122954,-0.0419984614650861
2024-09-15,52,0.0109238289791138,0.0103163749475925
2024-09-15,53,0.0127099460093216,0.00961813049795524
2024-09-15,54,-0.0140365709251222,-0.0153295720526661
2024-09-15,55,0.0326965663852894,0.0332663746259332
2024-09-15,56,0.0695216232519771,0.0673360951308979
2024-09-15,57,-0.00996016200006711,-0.00600182275231731
2024-09-15,58,-0.0560913281393294,-0.0532785813958849
2024-09-15,59,0.0244700451694548,0.0293977344355607
2024-09-15,60,-0.0417821570843975,-0.0411246823036837
2024-09-15,61,0.0581720390992952,0.0592618868279029
2024-09-15,62,0.00421121130298552,0.00311153124435393
2024-09-15,63,0.0314992010297797,0.0318623856280258
2024-09-15,64,-0.0221444871149261,-0.0204842229800573
2024-09-15,65,-0.00587959480121203,-0.00447310171026949
2024-09-15,66,-0.104551337254874,-0.102050902092342
2024-09-15,67,-0.0290082973938643,-0.0330128176950684
2024-09-15,68,-0.0265677245958056,-0.029551751468933
2024-09-15,69,-0.067127524747109,-0.0695730275471504
2024-09-15,70,-0.0356237789801224,-0.0396873452798339
2024-09-15,71,-0.00932290925981238,-0.0135169148815049
2024-09-15,72,0.0438544920008974,0.0356928367094103
2024-09-15,73,0.00966614903486196,0.00246990150959725
2024-09-15,74,-0.0361490450071296,-0.0402769384649613
2024-09-15,75,-0.0393158108737222,-0.0459402285416388
2024-09-15,76,-0.0453318645725309,-0.0523443780026245
2024-09-15,77,-0.0209143912162206,-0.0272769447010273
2024-09-15,78,-0.0227601741189343,-0.030325093555696
2024-09-15,79,-0.0193843222957959,-0.0251620254315146
2024-09-15,80,-0.00181132759745939,-0.00806788122369184
2024-09-15,81,0.0184117283891689,0.0124199883647833
2024-09-15,82,0.00646598769256013,0.00148711112110611
2024-09-15,83,-0.00140643856735245,-0.00768811142151904
2024-09-15,84,-0.0102717069588936,-0.0173222593811175
2024-09-15,85,-0.0118928374676059,-0.0178221086682981
2024-09-15,86,-0.0238837264510758,-0.022757109203317
2024-09-15,87,-0.0121656460672535,-0.00891987626368973
2024-09-15,88,-0.0475317939811699,-0.0462568219673294
2024-09-15,89,-0.0105707424142087,-0.00886149075235743
2024-09-15,90,-0.0264280763028628,-0.0259687402076807
2024-09-15,91,-0.0289770233543454,-0.0292964044015998
2024-09-15,92,-0.0307812800547573,-0.030701614722652
2024-09-15,93,-0.0288838797039457,-0.0291769300048417
2024-09-15,94,-0.0124394051409151,-0.0122381326023575
2024-09-15,95,-0.023612818362035,-0.024459808093475
2024-09-15,96,-0.0229630089266539,-0.0235708790352831
2024-09-15,97,-0.022562543482791,-0.0235933944955278
2024-09-15,98,-0.012577239757209,-0.014036302766133
2024-09-15,99,-0.0201971377078749,-0.0208330463862367
2024-09-15,100,-0.0256985641854044,-0.0264763529123933
2024-09-15,101,0.00268706670012531,0.00180710732851885
2024-09-15,102,-0.0319022267800166,-0.0332093111886103
2024-09-15,103,0.000979093562570199,0.0014951806760255
2024-09-15,104,-0.014725935330552,-0.0165036824137577
2024-09-15,105,-0.0128985037621225,-0.0136180843003295
2024-09-15,106,-0.00466819491261727,-0.00441233131750174
2024-09-15,107,-0.0146009099478421,-0.0153425441781785
2024-09-15,108,-0.0190297001971089,-0.0198496263033476
2024-09-15,109,0.014331241946107,0.014748679067262
2024-09-15,110,-0.0304539571906446,-0.0322146599376936
2024-09-15,111,-0.0137435960485845,-0.0150459135902725
2024-09-15,112,-0.000722912725432678,-0.00102757865578518
2024-09-15,113,-0.000496489743828654,-0.00104893754325452
2024-09-15,114,0.00760429175133392,0.00779254312154265
2024-09-15,115,-0.0217784020129344,-0.0235874001316265
2024-09-15,116,-0.00417417992122626,-0.00515387869108963
2024-09-15,117,0.000354371319805757,-0.000269264667524638
2024-09-15,118,-0.00629402762077103,-0.00789988582236667
2024-09-15,119,-0.0068410776709058,-0.00738771968537222
2024-09-15,120,-0.00632466176887991,-0.00804012809012633
2024-09-15,121,0.00880160473158043,0.00744985155886013
2024-09-15,122,-0.0186893769852663,-0.0202268758569382
2024-09-15,123,-0.00149393744121618,-0.00221188396270477
2024-09-15,124,0.0079968641560999,0.00613645647963956
2024-09-15,125,-0.000318625914475845,-0.00157156694974425
2024-09-15,126,0.000898664002296989,-0.00112038233673317
2024-09-15,127,-0.000642977223097141,-0.00184604410442368
2024-09-15,128,0.00902125463434178,0.00815651847695875
2024-09-15,129,-0.00121143660545719,-0.00313071043654745
2024-09-15,130,-0.00476841336759559,-0.00596361400542023
2024-09-15,131,0.0293129494381192,0.0287240232408781
2024-09-15,132,-0.0317629937697879,-0.0357919515917295
2024-09-15,133,0.0175601487745487,0.0169209150575451
2024-09-15,134,-0.00440451228059136,-0.00716341403416898
2024-09-15,135,0.00953062887739797,0.00748793109634782
2024-09-15,136,0.000776610197137373,-0.00152515656788665
2024-09-15,137,0.0151299796202577,0.0135214764751943
2024-09-15,138,0.0100082861007706,0.00893549436389307
2024-09-15,139,-7.64378060251758e-05,-0.00158514975908375
2024-09-15,140,0.0073915061250247,0.005013646053877
2024-09-15,141,0.00406012074348627,0.00208889310530758
2024-09-15,142,0.0021162636019465,0.00091381407266411
2024-09-15,143,0.0102010078471526,0.00762384293989271
2024-09-15,144,0.00639230863454188,0.0043555436015339
2024-09-16,2,0.0191656523497103,0.018403760501041
2024-09-16,3,0.0151704103792198,0.013909718035368
2024-09-16,4,0.00231944769219883,0.00108062205691617
2024-09-16,5,0.0224723469242187,0.021175333254984
2024-09-16,6,0.00486016523323229,0.00340463207429487
2024-09-16,7,0.00830177742374261,0.0059236358990109
2024-09-16,8,0.00898422041476188,0.00783340603291727
2024-09-16,9,0.00869267117941863,0.00661652609601582
2024-09-16,10,0.00770639060594203,0.00620349319124003
2024-09-16,11,0.021130934476135,0.0210459941795058
2024-09-16,12,0.0159070860793493,0.0205956456332146
2024-09-16,13,0.0149558689886931,0.0202149594664824
2024-09-16,14,0.0104314485814019,0.0148516185361647
2024-09-16,15,0.00816929313709736,0.0132126011371589
2024-09-16,16,0.046512118623097,0.0513061757366966
2024-09-16,17,0.0297326007241727,0.0340074239454253
2024-09-16,18,0.066035691558004,0.0717414282202196
2024-09-16,19,0.0481606735923927,0.0538314861252438
2024-09-16,20,0.0507299731387505,0.0561697365515528
2024-09-16,21,0.0594155749921343,0.0652123745187385
2024-09-16,22,0.041023695883764,0.046295278489719
2024-09-16,23,0.0555460458073957,0.0620427924303879
2024-09-16,24,0.0500825171568291,0.0550266395425005
2024-09-16,25,0.0403853676637285,0.0466524225279805
2024-09-16,26,0.0111514640726851,0.0166091752967397
2024-09-16,27,0.0296230895925467,0.033055931407791
2024-09-16,28,0.0119929028547698,0.0156335871587565
2024-09-16,29,0.000337116637108004,0.00338727103215319
2024-09-16,30,0.00715887162369366,0.0101836167023954
2024-09-16,31,0.0109770101094275,0.0133475827334681
2024-09-16,32,0.0220907986926155,0.0238813823987307
2024-09-16,33,0.0036911576481673,0.00466480102161171
2024-09-16,34,0.0221619887348909,0.0231946159756529
2024-09-16,35,0.0153984544475447,0.0165677438632468
2024-09-16,36,0.0225780147586168,0.0224370785389265
2024-09-16,37,0.0757773165063966,0.0774196775187725
2024-09-16,38,0.0363994713742146,0.0357960654130682
2024-09-16,39,-0.016311118393519,-0.0151287503807787
2024-09-16,40,0.0476039488735696,0.0483365706036025
2024-09-16,41,-0.0195690037893774,-0.0171073235841082
2024-09-16,42,-0.0101583261473941,-0.00763310037668674
2024-09-16,43,-0.103002495388101,-0.0970183146480501
2024-09-16,44,-0.150657571298046,-0.145037025824221
2024-09-16,45,-0.0690793629551445,-0.0640983109488822
2024-09-16,46,-0.147470905605263,-0.143240265011295
2024-09-16,47,-0.125471692651548,-0.122223714079649
2024-09-16,48,0.0432087380733073,0.0426989863022627
2024-09-16,49,0.0824491422566718,0.0829386549881264
2024-09-16,50,-0.0239248371306289,-0.0233573102600086
2024-09-16,51,-0.0764990077649657,-0.0746049313330737
2024-09-16,52,-0.0726296751020064,-0.0698941177397909
2024-09-16,53,0.107271128596782,0.102749536280138
2024-09-16,54,-0.0640404774975023,-0.0648210415708181
2024-09-16,55,0.142823898129547,0.139625977835303
2024-09-16,56,0.0377506280885909,0.0299062795720832
2024-09-16,57,0.00779212135577456,0.00616503457994355
2024-09-16,58,0.0726551535626925,0.0711188133752572
2024-09-16,59,0.0488780693423054,0.0475749037253586
2024-09-16,60,0.0403677547946346,0.040272997462317
2024-09-16,61,-0.0774309726392266,-0.0764226214094741
2024-09-16,62,0.0316577308619088,0.0314344363416925
2024-09-16,63,-0.06734386136187,-0.0671539079981791
2024-09-16,64,-0.0185068909423709,-0.018435893141806
2024-09-16,65,0.0224075619868991,0.0222402611178634
2024-09-16,66,0.00234022712171278,0.00141671883806183
2024-09-16,67,0.019308427296683,0.0183437343152892
2024-09-16,68,-0.0338861526652021,-0.0359218373908199
2024-09-16,69,-0.0261254533842612,-0.0287643908225945
2024-09-16,70,-0.013556944237485,-0.0152051706807139
2024-09-16,71,-0.0614045036143098,-0.0631065919990608
2024-09-16,72,-0.0304990808651375,-0.0329818921373786
2024-09-16,73,0.0385904191271891,0.0350843232758677
2024-09-16,74,0.043174165386918,0.038932155279312
2024-09-16,75,0.0775984838650521,0.0738432350590195
2024-09-16,76,0.0172024298986644,0.0137522215416901
2024-09-16,77,0.00565261038145515,0.000254839168873033
2024-09-16,78,-0.011163703878081,-0.0159489911655939
2024-09-16,79,-0.0621255901692299,-0.0658579569496887
2024-09-16,80,-0.0938451271054133,-0.0991574550799452
2024-09-16,81,-0.0755459651052623,-0.0741372086228793
2024-09-16,82,-0.0239703033228169,-0.0231680576461564
2024-09-16,83,-0.0247295225255826,-0.0292785619805205
2024-09-16,84,-0.0251853502591368,-0.0294264876423291
2024-09-16,85,-0.0193209941734187,-0.0191313118860812
2024-09-16,86,0.0164999947846338,0.0190512188030034
2024-09-16,87,-0.0347284983573948,-0.0374714144976682
2024-09-16,88,-0.0288773083498741,-0.0299101653895839
2024-09-16,89,-0.00183206040351003,-0.00143077822725424
2024-09-16,90,-0.0421340638297938,-0.0433364773548206
2024-09-16,91,-0.0175818283611413,-0.0195465480085346
2024-09-16,92,-0.0172054472644652,-0.0173766486029905
2024-09-16,93,-0.0220266572205237,-0.0228286001444928
2024-09-16,94,-0.00400466932411447,-0.00441061927114994
2024-09-16,95,-0.00483117349623186,-0.00518181842963195
2024-09-16,96,-0.00476130371978467,-0.00431747536699589
2024-09-16,97,-0.00444669409969656,-0.00429881582396874
2024-09-16,98,-0.0146165079407954,-0.0150158087074566
2024-09-16,99,-0.00700917074174079,-0.00797770742342152
2024-09-16,100,-0.00791452583661822,-0.00811410303425397
2024-09-16,101,-0.0112058592433293,-0.0122194284838795
2024-09-16,102,0.0075916773874809,0.00684983784712756
2024-09-16,103,-0.0258887642155461,-0.027280589051859
2024-09-16,104,-0.000108352900911157,-0.000599125080620766
2024-09-16,105,0.00336970698482641,0.0026661271213424
2024-09-16,106,-0.0170140247606847,-0.0184585388342828
2024-09-16,107,-0.000312602291306696,-0.000437914058959876
2024-09-16,108,0.00165532721339723,0.000169820019239708
2024-09-16,109,-0.0193665031741403,-0.0207846208695184
2024-09-16,110,0.00224137963549964,0.00154744681514174
2024-09-16,111,-0.00515063910915359,-0.0061035397875937
2024-09-16,112,-0.00450590579806853,-0.00490311504072771
2024-09-16,113,-0.000166521462734437,-0.0011455627863679
2024-09-16,114,-0.00876384192619017,-0.00919068664373235
2024-09-16,115,-0.00973030264357178,-0.0102334196686389
2024-09-16,116,0.0102983957720353,0.00970188999362165
2024-09-16,117,-0.0152155547826984,-0.0159975530589325
2024-09-16,118,-0.00154601837492141,-0.00188673216547386
2024-09-16,119,0.00357501754017431,0.00316725978937704
2024-09-16,120,-0.012944147111333,-0.0149566026195238
2024-09-16,121,0.015927553670684,0.0166229056940743
2024-09-16,122,-0.0166247704146851,-0.0186764910936645
2024-09-16,123,0.00231103436448254,0.00214710534626406
2024-09-16,124,0.00164949184204755,0.000365298418508075
2024-09-16,125,-0.0100636976119128,-0.0116068035762495
2024-09-16,126,-0.000803227307915044,-0.00129259175004925
2024-09-16,127,-0.00136754267852091,-0.00243610871253708
2024-09-16,128,0.0029033609021285,0.00180485587496371
2024-09-16,129,0.0115244136608856,0.0106808000055949
2024-09-16,130,-0.0133276054900593,-0.0154614706654232
2024-09-16,131,0.0145664029218562,0.0134671433140063
2024-09-16,132,-0.00808842761248219,-0.0091213351938908
2024-09-16,133,0.00437925011393325,0.00243977618710822
2024-09-16,134,-0.00325804448371247,-0.00513698883389502
2024-09-16,135,-0.00404177364667824,-0.00510161656038655
2024-09-16,136,0.000738525472978147,-0.000968298732773931
2024-09-16,137,0.0118435426473145,0.0115563581908287
2024-09-16,138,-9.11448754878919e-05,-0.00258310837323172
2024-09-16,139,0.00270308339944236,0.00132444827798572
2024-09-16,140,-0.00753284694535594,-0.00945523909454238
2024-09-16,141,0.0124940608749213,0.0116357877049662
2024-09-16,142,0.00158539260053203,-9.60391375386394e-05
2024-09-16,143,-0.0132419610851304,-0.0149023780315254
2024-09-16,144,0.0169408319944448,0.0159357217735145
2024-09-17,2,-0.0117610899049554,-0.0113489179958499
2024-09-17,3,0.00707745754514111,0.00722586189475116
2024-09-17,4,0.00430729960469911,0.0046779062782516
2024-09-17,5,-0.00229041633737381,-0.00166112558968301
2024-09-17,6,-0.0137532808780367,-0.0142101379099415
2024-09-17,7,-0.0008339038455496,-0.00025955628176888
2024-09-17,8,0.0167953841763877,0.0176184202400389
2024-09-17,9,-0.00917335078619086,-0.00944204152749073
2024-09-17,10,0.0170145839442606,0.0177677586338714
2024-09-17,11,-0.0121338374636091,-0.0124506927818473
2024-09-17,12,0.0169630607492754,0.0202360119295708
2024-09-17,13,0.0084727387758976,0.0117961575949952
2024-09-17,14,0.0446871662995791,0.0483852342281264
2024-09-17,15,0.0219998290073891,0.0255193294791844
2024-09-17,16,0.0235221543223387,0.0266338647039319
2024-09-17,17,0.028999245233444,0.0313996888935311
2024-09-17,18,0.0349168944214959,0.038523363569638
2024-09-17,19,0.0155208986409647,0.0191989939351558
2024-09-17,20,-0.0110001190919808,-0.00776834738345755
2024-09-17,21,0.00566762334587967,0.00954155843123417
2024-09-17,22,0.0130738034507338,0.0169810586850137
2024-09-17,23,0.00868618981610503,0.0126652694521479
2024-09-17,24,0.0164139694868135,0.0198450090686251
2024-09-17,25,-0.0213173359523475,-0.0173477590221633
2024-09-17,26,-0.043991581811091,-0.0408512242321653
2024-09-17,27,0.0139581668544571,0.0180757013115844
2024-09-17,28,-0.00221245681161175,0.000304230193927779
2024-09-17,29,-0.03495985534009,-0.0321751243578383
2024-09-17,30,-0.0363366412963613,-0.0330234994623186
2024-09-17,31,-0.0224987711108522,-0.0189643918205533
2024-09-17,32,0.0982379653124399,0.101203631230478
2024-09-17,33,0.0305070045348197,0.0325241796485116
2024-09-17,34,-0.0146667152776203,-0.0114928077270768
2024-09-17,35,-0.00287286607747816,0.00029169459122258
2024-09-17,36,0.0110776131523345,0.0139116122261598
2024-09-17,37,0.00908956959332841,0.0127021679327459
2024-09-17,38,-0.0830541860822462,-0.0806422434616341
2024-09-17,39,-0.0220939269075799,-0.0187181549046898
2024-09-17,40,0.013943775118654,0.0164062075717073
2024-09-17,41,0.0651613956660251,0.0661920856860707
2024-09-17,42,0.0540859691904201,0.0553844637396494
2024-09-17,43,0.0814723186186237,0.0814743112137393
2024-09-17,44,0.0637267470467977,0.0641507186641839
2024-09-17,45,0.0580487151532978,0.0578026842884203
2024-09-17,46,0.0585436954717169,0.0584764095094741
2024-09-17,47,0.0619260962688122,0.0602362759367292
2024-09-17,48,0.0204942639122736,0.0190891954913379
2024-09-17,49,-0.0110541644817337,-0.0113960306040983
2024-09-17,50,0.0240082614234138,0.0240263766576927
2024-09-17,51,0.028154217552868,0.0271610191050211
2024-09-17,52,-0.00536991416115118,-0.00528652978869992
2024-09-17,53,-0.0229707625642277,-0.0222240266973994
2024-09-17,54,0.00526426280502257,0.00438550372557422
2024-09-17,55,0.0402953236864754,0.0398605327548385
2024-09-17,56,-0.041851812354226,-0.0424697304888451
2024-09-17,57,-0.0566201068211685,-0.0568249065585338
2024-09-17,58,-0.065102740588947,-0.0645297707216592
2024-09-17,59,-0.0582566632281356,-0.0578391930015094
2024-09-17,60,-0.0586516469001914,-0.0588846917269077
2024-09-17,61,-0.0931388885136908,-0.0935464208245662
2024-09-17,62,-0.0589239781957804,-0.0578797555966695
2024-09-17,63,-0.083599728238676,-0.084933934509273
2024-09-17,64,-0.0573168538395379,-0.0575822815583535
2024-09-17,65,-0.0422802322713869,-0.0421746236404381
2024-09-17,66,-0.0117136587718836,-0.0128789573004653
2024-09-17,67,0.0025958060066289,0.00154631281984408
2024-09-17,68,0.0172648880798123,0.0160596244286157
2024-09-17,69,0.0204171113987135,0.0188303812213739
2024-09-17,70,0.0491787403033133,0.0474268071754
2024-09-17,71,0.00490784244323716,0.0019307557271393
2024-09-17,72,0.0307000866039182,0.0294783716774898
2024-09-17,73,-0.0129784078478004,-0.0147230376121659
2024-09-17,74,-0.00744854807909068,-0.00989814491897434
2024-09-17,75,-0.0128298594170992,-0.0156845901568481
2024-09-17,76,0.00471636652225715,0.00309441172222336
2024-09-17,77,-0.0151591969444658,-0.0180318156349522
2024-09-17,78,0.0056596210841402,0.00311466961373696
2024-09-17,79,-0.0341244303537716,-0.0373522100391916
2024-09-17,80,-0.0163574608330324,-0.0187227560766701
2024-09-17,81,-0.00669937304771118,-0.0102689901697897
2024-09-17,82,-0.00650751972491737,-0.0094056007155654
2024-09-17,83,-0.0114949646403328,-0.0153498818486124
2024-09-17,84,-0.0140377699406287,-0.0172544960736403
2024-09-17,85,-0.00228912448832475,-0.00419971485247039
2024-09-17,86,-0.00536381379453843,-0.00571597422514536
2024-09-17,87,-0.00484014739479122,-0.00492112003093936
2024-09-17,88,-0.0156373617520549,-0.0159865452251129
2024-09-17,89,-0.0257729077942823,-0.0279540990956875
2024-09-17,90,-0.00942207882302082,-0.00922924835962213
2024-09-17,91,0.0146645078038814,0.0147844135806707
2024-09-17,92,-0.0119149100577172,-0.0128373432129507
2024-09-17,93,-0.0102072351947173,-0.0111123574905161
2024-09-17,94,-0.000124891123066462,-4.06554290428573e-05
2024-09-17,95,0.00273155405156267,0.00256378546959191
2024-09-17,96,-0.00950494365045973,-0.0102205901992622
2024-09-17,97,0.00378701413346949,0.00386660119602489
2024-09-17,98,-0.0067200258659943,-0.00694595406379506
2024-09-17,99,0.00710148639350461,0.00712043373608573
2024-09-17,100,-0.0123607965373145,-0.0131488464562022
2024-09-17,101,0.0164223362845997,0.0166817637337804
2024-09-17,102,-0.0205262858410613,-0.0215963617848374
2024-09-17,103,0.0136310979538017,0.0133414845233819
2024-09-17,104,-0.00247535571800572,-0.00280624675273167
2024-09-17,105,0.00283305491640373,0.00275849092188452
2024-09-17,106,0.00198740657439789,0.000808730482420472
2024-09-17,107,-0.006725637982397,-0.00630178147007143
2024-09-17,108,0.00787821013601775,0.00693870195104651
2024-09-17,109,0.00382385977706612,0.00343758569209385
2024-09-17,110,-0.00255861271956981,-0.00327875353173468
2024-09-17,111,0.00761979853309303,0.00744500094984879
2024-09-17,112,0.000429120062013233,-4.05807384780132e-05
2024-09-17,113,-0.00245988708294664,-0.00324477334859807
2024-09-17,114,-0.00551318031173054,-0.00652383954436431
2024-09-17,115,0.0160341363820198,0.0160283078853869
2024-09-17,116,-0.00377053576170461,-0.00457089100767938
2024-09-17,117,-0.00530883226895185,-0.00614260104815756
2024-09-17,118,0.00575900087311254,0.00516819683678271
2024-09-17,119,0.0103048113957174,0.00972177517538597
2024-09-17,120,-0.00559396175559357,-0.00726010941503219
2024-09-17,121,0.0064395936340711,0.00661329104462993
2024-09-17,122,0.00424291797364695,0.00333773384643088
2024-09-17,123,0.00220643719160041,0.000761673835265597
2024-09-17,124,-0.00326719335579906,-0.00365979463724564
2024-09-17,125,0.000918755477937516,0.000233673555927183
2024-09-17,126,0.0155146991201489,0.0139860181658005
2024-09-17,127,-0.0157028127626315,-0.0166585397957704
2024-09-17,128,0.00503414806441871,0.00402511588557886
2024-09-17,129,0.0103033807439683,0.00957201541331365
2024-09-17,130,0.00873968828691662,0.00744236531349429
2024-09-17,131,-0.0152386182649522,-0.0164903055907235
2024-09-17,132,-0.00122223363160145,-0.00254122092777997
2024-09-17,133,0.0171922675380971,0.016412212254858
2024-09-17,134,0.00247123460387044,0.00113374773094321
2024-09-17,135,-0.00287629138312706,-0.00366676169715596
2024-09-17,136,-0.00575549084618654,-0.00765840726102596
2024-09-17,137,0.00820884820877765,0.00709578974666591
2024-09-17,138,-0.00104441142088341,-0.00212818248554392
2024-09-17,139,0.000518844152856524,-0.000619687580957873
2024-09-17,140,0.0011195378405553,-0.000830323394254151
2024-09-17,141,0.00592919161516647,0.0047795668187387
2024-09-17,142,0.0113340656230614,0.0101841751463265
2024-09-17,143,-0.000396069736032345,-0.00180270774769298
2024-09-17,144,-0.0101558101096852,-0.0121195274720165
2024-09-18,2,-0.0202208233725649,-0.0211344047882029
2024-09-18,3,-0.00814879344988118,-0.00954798991378247
2024-09-18,4,0.00479386272504101,0.00372566100508642
2024-09-18,5,-0.0182650733054572,-0.0192178331443618
2024-09-18,6,-0.00920300232796656,-0.0102999023726387
2024-09-18,7,0.0118727266486349,0.0114590327920947
2024-09-18,8,-0.0265557691373717,-0.0289544233590711
2024-09-18,9,0.0122140276049993,0.0128394248274812
2024-09-18,10,-0.0131224941254136,-0.0145413027230639
2024-09-18,11,0.000374196544653316,-0.00041146950612081
2024-09-18,12,-0.00481467319735174,-0.00457835145805596
2024-09-18,13,-0.00526589342970762,-0.00449147060141719
2024-09-18,14,-0.000905552416833544,0.000233908370043778
2024-09-18,15,0.0134306710565735,0.0136720094645781
2024-09-18,16,0.00723471151555533,0.00948783427008415
2024-09-18,17,0.0181096937910752,0.0182723011788823
2024-09-18,18,0.0106953718397271,0.0118526844104352
2024-09-18,19,0.019608492461848,0.0220343910922978
2024-09-18,20,0.00580355452620829,0.00652110861590316
2024-09-18,21,0.00324111793012172,0.00521169684327738
2024-09-18,22,-0.00344553760825406,-0.0025243272131803
2024-09-18,23,0.0177436372194579,0.0198028522277092
2024-09-18,24,0.00621971417394018,0.00772455849578257
2024-09-18,25,0.0282271871839948,0.0302161423410769
2024-09-18,26,0.0131981469415061,0.0139374904659491
2024-09-18,27,0.0120365412731713,0.013982163251006
2024-09-18,28,0.0182316356172034,0.0206620134944799
2024-09-18,29,0.0151558413228043,0.0169608741679284
2024-09-18,30,0.0129688192033699,0.0152480699715749
2024-09-18,31,0.00990380635096244,0.010764327172641
2024-09-18,32,0.0152414023618768,0.0180630301960818
2024-09-18,33,0.000117733617518212,0.00148163129116696
2024-09-18,34,0.0268958495053093,0.0297645632748988
2024-09-18,35,-0.00414947819801004,-0.00276865630767809
2024-09-18,36,-0.000579316432924415,0.00270591469236692
2024-09-18,37,0.00698364184188804,0.00932348521622295
2024-09-18,38,-0.0434438313049466,-0.0426322129777414
2024-09-18,39,0.0040767293926125,0.00647072519857339
2024-09-18,40,-0.00431708160765076,-0.00307573117519766
2024-09-18,41,0.0104183510033344,0.0119997600105037
2024-09-18,42,0.00100474628178659,0.00223374948131116
2024-09-18,43,-0.013617021130476,-0.0119739387495947
2024-09-18,44,-0.0057575029071284,-0.00500771363854646
2024-09-18,45,0.0176314843623508,0.0183312073388091
2024-09-18,46,-0.0121794338889787,-0.0114121164359631
2024-09-18,47,0.0186527511176662,0.0192809677667025
2024-09-18,48,0.0073848922594264,0.00747614130464491
2024-09-18,49,0.00718589922664936,0.00882604877250337
2024-09-18,50,0.017399968672553,0.0174808518471412
2024-09-18,51,-0.000311827598563852,0.000106221089597014
2024-09-18,52,-0.030634296268027,-0.0309794351026937
2024-09-18,53,-0.0195239058501295,-0.019375872690393
2024-09-18,54,-0.0207720517035357,-0.0208610396953173
2024-09-18,55,-0.0122182627829162,-0.0121297820236403
2024-09-18,56,-0.00390519325762106,-0.00586266441496264
2024-09-18,57,0.00751341083969947,0.00670770312458302
2024-09-18,58,0.00726238373973498,0.00684291806378035
2024-09-18,59,0.0015774565368325,0.00112651865682345
2024-09-18,60,-0.0139949218508022,-0.014849288972238
2024-09-18,61,-0.0174643686913543,-0.0192482006862171
2024-09-18,62,0.0060843813970406,0.00668809470849396
2024-09-18,63,-0.00944656696174029,-0.0104046126947885
2024-09-18,64,-0.0358331237290876,-0.0369397031114378
2024-09-18,65,0.000187829651076221,-0.000791142030058367
2024-09-18,66,-0.0205981277714891,-0.0220805700322337
2024-09-18,67,0.00177509723677627,0.00125196493802804
2024-09-18,68,7.28306540676016e-06,-0.000305880475469422
2024-09-18,69,-0.00918232215131543,-0.0106484434063123
2024-09-18,70,-0.0187546338382987,-0.0207038411372018
2024-09-18,71,-0.00756284388060191,-0.0100560329760562
2024-09-18,72,0.00421281269731644,0.00309024473135011
2024-09-18,73,0.00503242269733484,0.0038053209360065
2024-09-18,74,0.010662903009254,0.00938088807203741
2024-09-18,75,0.00272980467056794,0.00164544094627495
2024-09-18,76,0.0048382900756847,0.00295575894743472
2024-09-18,77,-0.00356278713072644,-0.00487033683778826
2024-09-18,78,0.00593600742707778,0.00418616846106623
2024-09-18,79,0.0160227004201436,0.0152458948371876
2024-09-18,80,-0.00582782318439978,-0.00708159316621249
2024-09-18,81,-0.00856895911484479,-0.0110207814411343
2024-09-18,82,0.0103219769391645,0.0087794355612818
2024-09-18,83,0.00162323588101643,0.00103858053678429
2024-09-18,84,-0.00081536920244929,-0.00230411503596883
2024-09-18,85,-0.0056891571203801,-0.00624891841023612
2024-09-18,86,-0.0121809222579268,-0.0117184229232485
2024-09-18,87,-0.00283512235550187,-0.00289232414240281
2024-09-18,88,-0.0200002600379143,-0.0194195897825917
2024-09-18,89,0.00136293661922693,0.00175421756408234
2024-09-18,90,-0.00298372413828929,-0.00262818318711666
2024-09-18,91,-0.00200633853360443,-0.00169610830691802
2024-09-18,92,0.0119760654913108,0.012560426086095
2024-09-18,93,-0.0202154473477245,-0.0209010083210721
2024-09-18,94,-0.0182195436314974,-0.0180369032893832
2024-09-18,95,0.00782593543262688,0.00789446275137173
2024-09-18,96,-0.00742723335981044,-0.00727396587452311
2024-09-18,97,-0.0160645605540664,-0.0163205745341415
2024-09-18,98,0.00525763356747788,0.00561609737201252
2024-09-18,99,-0.00574207933266191,-0.00608171255841583
2024-09-18,100,0.00538448844203288,0.0057463804150526
2024-09-18,101,0.0041519155061831,0.00385733454988468
2024-09-18,102,-0.00825274534549703,-0.00779250218282712
2024-09-18,103,-0.0110902101009547,-0.0113876409915097
2024-09-18,104,0.00210271412704266,0.00237792698160888
2024-09-18,105,-0.00361141895949402,-0.00298443277185712
2024-09-18,106,-0.00101947877788522,-0.000748239828316954
2024-09-18,107,-0.00922133996724828,-0.00966043958697504
2024-09-18,108,0.0180718609954527,0.0186120980785596
2024-09-18,109,-0.0202279661249332,-0.0202549344701488
2024-09-18,110,0.0123011263444051,0.0124839970688573
2024-09-18,111,-0.00797359088730243,-0.00806607811565208
2024-09-18,112,-0.00601255655329336,-0.00511934062633834
2024-09-18,113,0.00926370218354045,0.00938868554484706
2024-09-18,114,0.0124820760899684,0.0133121577938571
2024-09-18,115,-0.00700008082352532,-0.00715115266028654
2024-09-18,116,0.0036598094162752,0.00480071269195115
2024-09-18,117,0.00902720231739362,0.00947648915722077
2024-09-18,118,0.00419044675108804,0.00566400839920433
2024-09-18,119,0.00188435265798947,0.00194556440931315
2024-09-18,120,-0.0135296517642836,-0.0138250560469597
2024-09-18,121,-0.000205798394654622,0.00010943328758195
2024-09-18,122,0.00342270202407757,0.00296210979114342
2024-09-18,123,0.00845002368278802,0.00906079211640609
2024-09-18,124,0.0169167911433146,0.0179024534745835
2024-09-18,125,-0.0146328713367412,-0.0153516433371479
2024-09-18,126,0.0112169220880229,0.0104608673973416
2024-09-18,127,-0.010361859763,-0.0111275373757351
2024-09-18,128,0.00977702818886605,0.00938440673625607
2024-09-18,129,0.00749955604873964,0.00708164631489439
2024-09-18,130,-0.00103832230876044,-0.00281059512043136
2024-09-18,131,-0.00273327990648475,-0.00305700593160552
2024-09-18,132,0.00740623043101873,0.00702671269274724
2024-09-18,133,-0.00566457386375596,-0.00702680537388645
2024-09-18,134,0.0015400020750187,0.000475054715970202
2024-09-18,135,-0.012978620125895,-0.0140120418900267
2024-09-18,136,0.00440293279198833,0.00396182115014199
2024-09-18,137,0.0195577771300037,0.0205638543587501
2024-09-18,138,-0.0126081657342807,-0.0136495209159868
2024-09-18,139,0.0104839782715409,0.00931871308873333
2024-09-18,140,0.000136557168930018,0.000513371101794391
2024-09-18,141,0.0173937493848806,0.0173103660609684
2024-09-18,142,0.00058479827549629,-0.00047041447851015
2024-09-18,143,0.002509688446378,0.00252958552148996
2024-09-18,144,0.00157289959256168,0.0019196303093274
2024-09-19,2,0.0275361206534974,0.024981362374227
2024-09-19,3,0.0175006868931167,0.0154697060840387
2024-09-19,4,0.0285292344581132,0.0254223781555698
2024-09-19,5,0.02685837711054,0.0242585406097113
2024-09-19,6,0.0191539080522691,0.0170225471862793
2024-09-19,7,0.0449814072242107,0.0428044356463939
2024-09-19,8,0.00766567916457728,0.00616522675981912
2024-09-19,9,0.0151464526762251,0.0118873538163893
2024-09-19,10,0.0149775087603006,0.0128193130811862
2024-09-19,11,0.0393625258752754,0.0367186750118051
2024-09-19,12,0.00592075601968833,0.00842053378567265
2024-09-19,13,0.0173055127743069,0.0227080481066064
2024-09-19,14,0.0109469095823949,0.0174782099403181
2024-09-19,15,0.00987919377708923,0.0153096210128663
2024-09-19,16,-0.0234257758373744,-0.0167480986322932
2024-09-19,17,-0.00683584952486171,-0.00168647537522126
2024-09-19,18,0.00425033146859466,0.0100941347970966
2024-09-19,19,-0.01447449660124,-0.00878512926191277
2024-09-19,20,0.0127354083206459,0.018095998884462
2024-09-19,21,0.0238482293765454,0.0300061541507919
2024-09-19,22,0.0145617078495723,0.0186138775560529
2024-09-19,23,0.0420963332593933,0.0498552266238317
2024-09-19,24,0.0132958393116951,0.019793995813334
2024-09-19,25,0.00365247823035642,0.0109794135793777
2024-09-19,26,-0.0135328407189848,-0.00685961107165056
2024-09-19,27,0.0129855729775894,0.0204533384335743
2024-09-19,28,-0.00660215830825894,0.000395995136534211
2024-09-19,29,0.0263584557535728,0.0326392610412949
2024-09-19,30,-0.0249668539484142,-0.0191779667657705
2024-09-19,31,-0.0432522541831055,-0.0376394519050809
2024-09-19,32,-0.0325317238851301,-0.0235896445613495
2024-09-19,33,0.0774108281639512,0.0791698913890215
2024-09-19,34,0.0517953744419772,0.0527036813006507
2024-09-19,35,-0.0708525000865174,-0.0681082621724034
2024-09-19,36,0.0984671622815094,0.0981872812871813
2024-09-19,37,0.0163982238127733,0.0167401839710148
2024-09-19,38,-0.0340474556121206,-0.0346363003691579
2024-09-19,39,-0.0209171632941381,-0.0201674304778745
2024-09-19,40,0.0619576592269695,0.0616921904242602
2024-09-19,41,-0.0256051354561588,-0.0231694128082331
2024-09-19,42,0.00532776822492043,0.00637336402595423
2024-09-19,43,0.0445071443121945,0.045416573086813
2024-09-19,44,0.0606620492023549,0.0626418607068846
2024-09-19,45,0.0192658041496587,0.0228258513429935
2024-09-19,46,-0.0540815729244972,-0.0488164575679519
2024-09-19,47,0.034367674300178,0.0386138217452299
2024-09-19,48,0.112134219848762,0.119026067910722
2024-09-19,49,-0.00344770813203965,0.0056960310545282
2024-09-19,50,-0.0260809878745043,-0.0163045724032553
2024-09-19,51,-0.00476643067608862,0.00286094782145163
2024-09-19,52,-0.013605797702863,-0.0111660038406729
2024-09-19,53,0.0303345272840456,0.0262644334401312
2024-09-19,54,-0.00715032538430815,-0.0119300354424929
2024-09-19,55,0.0542674360135997,0.051162618196134
2024-09-19,56,0.130645509979288,0.127432224918211
2024-09-19,57,-0.0958609394396,-0.0979479459323667
2024-09-19,58,0.0476239832976662,0.0438761633285285
2024-09-19,59,0.0316658620918178,0.0263450257528426
2024-09-19,60,-0.0726519566970083,-0.0778527292431459
2024-09-19,61,0.00841436509122584,0.00611780916471183
2024-09-19,62,-0.0506057006393368,-0.0563592950065015
2024-09-19,63,0.0530245410300152,0.0525784946536234
2024-09-19,64,-0.174078446834066,-0.173109431162029
2024-09-19,65,0.0226763473591935,0.0209124514625199
2024-09-19,66,-0.0473064650947403,-0.0463082292095898
2024-09-19,67,-0.00276493968181324,-0.00499141953516613
2024-09-19,68,-0.0462250873126964,-0.0501894793724436
2024-09-19,69,-0.00250874450196203,-0.00476249840800946
2024-09-19,70,-0.042096605693593,-0.0439433198165151
2024-09-19,71,-0.100100865968995,-0.10447988942969
2024-09-19,72,-0.0956612666241243,-0.101294139266244
2024-09-19,73,-0.0809929844352286,-0.0879845909387704
2024-09-19,74,-0.0624810370420539,-0.0689127054542684
2024-09-19,75,-0.0267684355037918,-0.0347487603611416
2024-09-19,76,-0.0190899151894852,-0.0267974063979697
2024-09-19,77,-0.0313751895252734,-0.0378576751315887
2024-09-19,78,-0.0220992810610436,-0.0269122277848837
2024-09-19,79,-0.00460054804802912,-0.0100800624397408
2024-09-19,80,-0.0310182494459701,-0.0376533921845486
2024-09-19,81,-0.0132283851042949,-0.0189794347720653
2024-09-19,82,-0.0142829264382618,-0.0206210980488368
2024-09-19,83,0.0036405490168212,-0.00168121892607331
2024-09-19,84,0.00203384115995409,-0.00352571677210811
2024-09-19,85,-0.0154899916886668,-0.0125657555646228
2024-09-19,86,-0.013275115752629,-0.00990100392837512
2024-09-19,87,-0.0192187112604341,-0.0159459236407411
2024-09-19,88,-0.0109789909722737,-0.0090889235539624
2024-09-19,89,-0.0146534554915156,-0.0123470909618977
2024-09-19,90,-0.0190381491573612,-0.017311909461732
2024-09-19,91,-0.00989354443777923,-0.00811888549849371
2024-09-19,92,-0.0429197879254328,-0.0415767958569617
2024-09-19,93,0.00424364585712222,0.00580576378757591
2024-09-19,94,-0.0194977464585406,-0.0194186634782749
2024-09-19,95,-0.00522672909827016,-0.00462588661001817
2024-09-19,96,-0.0236497724137461,-0.024302082530415
2024-09-19,97,-0.0130430009813667,-0.0128515409295407
2024-09-19,98,-0.00463359052042289,-0.00481749177257385
2024-09-19,99,-0.0157382230124821,-0.0158749383565588
2024-09-19,100,-0.00303005636440545,-0.00351789421585025
2024-09-19,101,-0.00911464983033561,-0.00831223971139572
2024-09-19,102,-0.00524182900332981,-0.00482055124970238
2024-09-19,103,-0.00263531096560854,-0.0022410705396112
2024-09-19,104,0.00873287678399848,0.0107160483093054
2024-09-19,105,-0.0088370699406628,-0.00869467659175704
2024-09-19,106,-0.00890160614497137,-0.00825744432932041
2024-09-19,107,-0.00282871137495455,-0.00228430178155037
2024-09-19,108,0.0112324614720389,0.0130078726314302
2024-09-19,109,-0.00308947439657903,-0.00318781676496371
2024-09-19,110,-0.00730797914145942,-0.00484658399147264
2024-09-19,111,0.00569565060276123,0.00525505688385941
2024-09-19,112,-0.00430264269705738,-0.00430321845432502
2024-09-19,113,0.00417873260228507,0.00444837168594603
2024-09-19,114,0.0252353004143968,0.0255039348792945
2024-09-19,115,-0.0111347925136966,-0.0116267553768949
2024-09-19,116,-0.00440764698440965,-0.00479004844455133
2024-09-19,117,-0.00741474958854393,-0.0075569338008421
2024-09-19,118,0.00389510125750991,0.00294810883201713
2024-09-19,119,0.0109842848396644,0.0103843455156891
2024-09-19,120,0.00114616994267092,-0.000387523516028665
2024-09-19,121,0.0199280403570041,0.0194703891740389
2024-09-19,122,0.0103845769165636,0.00973397854465041
2024-09-19,123,-0.00280996804809686,-0.00408588626224216
2024-09-19,124,0.0147290258811887,0.0139908959945707
2024-09-19,125,-0.0085056310163294,-0.00911109356326634
2024-09-19,126,0.0129505570836841,0.0120847739167953
2024-09-19,127,0.000562824102867232,-0.000262848716168662
2024-09-19,128,0.0213757136406976,0.019813325650988
2024-09-19,129,0.00414752219818748,0.0034199174972418
2024-09-19,130,0.0294487809446373,0.0286167869409795
2024-09-19,131,-0.00644513701315841,-0.00845511659313303
2024-09-19,132,0.0229320117210854,0.0225026592287456
2024-09-19,133,0.00122234625385875,0.000541569296059308
2024-09-19,134,0.0111071117349191,0.0105784323203526
2024-09-19,135,0.0290322798769056,0.0274141466477307
2024-09-19,136,0.00149069772698329,0.000424212567105897
2024-09-19,137,0.00265768450909132,0.00245512136628356
2024-09-19,138,-0.00417610048072969,-0.00494094180838367
2024-09-19,139,0.0308394190257797,0.0291046740579333
2024-09-19,140,-0.00426044042357709,-0.00646404881228158
2024-09-19,141,0.00923310319522574,0.00760533931439156
2024-09-19,142,0.00775670315755583,0.00572176275599112
2024-09-19,143,0.0392108364783974,0.0378680024717291
2024-09-19,144,0.0180134233229898,0.0158820104577018
2024-09-20,2,-0.00288617011150993,-0.00553550395945024
2024-09-20,3,0.0279254919598069,0.0254833514928077
2024-09-20,4,-0.00149772249167146,-0.00416940559132684
2024-09-20,5,0.015109889045088,0.0126799717099608
2024-09-20,6,0.00863265684188796,0.00682101140652591
2024-09-20,7,-0.00869730534648561,-0.0122194822009636
2024-09-20,8,0.0243897580371968,0.0226640371764457
2024-09-20,9,-0.00344372975891094,-0.00612319504509884
2024-09-20,10,0.0197928603836095,0.0168692159799786
2024-09-20,11,0.0172130588433212,0.0149851577162412
2024-09-20,12,0.0229885013336659,0.0256078517623735
2024-09-20,13,0.0214564808481708,0.0290533517063931
2024-09-20,14,0.0280986329020294,0.0341306201627241
2024-09-20,15,0.0191953607152557,0.024964342590204
2024-09-20,16,0.0297466501816093,0.0368306552014239
2024-09-20,17,0.0204416394079558,0.0273611091342403
2024-09-20,18,0.0139098132414643,0.0187462388774335
2024-09-20,19,0.0341121015473629,0.0404452780237552
2024-09-20,20,0.0324814060682375,0.0384709641147403
2024-09-20,21,0.00904445236485962,0.0148149078393107
2024-09-20,22,0.00675601879297005,0.013973935599898
2024-09-20,23,0.00821477173028562,0.0149206834260056
2024-09-20,24,-0.00049066118133112,0.00537528350570859
2024-09-20,25,-0.0177126862724517,-0.0135399447709492
2024-09-20,26,0.0156369618639216,0.0182789350567223
2024-09-20,27,0.0158078079081099,0.0171148135233317
2024-09-20,28,0.0115638931514015,0.0143004221601597
2024-09-20,29,-0.0041450316088314,-0.000751399121796226
2024-09-20,30,-0.00960419434047388,-0.00961886272743051
2024-09-20,31,0.0185992562689652,0.0199168341905498
2024-09-20,32,-0.00735446486495217,-0.00684957653881213
2024-09-20,33,0.104989790861473,0.104507234368315
2024-09-20,34,0.0568880844058333,0.0554038046498633
2024-09-20,35,-0.0430432165373,-0.0401467167636618
2024-09-20,36,0.102570384322567,0.1006338523647
2024-09-20,37,0.0589049337438681,0.0641730944943113
2024-09-20,38,-0.00662610014100995,-0.00167915037711452
2024-09-20,39,-0.0194999892898222,-0.0112714994652023
2024-09-20,40,-0.111470244289425,-0.10694865968189
2024-09-20,41,0.109508904166382,0.112518005476213
2024-09-20,42,0.0460063594642595,0.0433417071166939
2024-09-20,43,-0.063061109429686,-0.0578245700316113
2024-09-20,44,-0.0593945799433113,-0.0530838523317652
2024-09-20,45,0.0140939222995176,0.0167014764290503
2024-09-20,46,-0.0150048439829842,-0.0146334492962197
2024-09-20,47,-0.0382177633549166,-0.0342241480666843
2024-09-20,48,0.0112977528254667,0.013592773432805
2024-09-20,49,-0.113192207414845,-0.116617904857041
2024-09-20,50,0.0310156380011373,0.030727038848628
2024-09-20,51,-0.0502433013815002,-0.0560304824363076
2024-09-20,52,5.9367730033344e-05,0.000164572019050624
2024-09-20,53,0.0827154920032509,0.0792750341116548
2024-09-20,54,-0.0718402279404051,-0.0747237750860705
2024-09-20,55,0.000407388284530796,0.00150401009861412
2024-09-20,56,-0.0606248854744864,-0.0616860774851364
2024-09-20,57,-0.0174315031666232,-0.0149174375988625
2024-09-20,58,-0.0411184594729299,-0.039412178201534
2024-09-20,59,0.000912146326823127,-0.0014682388677123
2024-09-20,60,0.0638025267130535,0.0609354422254054
2024-09-20,61,-0.0428637374018379,-0.0442142164836454
2024-09-20,62,-0.0248063407053714,-0.0274787549463511
2024-09-20,63,0.022006941914734,0.0178316477508211
2024-09-20,64,-0.00300179459388428,-0.00506859217492917
2024-09-20,65,-0.00548053940075022,-0.00752574557862751
2024-09-20,66,0.0517619370513502,0.0521145188837888
2024-09-20,67,-0.000792925510559428,-0.00146025901872804
2024-09-20,68,0.0192903208466664,0.0171521691150982
2024-09-20,69,0.023685413618888,0.0190225784497553
2024-09-20,70,0.000745445990282256,0.00025894375300517
2024-09-20,71,0.00623534283394012,0.00618110103569336
2024-09-20,72,0.0219349969451743,0.0204719068117445
2024-09-20,73,-0.0297698889839451,-0.0290389958990094
2024-09-20,74,0.0105577429964692,0.00930062978896373
2024-09-20,75,-0.0130068687589198,-0.0142574208390656
2024-09-20,76,0.000266216745232306,-0.0019373957776363
2024-09-20,77,-0.0357278720531999,-0.0380191257533635
2024-09-20,78,-0.0159767814596448,-0.0199605094357604
2024-09-20,79,-0.0124900943981237,-0.0174746766247598
2024-09-20,80,-0.0129786467728472,-0.0171995347029643
2024-09-20,81,-0.0106532547446117,-0.0169172953697387
2024-09-20,82,-0.0220260059822319,-0.0263405118941016
2024-09-20,83,-0.0175251304838602,-0.0235586602533679
2024-09-20,84,-0.0193214414759648,-0.0238859245852314
2024-09-20,85,-0.022837543606375,-0.0200462269747046
2024-09-20,86,-0.0318331479116463,-0.0298886217533063
2024-09-20,87,-0.0364273258754277,-0.0347476861489504
2024-09-20,88,-0.0206723661376254,-0.0192002997756582
2024-09-20,89,-0.0419357537325702,-0.0423873078729855
2024-09-20,90,-0.0290957301143653,-0.0294766038698189
2024-09-20,91,-0.0315318532687918,-0.0325865495013549
2024-09-20,92,-0.0582990616855126,-0.0593181870863866
2024-09-20,93,-0.00116440496948744,-0.00417483495551174
2024-09-20,94,-0.0179769062390767,-0.0195407043547675
2024-09-20,95,-0.024750007580904,-0.0262324329194588
2024-09-20,96,-0.0188883460447729,-0.0208172500711417
2024-09-20,97,-0.0321032203849629,-0.0336141523206148
2024-09-20,98,-0.0393912271511976,-0.0400985388080706
2024-09-20,99,-0.020176692503667,-0.0217719103374883
2024-09-20,100,0.0148235787858724,0.0143365823134243
2024-09-20,101,-0.0174748758290528,-0.0175357018081534
2024-09-20,102,-0.00860456701587253,-0.00847836402851065
2024-09-20,103,0.00572611322154781,0.00552534545959737
2024-09-20,104,-0.00650973153403189,-0.00712409505650236
2024-09-20,105,0.000774629556440587,0.00207995396509908
2024-09-20,106,-0.0128250820648219,-0.0129988031505324
2024-09-20,107,-0.00251463834664989,-0.00211181797713955
2024-09-20,108,-0.000644806259627373,-0.00134998369792605
2024-09-20,109,-0.0011796915383071,-0.00135426329800303
2024-09-20,110,0.00622668985850794,0.00572862430187371
2024-09-20,111,-0.0112013180823345,-0.0114176685695035
2024-09-20,112,-0.0113141719751066,-0.0121825444725339
2024-09-20,113,-0.00388809908987131,-0.00531147008248922
2024-09-20,114,-0.0153224687810516,-0.0181654316164472
2024-09-20,115,0.00314356902922341,0.00247944324489069
2024-09-20,116,-0.00303329645870942,-0.00468404546068157
2024-09-20,117,-0.00730676321961621,-0.00965202911010898
2024-09-20,118,-0.00429352418805884,-0.00512793051310112
2024-09-20,119,0.0158585445726658,0.0146084880970658
2024-09-20,120,-0.016573349351515,-0.0177755652803633
2024-09-20,121,0.00014396171965636,-0.0010556034257192
2024-09-20,122,0.0038905690949349,0.00269371612731995
2024-09-20,123,-0.00541404970062764,-0.00685977826941553
2024-09-20,124,0.00830502689282397,0.00748894704238978
2024-09-20,125,-0.00599168737161815,-0.00665428060580275
2024-09-20,126,-0.00189430930994483,-0.00240943670921467
2024-09-20,127,0.00590363234347624,0.00371297335556342
2024-09-20,128,0.0293317649348221,0.0281168099329641
2024-09-20,129,0.00966856557335216,0.00951146686718474
2024-09-20,130,0.0048477620043812,0.00387678933886093
2024-09-20,131,-0.0111165393301329,-0.0101902638232296
2024-09-20,132,0.0119150100320127,0.0114095522267164
2024-09-20,133,0.0166221328843204,0.015799025707814
2024-09-20,134,0.00886661106006681,0.00829892756771322
2024-09-20,135,0.0145396767694939,0.0135363934010471
2024-09-20,136,0.023587193954973,0.0243142985490223
2024-09-20,137,0.00551430860733593,0.00517751384128573
2024-09-20,138,0.00560308701892254,0.0058461289118874
2024-09-20,139,0.0306518115895908,0.029041897127069
2024-09-20,140,0.0248405427251246,0.0253363607729558
2024-09-20,141,0.0140387666055624,0.0139060193505589
2024-09-20,142,0.0259656540296431,0.0265203932413396
2024-09-20,143,0.0247389778617881,0.0249770094597714
2024-09-20,144,0.0253143912314995,0.025249330269796
2024-09-21,2,0.0110091592435921,0.00954375232310234
2024-09-21,3,0.013839168772833,0.0123151176926051
2024-09-21,4,-0.00305357082446633,-0.00451116787624706
2024-09-21,5,0.0211482278797899,0.0195186126454594
2024-09-21,6,0.0190452194169808,0.0189821729494764
2024-09-21,7,0.00359294964432166,0.0013133916046737
2024-09-21,8,0.021547854497415,0.0199440003191196
2024-09-21,9,0.0132347655120384,0.010972463342144
2024-09-21,10,0.00368107158311304,0.00294138653050346
2024-09-21,11,0.0141497451846453,0.0117371609875434
2024-09-21,12,0.0276568602619367,0.028977293598853
2024-09-21,13,0.022707271067258,0.0281202488414021
2024-09-21,14,0.0345962757453062,0.0401132307360026
2024-09-21,15,0.0066665467013225,0.0118220178061126
2024-09-21,16,0.0174834345059622,0.0237526786812978
2024-09-21,17,0.0130477185470879,0.0183959967857348
2024-09-21,18,0.011588882153486,0.0179542206223804
2024-09-21,19,-0.00248888169520356,0.00397673939371401
2024-09-21,20,0.00928804027516961,0.0142859461512899
2024-09-21,21,0.00269822847372936,0.00883654325285477
2024-09-21,22,0.00146555160864814,0.00779430897063982
2024-09-21,23,-0.0166743603954993,-0.010946935865741
2024-09-21,24,0.00495003720756859,0.0115174436970822
2024-09-21,25,0.0135785680041032,0.0184644773708342
2024-09-21,26,0.0084441026349209,0.0118838843092508
2024-09-21,27,0.0326198939214217,0.0330412215263252
2024-09-21,28,-0.00911732521495079,-0.00681898603257913
2024-09-21,29,0.000100771752812534,0.00320094168293217
2024-09-21,30,0.00658421534181564,0.00930279824600966
2024-09-21,31,-0.00538785605195713,-0.00495404986774872
2024-09-21,32,0.00101956593149133,0.00397483188056746
2024-09-21,33,0.0409527855940643,0.0406595318988074
2024-09-21,34,-0.00191381636199672,-0.000772081709691008
2024-09-21,35,-0.0409052544520554,-0.0378360771068635
2024-09-21,36,0.0748685934809723,0.0735156944088562
2024-09-21,37,-0.0202920333547096,-0.0154767757438083
2024-09-21,38,-0.00510207248885575,-0.00429796491310164
2024-09-21,39,7.70660336009144e-05,0.00261790901765657
2024-09-21,40,0.0377669774000173,0.0357068851770403
2024-09-21,41,-0.0343891414679129,-0.0326009926965973
2024-09-21,42,0.0236642116963202,0.0253179877049057
2024-09-21,43,0.0552162333725637,0.055351260185402
2024-09-21,44,0.0332205462420312,0.0338193981253028
2024-09-21,45,-0.0319962667020759,-0.029609464434019
2024-09-21,46,-0.0290934218465386,-0.0275207071664418
2024-09-21,47,0.0300255846841138,0.0305610993360066
2024-09-21,48,0.102855600494725,0.102207588782932
2024-09-21,49,-0.0275756032587946,-0.0274129088666761
2024-09-21,50,-0.0391447056238521,-0.0369202985585151
2024-09-21,51,-0.0297760324985186,-0.0298503895209787
2024-09-21,52,0.0127447792118058,0.0131291149348112
2024-09-21,53,-0.0376953714447108,-0.0395198135932873
2024-09-21,54,0.0472059190901382,0.047403210812158
2024-09-21,55,0.095815915322671,0.0937324626694913
2024-09-21,56,0.0546698786525477,0.0540058584012133
2024-09-21,57,-0.0770316079473785,-0.0757409647370082
2024-09-21,58,0.0123812493405859,0.0127782095764442
2024-09-21,59,-0.00667785699791512,-0.00671184609802999
2024-09-21,60,0.10617030986369,0.106258510414547
2024-09-21,61,-0.0435942288513331,-0.0441474291953874
2024-09-21,62,0.0765803134965921,0.0783058350702976
2024-09-21,63,0.0251850915828511,0.0265459849909249
2024-09-21,64,-0.18473067824312,-0.180959180940084
2024-09-21,65,-0.0586085810176016,-0.0577606598847584
2024-09-21,66,-0.0307441167541,-0.0322418955668624
2024-09-21,67,-0.0328791667793666,-0.0356766555384489
2024-09-21,68,-0.024001891785117,-0.0273637012853154
2024-09-21,69,-0.0374223370569124,-0.0398150064023426
2024-09-21,70,-0.0652427847711055,-0.0661481664822539
2024-09-21,71,-0.0322251802905953,-0.0331635768170209
2024-09-21,72,-0.0555048193183767,-0.0583234095467713
2024-09-21,73,-0.0386164619427589,-0.0425207818907207
2024-09-21,74,-0.0189421511667032,-0.0229641033971664
2024-09-21,75,-0.032606659299355,-0.0375455429676279
2024-09-21,76,-0.0149497328730863,-0.0189743069907067
2024-09-21,77,-0.0144277269085249,-0.0200368944295271
2024-09-21,78,-0.0312410312996452,-0.0374219763435715
2024-09-21,79,0.00204245555818527,-0.00255626960896294
2024-09-21,80,-0.0126644088731336,-0.0187232332910323
2024-09-21,81,-0.0182291729784341,-0.0236012224337774
2024-09-21,82,-0.00377444688043926,-0.00983436219293843
2024-09-21,83,-0.0122507715285947,-0.01689368350854
2024-09-21,84,-0.0131340868545404,-0.0176397519799885
2024-09-21,85,-0.0107094877993266,-0.00883334066680597
2024-09-21,86,-0.0314153364671776,-0.029913096254111
2024-09-21,87,-0.0335909573334741,-0.032897706943098
2024-09-21,88,-0.012857178121199,-0.0113421077691616
2024-09-21,89,-0.023399217237869,-0.0224423864936334
2024-09-21,90,-0.0381461081606504,-0.0387988683535916
2024-09-21,91,-0.0240249825833789,-0.024130786234652
2024-09-21,92,-0.0205079739019487,-0.0195272213694899
2024-09-21,93,-0.0224360515090325,-0.0229128375060821
2024-09-21,94,-0.0232066494292633,-0.0231111266361328
2024-09-21,95,-0.0193886846619975,-0.0188680611920553
2024-09-21,96,-0.0262723423047015,-0.0271374855585318
2024-09-21,97,-0.0287856999323219,-0.0294128275169783
2024-09-21,98,0.0135439959409638,0.0127203892458656
2024-09-21,99,-0.0239194129928446,-0.0247010602400017
2024-09-21,100,-0.0146298329120977,-0.0152151478303377
2024-09-21,101,0.00128828151770399,0.000982496500739671
2024-09-21,102,0.00103615352489239,0.000818037974948282
2024-09-21,103,0.00255857405365578,0.0020691147121159
2024-09-21,104,-0.00991064705111011,-0.0105208296576809
2024-09-21,105,-0.0142428977903508,-0.0136776015177862
2024-09-21,106,-0.00282305134766148,-0.0028118916810822
2024-09-21,107,-0.00182954519286405,-0.00216177724941424
2024-09-21,108,0.017469066525635,0.0178256377795982
2024-09-21,109,0.00431498800477748,0.00458528949787151
2024-09-21,110,0.0115391510248886,0.0124820612910206
2024-09-21,111,0.00290707869562201,0.00193463571159214
2024-09-21,112,0.0058841927274802,0.00628037794418645
2024-09-21,113,0.00532636282603072,0.00571383962436833
2024-09-21,114,-0.00244262047338051,-0.00309823927319108
2024-09-21,115,0.0218882819464019,0.0225180665233466
2024-09-21,116,-0.00234241166579974,-0.00363716205805886
2024-09-21,117,0.00812526596550267,0.00713616117703708
2024-09-21,118,-0.000563788830831413,-0.000496255737990836
2024-09-21,119,0.00521816747495674,0.00411683179963696
2024-09-21,120,0.00727662480057756,0.00690526133338842
2024-09-21,121,0.016008684261374,0.0152400507932899
2024-09-21,122,0.00170554014948987,0.00141617428108276
2024-09-21,123,-0.00423231013576064,-0.00569886970620814
2024-09-21,124,0.0197945801918866,0.0192315505022158
2024-09-21,125,0.0273845177850607,0.0266520913405639
2024-09-21,126,0.0064744475129519,0.00623739338454321
2024-09-21,127,0.0025489516345516,0.00223238323594721
2024-09-21,128,0.00248647823436876,0.00162346485886822
2024-09-21,129,0.0209016290163202,0.0195876996289446
2024-09-21,130,0.00505983425486622,0.00422062007513802
2024-09-21,131,0.00798443914143743,0.00633060888480408
2024-09-21,132,0.0229587351949094,0.0227158886174461
2024-09-21,133,0.00722953019636652,0.00525552251725436
2024-09-21,134,0.012015103653332,0.0114458220652907
2024-09-21,135,0.0144426371853612,0.0130944189531199
2024-09-21,136,0.0148377489879321,0.0138312411884112
2024-09-21,137,0.00630094774133827,0.00418885206064168
2024-09-21,138,0.0339756910013191,0.0339858880593784
2024-09-21,139,0.00616403243966079,0.00449998480210922
2024-09-21,140,0.00992718093588252,0.00848688652405549
2024-09-21,141,0.0221946922117207,0.0199386991262891
2024-09-21,142,0.00687281940513884,0.00620954443293087
2024-09-21,143,0.0177211043861627,0.016139059474586
2024-09-21,144,0.0178731666882781,0.0158685527519626
2024-09-22,2,0.0383010316863013,0.0377950817340427
2024-09-22,3,0.0150905838388997,0.0132632540421085
2024-09-22,4,0.0111764993896646,0.00997474890697525
2024-09-22,5,0.0301297027913936,0.0284580038525135
2024-09-22,6,0.0171052905173825,0.0144177931548874
2024-09-22,7,0.0216657060862158,0.0200306537449748
2024-09-22,8,0.0109053909339796,0.00927283555247449
2024-09-22,9,0.0295839075340352,0.0267699143799831
2024-09-22,10,0.028247386259669,0.0273201776563354
2024-09-22,11,0.00405398165952775,0.00162116751583241
2024-09-22,12,0.0295042408950685,0.0294714497562101
2024-09-22,13,0.0360892667708503,0.0393715713190979
2024-09-22,14,0.0213199613917734,0.0257773852187668
2024-09-22,15,0.0360640601701991,0.0415569436104217
2024-09-22,16,0.0148807539115188,0.0196444487960648
2024-09-22,17,0.0377216497374242,0.0438970312417979
2024-09-22,18,0.0193322972289529,0.0252565814628127
2024-09-22,19,0.00552678577513888,0.0106814166018196
2024-09-22,20,0.0115050497462903,0.0165715913092885
2024-09-22,21,0.0230857552365995,0.0293412817777288
2024-09-22,22,-0.0038966083576204,0.00242016707974457
2024-09-22,23,0.0158011313484963,0.021969780322749
2024-09-22,24,0.00712002698221958,0.0144411687248756
2024-09-22,25,0.0118136858100693,0.0170900455219378
2024-09-22,26,0.0142881090045526,0.0169413877500499
2024-09-22,27,0.0383925281869208,0.0420295470378456
2024-09-22,28,0.0108664374067651,0.0149598952003291
2024-09-22,29,0.00420178814442451,0.00717404605573968
2024-09-22,30,0.00757126596787128,0.0106819575498225
2024-09-22,31,-0.0267965004376061,-0.0251832954476221
2024-09-22,32,0.00568062727381591,0.00711097039836339
2024-09-22,33,0.0484623532948429,0.0499578952126658
2024-09-22,34,-0.0180366490408792,-0.0156831386134275
2024-09-22,35,-0.0407870129480834,-0.0403521787591004
2024-09-22,36,0.0594388939694133,0.0603567388749191
2024-09-22,37,-0.0330758125916333,-0.0312184819853343
2024-09-22,38,-0.0236866609608253,-0.0226759880368395
2024-09-22,39,0.0251037052580338,0.0265446196512062
2024-09-22,40,0.0212991581560544,0.0213681809884143
2024-09-22,41,-0.00287113030690378,-0.00298610801934629
2024-09-22,42,-0.0146263487722091,-0.0139440913693925
2024-09-22,43,0.0541222755482034,0.0550338782324804
2024-09-22,44,0.00163130532704958,0.00127426357279248
2024-09-22,45,-0.0301837404498215,-0.0295583300617199
2024-09-22,46,0.00514817024561243,0.00687121271590385
2024-09-22,47,0.0090821606761704,0.0098043469704745
2024-09-22,48,0.0521002892033708,0.0510590383117773
2024-09-22,49,-0.0216138224193658,-0.0221646174806143
2024-09-22,50,-0.00147941776441396,-0.000263465994455814
2024-09-22,51,-0.019152500651975,-0.0190286482764979
2024-09-22,52,-0.00358689904317888,-0.00395772243456172
2024-09-22,53,-0.00737673786841686,-0.00741473872010268
2024-09-22,54,0.0359340396145127,0.0339694442686724
2024-09-22,55,0.0714223160771725,0.070745708116668
2024-09-22,56,0.0533922385528962,0.0504896915050317
2024-09-22,57,-0.0594216697669685,-0.0580721628382008
2024-09-22,58,0.0195231469862609,0.0195738406919297
2024-09-22,59,0.021025852326896,0.0220667835841724
2024-09-22,60,0.0455011890261883,0.0446483994531199
2024-09-22,61,-0.00573591546313601,-0.00582026961005866
2024-09-22,62,0.0503101255978748,0.0503428656553861
2024-09-22,63,-0.00158773246976196,-0.000497502113706361
2024-09-22,64,-0.164323757544294,-0.161051105702596
2024-09-22,65,-0.0341397635079126,-0.0341717067084328
2024-09-22,66,-0.0321167483099618,-0.0335080145038553
2024-09-22,67,-0.0208754185519711,-0.0217839173162044
2024-09-22,68,-0.0220231628101075,-0.0241720325323413
2024-09-22,69,-0.0468899847340269,-0.0478610019009409
2024-09-22,70,-0.0514713677036838,-0.0514287366873987
2024-09-22,71,-0.0469536324517144,-0.0470011169491151
2024-09-22,72,-0.0418002539929727,-0.0447915255809601
2024-09-22,73,-0.0310435823127566,-0.0335645295809712
2024-09-22,74,-0.031503125669599,-0.0357658011211974
2024-09-22,75,-0.00347604013115177,-0.00692400308502172
2024-09-22,76,-0.0245958431839179,-0.0290261217437209
2024-09-22,77,-0.0205487426455653,-0.0254269157340978
2024-09-22,78,-0.0115264665619952,-0.0161727393245137
2024-09-22,79,0.00410605919035589,-4.86624351125897e-05
2024-09-22,80,-0.0143000327706311,-0.0191583068311161
2024-09-22,81,-0.00816942221020245,-0.0121258926189505
2024-09-22,82,-0.00735712371839359,-0.0121029453161121
2024-09-22,83,-0.00249584089025223,-0.00766795085961647
2024-09-22,84,-0.00484574291949702,-0.00641973350369796
2024-09-22,85,-0.0109515157066129,-0.00906541687616347
2024-09-22,86,-0.0248172166476346,-0.0234725616628264
2024-09-22,87,-0.0253819914078539,-0.0239930472209036
2024-09-22,88,-0.0270399784752851,-0.0266125552424494
2024-09-22,89,-0.0161890982849808,-0.0147284058228578
2024-09-22,90,-0.0213715508157604,-0.0209466360911161
2024-09-22,91,-0.0179700767692417,-0.0168044722843401
2024-09-22,92,-0.0428358919720919,-0.0432828595371166
2024-09-22,93,-0.0158506327195482,-0.0155717606885712
2024-09-22,94,-0.0081350344800919,-0.00882362146255922
2024-09-22,95,-0.0232352865740566,-0.0238618077791592
2024-09-22,96,-0.00687125688822654,-0.00700837532848375
2024-09-22,97,-0.0201120863808946,-0.0204971289598621
2024-09-22,98,-0.020973836968472,-0.0214237888785132
2024-09-22,99,-0.00941544436553876,-0.00935157317128343
2024-09-22,100,-0.0137179328872996,-0.0145919109683987
2024-09-22,101,0.0013766022570314,0.0020598705814745
2024-09-22,102,-0.0138360537228106,-0.0140679221850046
2024-09-22,103,-0.00481277445384976,-0.00446575978295805
2024-09-22,104,-0.00667821742599894,-0.00575175917578008
2024-09-22,105,-0.00969909689085391,-0.0100575618956302
2024-09-22,106,-0.00439383319942621,-0.0048099006415363
2024-09-22,107,-0.00321801434079205,-0.00267460186566204
2024-09-22,108,-0.0112409783520979,-0.011386622637481
2024-09-22,109,0.0172439849940798,0.017967116014324
2024-09-22,110,-0.00992164334765011,-0.00943600500808373
2024-09-22,111,0.00796297774489751,0.00800537523136313
2024-09-22,112,-0.00735847922288269,-0.00788418438208005
2024-09-22,113,-0.00102425834233077,-0.00129460867111675
2024-09-22,114,-0.0155803397716801,-0.0168355313166089
2024-09-22,115,0.00825659909108101,0.00783759222522917
2024-09-22,116,-0.00465846491680555,-0.00596003520010235
2024-09-22,117,0.00445660865774133,0.00444833685289403
2024-09-22,118,0.00716478445042235,0.00617863599935831
2024-09-22,119,0.00139307456698123,0.00107503642669649
2024-09-22,120,0.00678734100987732,0.00607311642946762
2024-09-22,121,0.00564044230349836,0.00527084471674044
2024-09-22,122,-0.0192082474439932,-0.0212418950870372
2024-09-22,123,0.0188742258620396,0.0183630188881914
2024-09-22,124,-0.0095287904052066,-0.00963363724361521
2024-09-22,125,-0.0106858197238564,-0.0122750565773817
2024-09-22,126,0.0265033669849561,0.0254841017254197
2024-09-22,127,-0.0130510385342113,-0.0138881753860787
2024-09-22,128,0.021653294704973,0.0212572450434898
2024-09-22,129,0.00143405407998642,0.00013890751476886
2024-09-22,130,0.0119910484274799,0.0110052746108735
2024-09-22,131,0.0103019126410802,0.00929649635386909
2024-09-22,132,-0.00555532009438231,-0.00590739057593836
2024-09-22,133,0.0200545562745074,0.0185318997108315
2024-09-22,134,-0.00210308757279343,-0.00352136132965164
2024-09-22,135,0.0167724733938686,0.015257179863772
2024-09-22,136,0.00447500436885928,0.00333921704090478
2024-09-22,137,0.0116332383004565,0.00973581055819395
2024-09-22,138,-0.00317205186042635,-0.00499376718194
2024-09-22,139,0.00490022715915739,0.00358511268045447
2024-09-22,140,0.0171697887224385,0.0141399998841329
2024-09-22,141,-0.00190460140760162,-0.0027342006656621
2024-09-22,142,0.00927154619772352,0.00788708081232947
2024-09-22,143,-0.00118292043802271,-0.0039765321280818
2024-09-22,144,0.0190999060424675,0.0176632670808505
2024-09-23,2,0.0202243147434498,0.019270231519787
2024-09-23,3,0.00161941124281562,-0.000819366825631107
2024-09-23,4,0.00293324483252633,0.000396654468245217
2024-09-23,5,0.0198030983874968,0.0179662042058464
2024-09-23,6,0.0089311984893552,0.00736436998185397
2024-09-23,7,0.00893432061746413,0.00601570147399144
2024-09-23,8,0.0141984275192595,0.0139133246368246
2024-09-23,9,0.0168383481457157,0.0142739697791789
2024-09-23,10,0.00308408798826587,0.000330131986261861
2024-09-23,11,0.0283720158265739,0.0255246254797683
2024-09-23,12,0.00810423247448355,0.0080404674549257
2024-09-23,13,0.0180773136959997,0.0254873681319676
2024-09-23,14,0.0256402490601664,0.0326171993558493
2024-09-23,15,0.0237682612200567,0.0307122127845698
2024-09-23,16,0.0214559192125954,0.0261927727071161
2024-09-23,17,0.0541009049528265,0.0590640374471967
2024-09-23,18,0.0360715972802046,0.0439937388818663
2024-09-23,19,0.0158564874790397,0.0236154655687049
2024-09-23,20,0.0315651395766299,0.0388517119680323
2024-09-23,21,0.0181249153256209,0.023548315086364
2024-09-23,22,0.0223104448224225,0.0317275794089475
2024-09-23,23,0.0089157206135857,0.0164979180320142
2024-09-23,24,0.0153618115180523,0.0219546247546454
2024-09-23,25,0.0353788695900814,0.041281709778799
2024-09-23,26,0.0280667230630547,0.0297723802317016
2024-09-23,27,0.0312444890692491,0.0360189904817751
2024-09-23,28,-0.00261671443972311,0.00293516135816496
2024-09-23,29,0.0176857377106172,0.0222218855086869
2024-09-23,30,0.0345450316690243,0.0381775141007896
2024-09-23,31,0.018261475117197,0.0187137046593975
2024-09-23,32,0.019797330818669,0.0226912045261454
2024-09-23,33,0.00556703065264763,0.0115140014894504
2024-09-23,34,-0.0295260126826644,-0.0246519262910958
2024-09-23,35,-0.000853779157126588,0.00500194025212153
2024-09-23,36,-0.0212906928391634,-0.0175458673893711
2024-09-23,37,-0.0284229742451405,-0.0233061724667198
2024-09-23,38,-0.000917427758484024,0.000480176414420441
2024-09-23,39,-0.0106121976894595,-0.0088499608110677
2024-09-23,40,0.0282227860685271,0.0271327256551199
2024-09-23,41,-0.00748647730833163,-0.0068756038025164
2024-09-23,42,-0.0173974244056341,-0.01829179077893
2024-09-23,43,-0.00886493614124895,-0.0108281945829454
2024-09-23,44,-0.0151842411270691,-0.0147413033785515
2024-09-23,45,-0.00873336454915297,-0.00778262040763522
2024-09-23,46,-0.00328901745929144,-0.00491925501896162
2024-09-23,47,-0.0296008441044009,-0.0317975142127782
2024-09-23,48,0.0600722935003635,0.0582032385000062
2024-09-23,49,-0.0489975729982337,-0.0495448964773981
2024-09-23,50,-0.0277338711360109,-0.0288116865043424
2024-09-23,51,0.0273679655407504,0.0271473144716428
2024-09-23,52,-0.0403483429243572,-0.0424816675487882
2024-09-23,53,-0.00554186001308032,-0.00659912386457151
2024-09-23,54,0.00811251162983861,0.00620298787646156
2024-09-23,55,0.0358032684348979,0.0316129201327033
2024-09-23,56,0.0215869246398999,0.0198339605521269
2024-09-23,57,-0.0340844828128253,-0.0331944340427963
2024-09-23,58,0.00633888797964577,0.00509040699658492
2024-09-23,59,0.00787892515917754,0.00626782942300963
2024-09-23,60,0.00828181961124397,0.00679110766119351
2024-09-23,61,0.00659592350047866,0.00689140759744689
2024-09-23,62,0.0469791976295992,0.0466439142311774
2024-09-23,63,-0.0367643779916831,-0.0362211536201773
2024-09-23,64,-0.099304214112168,-0.0968412116789761
2024-09-23,65,-0.00602137427152538,-0.00898816591278262
2024-09-23,66,0.00141698479995167,-0.00268425906719472
2024-09-23,67,-0.0110942374791252,-0.0130508553633923
2024-09-23,68,0.0134635289843708,0.0118172837080248
2024-09-23,69,-0.0120350891646597,-0.0146057136440874
2024-09-23,70,-0.0478096415021589,-0.049372753728143
2024-09-23,71,-0.00494264037195435,-0.00886553840092574
2024-09-23,72,0.0179498157190112,0.0146716016610231
2024-09-23,73,-0.0065008953347574,-0.0122767846477867
2024-09-23,74,0.0316800221936164,0.0276714506766904
2024-09-23,75,0.0140916857820459,0.00907822695088711
2024-09-23,76,0.0271827787386254,0.0234834511524689
2024-09-23,77,0.0203476063327823,0.0191543932740554
2024-09-23,78,-0.0152526117459191,-0.0170772893960294
2024-09-23,79,-0.0201141418796293,-0.0219591333282771
2024-09-23,80,-0.0148015331116271,-0.0182711878664872
2024-09-23,81,-0.0071587337610497,-0.0110024940309579
2024-09-23,82,-0.0100562287684216,-0.0140844545582066
2024-09-23,83,-0.00924024466043605,-0.0127344676340115
2024-09-23,84,-0.00345931623854678,-0.00158430724711422
2024-09-23,85,-0.0144701258414832,-0.0104227961414196
2024-09-23,86,-0.0162137136793667,-0.0121181778679507
2024-09-23,87,-0.0245315691242736,-0.0220234784753739
2024-09-23,88,-0.0249621916601637,-0.0234332778283299
2024-09-23,89,-0.0349510232964878,-0.0330184369780859
2024-09-23,90,-0.0182187641027536,-0.01754843863311
2024-09-23,91,-0.0291673228459466,-0.0298738815235993
2024-09-23,92,-0.01932189247003,-0.020399352300366
2024-09-23,93,-0.0343668528066852,-0.0347776150208094
2024-09-23,94,-0.0310410291932071,-0.0323634937880506
2024-09-23,95,-0.0152359724298679,-0.0168205732743782
2024-09-23,96,-0.00817190163430404,-0.0100106097863613
2024-09-23,97,-0.0238235620176086,-0.0245783693431338
2024-09-23,98,-0.0296235949670649,-0.0313158489284646
2024-09-23,99,-0.0240767718355501,-0.0264508765184903
2024-09-23,100,-0.011563704098692,-0.0124774868523048
2024-09-23,101,-0.0254388806987871,-0.0258985852647875
2024-09-23,102,-0.013019655796402,-0.015267527837679
2024-09-23,103,-0.00928578597661733,-0.0109315366041329
2024-09-23,104,-0.016137893088934,-0.0175616271958638
2024-09-23,105,-0.0093123278061098,-0.0103453109466223
2024-09-23,106,-0.0175874256785002,-0.0189658687940142
2024-09-23,107,-0.00153935652662263,-0.00149001660981618
2024-09-23,108,-0.0126997995498188,-0.0125477343813447
2024-09-23,109,0.00011265106564462,-0.000654570107464281
2024-09-23,110,-0.00813172903218806,-0.00792699117719664
2024-09-23,111,-0.00452273769573619,-0.00439667792440979
2024-09-23,112,0.00142906431226297,-1.29084529056911e-05
2024-09-23,113,0.00139488204200511,0.000971909898677126
2024-09-23,114,-0.00869800855168457,-0.00939438627317202
2024-09-23,115,-0.00927530449187675,-0.0100581683663119
2024-09-23,116,0.00960938758283802,0.0101929493912944
2024-09-23,117,-0.00559688262604308,-0.00754949404663741
2024-09-23,118,-0.0154974848687823,-0.0177840976164365
2024-09-23,119,0.0148419573201863,0.0139419038213688
2024-09-23,120,-0.0094551701234229,-0.0106931410820614
2024-09-23,121,0.007918660677392,0.00799166057423939
2024-09-23,122,-0.0188701632077715,-0.0206056095676939
2024-09-23,123,0.00764973659508605,0.00626464731288223
2024-09-23,124,0.00545347373906946,0.00395948958029102
2024-09-23,125,0.00447438859532934,0.00396935905421181
2024-09-23,126,0.00945692993952818,0.00859479383129624
2024-09-23,127,-0.00298615663646906,-0.00450158209152818
2024-09-23,128,0.00944334525585155,0.00899017624930032
2024-09-23,129,-5.5549765045626e-05,-0.000798257038809425
2024-09-23,130,0.0153088820495384,0.0144113775318644
2024-09-23,131,-0.00547306493746458,-0.00685656252922939
2024-09-23,132,0.0136767762936776,0.0124133956179815
2024-09-23,133,-0.0138751696885828,-0.0161029601113949
2024-09-23,134,0.0123364245153237,0.0109292467794582
2024-09-23,135,0.00789486076351853,0.00716035760136791
2024-09-23,136,0.00230736227052741,0.00156214665662802
2024-09-23,137,0.00178279917391855,-0.000378100156437355
2024-09-23,138,0.00104581654967273,-0.00112027551889859
2024-09-23,139,0.0246512583275509,0.0249153545186687
2024-09-23,140,0.00601114761134447,0.00371312908089294
2024-09-23,141,0.0163787891069456,0.0165872132877727
2024-09-23,142,-0.00114839560770097,-0.00380657762187475
2024-09-23,143,0.000283728687814566,-0.00038964379781703
2024-09-23,144,0.0296796379311033,0.0294802142123345
2024-09-24,2,0.0269738192045965,0.0235814843269448
2024-09-24,3,0.0193792502838503,0.0172805303949861
2024-09-24,4,0.0145722812046465,0.0104580688533087
2024-09-24,5,0.0269034323967396,0.0247314560851102
2024-09-24,6,0.0196043710874703,0.0160717400740733
2024-09-24,7,0.024990487979605,0.022399353280008
2024-09-24,8,0.0255520891979524,0.0226184130750315
2024-09-24,9,0.0284075612466168,0.0251334082803716
2024-09-24,10,0.012576633445355,0.00825881004749718
2024-09-24,11,0.0307811726570284,0.0277711485111816
2024-09-24,12,0.0267521194281386,0.0238259446624021
2024-09-24,13,0.0402579522477744,0.0440202506934746
2024-09-24,14,0.0246914391494473,0.0281474749828163
2024-09-24,15,0.0329216403974986,0.0383891482885925
2024-09-24,16,0.0151812340330748,0.0202878912154905
2024-09-24,17,0.0276506046645046,0.0340765290962644
2024-09-24,18,0.0264702137710815,0.0338214901382017
2024-09-24,19,0.0119640393915548,0.0185820736919986
2024-09-24,20,-0.00362121408204441,0.00285644504894655
2024-09-24,21,0.0212856173552725,0.0300745898958166
2024-09-24,22,0.00947911730987006,0.0181331534948264
2024-09-24,23,-0.0127637594655994,-0.00459089679138813
2024-09-24,24,0.00304946663157146,0.0128016251750402
2024-09-24,25,0.0145535181880607,0.0222523499610716
2024-09-24,26,0.0299229685310172,0.0370599573215475
2024-09-24,27,0.0441014220339735,0.0488487931108352
2024-09-24,28,0.0163293245441753,0.0227304764506329
2024-09-24,29,0.00809453054171083,0.0134723435965789
2024-09-24,30,-0.00904695173874703,-0.00400548153242397
2024-09-24,31,0.0162880305916637,0.0223773852809241
2024-09-24,32,0.0131380082786858,0.0168900694684293
2024-09-24,33,0.0202180210878034,0.0238284218393368
2024-09-24,34,-0.00035318907845916,0.00358734906021674
2024-09-24,35,0.00705107184466947,0.0104222764804049
2024-09-24,36,0.0386071200051372,0.0428053704173266
2024-09-24,37,-0.014085280982334,-0.0110296297520343
2024-09-24,38,-0.0416888077405169,-0.0389063433238501
2024-09-24,39,0.0245527129046286,0.0273316646949286
2024-09-24,40,0.0351092894724134,0.0366543336690235
2024-09-24,41,0.0282568239678067,0.0296151516733829
2024-09-24,42,-0.0238756369466566,-0.0226464532422241
2024-09-24,43,0.0360810618431922,0.0378574628975201
2024-09-24,44,0.0024773657651167,0.00290903549250388
2024-09-24,45,-0.0234139948219836,-0.0225311687728613
2024-09-24,46,0.0079402655230032,0.0100740942384121
2024-09-24,47,0.0321404224362798,0.03326331021972
2024-09-24,48,0.0383635664447821,0.0379699655336889
2024-09-24,49,-0.0319884470886036,-0.0322090349179476
2024-09-24,50,0.00110373540889785,0.000352501285343365
2024-09-24,51,0.0244750143507799,0.0258214267125538
2024-09-24,52,-0.0121125534873965,-0.0137712267551677
2024-09-24,53,0.00941144022421625,0.0091383583450817
2024-09-24,54,0.0189037746915073,0.0167401565511298
2024-09-24,55,0.0510488163349603,0.0490873489510157
2024-09-24,56,0.0232746421125478,0.0199320388278679
2024-09-24,57,-0.0362772518677223,-0.0377486301104089
2024-09-24,58,0.0619770189256563,0.0608832794168865
2024-09-24,59,-0.0137903465460036,-0.0169198144298708
2024-09-24,60,0.0325142338515647,0.032656309069246
2024-09-24,61,0.0106444833956427,0.00745025229533347
2024-09-24,62,0.0165255957921628,0.0155106241902168
2024-09-24,63,-0.0963828431705247,-0.0973013580678792
2024-09-24,64,-0.0824512148501899,-0.0824592504431845
2024-09-24,65,-0.0425477372405645,-0.043843933355582
2024-09-24,66,-0.0274785195272171,-0.0292614615217328
2024-09-24,67,-0.0375151000580018,-0.0398885895726586
2024-09-24,68,-0.0197219368501109,-0.0219811474801457
2024-09-24,69,-0.0648816125741432,-0.0677508897563168
2024-09-24,70,-0.0691277505565155,-0.0696951860965651
2024-09-24,71,-0.0682362460629182,-0.07108716999352
2024-09-24,72,-0.029287990289605,-0.0310732774483267
2024-09-24,73,-0.0465414167227349,-0.051120512755606
2024-09-24,74,-0.0254535472943882,-0.0298267409851061
2024-09-24,75,-0.0329102943489605,-0.0382371669788686
2024-09-24,76,-0.023284614305628,-0.0292405353809286
2024-09-24,77,-0.0207024538794851,-0.0266971231003499
2024-09-24,78,-0.0148852001525226,-0.020677123702761
2024-09-24,79,-0.0299770901049214,-0.0366802858365816
2024-09-24,80,-0.0217145294219092,-0.0296250934499298
2024-09-24,81,0.00998974420838028,0.00353185378115484
2024-09-24,82,-0.0234481227308789,-0.031492014993951
2024-09-24,83,-0.00484295280417113,-0.0128548774887314
2024-09-24,84,-0.00953149358893679,-0.0110993105222486
2024-09-24,85,-0.0176781311968259,-0.0178308013609358
2024-09-24,86,-0.0276892222227314,-0.0282154612270711
2024-09-24,87,-0.0294448396210911,-0.0298680387085035
2024-09-24,88,-0.0223461220116516,-0.0216847214789802
2024-09-24,89,-0.0204319393689363,-0.0199643291102065
2024-09-24,90,-0.0206744485018633,-0.0198890311621804
2024-09-24,91,-0.00701797359633005,-0.00654611461449228
2024-09-24,92,-0.0338085225076288,-0.033065887682822
2024-09-24,93,-0.0174646354522849,-0.0166920574956047
2024-09-24,94,-0.0202493827020556,-0.0205702919604365
2024-09-24,95,-0.00868124327043018,-0.00791486100218552
2024-09-24,96,-0.0117667808239044,-0.0110609450589436
2024-09-24,97,-0.0116272423010328,-0.0109364339212075
2024-09-24,98,-0.0138950364403794,-0.0138495401257135
2024-09-24,99,-0.0124472317583955,-0.0127023423377715
2024-09-24,100,-0.0127024068993782,-0.0121405111898962
2024-09-24,101,-0.00567407309996337,-0.00543458304328048
2024-09-24,102,-0.0025591037750976,-0.00124014427017372
2024-09-24,103,-0.019249297370111,-0.0196747876182304
2024-09-24,104,0.0147504952902198,0.0162835188575148
2024-09-24,105,-0.0121013424361127,-0.0123471111981175
2024-09-24,106,0.0028495823956538,0.00317578023991949
2024-09-24,107,-0.00626551477659376,-0.00515916645467129
2024-09-24,108,0.000698045078780574,0.000920159977814805
2024-09-24,109,-7.64230560790224e-06,0.00102982745223379
2024-09-24,110,0.00222955537297587,0.00208035901696491
2024-09-24,111,6.28325610438907e-05,0.000424366062608428
2024-09-24,112,0.00735346991803087,0.00768128301651494
2024-09-24,113,0.00280342512979903,0.0030752038859756
2024-09-24,114,-0.00260987366087129,-0.00357896835693339
2024-09-24,115,-0.0107015651187989,-0.0102257132347781
2024-09-24,116,0.00346378007951476,0.00247859856127342
2024-09-24,117,-0.00180005327272159,-0.00289051058656575
2024-09-24,118,0.0111150162436386,0.0105949973289281
2024-09-24,119,-0.00321673592253902,-0.00436830892870077
2024-09-24,120,-0.0124022732757796,-0.0135904325779332
2024-09-24,121,0.00960377966150361,0.00868247426530644
2024-09-24,122,-0.00313322225416535,-0.0043628057380829
2024-09-24,123,7.33952449820663e-05,-0.000640212288244513
2024-09-24,124,0.0166069405320082,0.0161722565356044
2024-09-24,125,-0.0305557123210685,-0.032554304926812
2024-09-24,126,0.0240506748955651,0.0238491038222239
2024-09-24,127,0.0125865081364731,0.0114312639069887
2024-09-24,128,0.00354845933288672,0.00324687952380565
2024-09-24,129,0.0191806568192714,0.0185102546384428
2024-09-24,130,-0.00668828610431227,-0.00830601056320823
2024-09-24,131,0.0150574028058781,0.0140291563034936
2024-09-24,132,-0.00024975192109089,-0.00136880130399319
2024-09-24,133,0.00860808518492551,0.00748512296260806
2024-09-24,134,0.0137017117950133,0.0119227360137852
2024-09-24,135,0.00811865507170761,0.00658708242812622
2024-09-24,136,0.00305075751411721,0.00185266756271929
2024-09-24,137,0.00185825855263833,-5.82437424725413e-05
2024-09-24,138,0.0318366817955704,0.0305185075039525
2024-09-24,139,1.30477017634689e-06,-0.00160666671755649
2024-09-24,140,0.00847967355371892,0.00680115970111927
2024-09-24,141,0.00920264785990721,0.00781327271836751
2024-09-24,142,0.00570740614928322,0.00363852412720789
2024-09-24,143,0.01889705497761,0.0174616709304765
2024-09-24,144,0.0203187218057019,0.0187829259728467
2024-09-25,2,0.0197646018320272,0.017558112448647
2024-09-25,3,0.0190075271144847,0.0164486860518167
2024-09-25,4,0.017786389735293,0.015495665528789
2024-09-25,5,0.0232848133158559,0.0200731696572163
2024-09-25,6,0.0327370475829509,0.0312144492438975
2024-09-25,7,0.0193067913959224,0.0160074426197454
2024-09-25,8,0.0126216768290934,0.00929173664456151
2024-09-25,9,0.0343644887323542,0.0315807827171337
2024-09-25,10,0.0189141305046796,0.0154737506505889
2024-09-25,11,0.0179289047470821,0.0144543096063785
2024-09-25,12,0.0247990403948295,0.0212937069502566
2024-09-25,13,0.0353306824235391,0.0380818612229596
2024-09-25,14,0.0270385354751896,0.0315365144233262
2024-09-25,15,0.0262430453551437,0.0314002796297288
2024-09-25,16,0.0319761143301669,0.0377694242282569
2024-09-25,17,0.0227227354892001,0.028606692422315
2024-09-25,18,0.0285630172892803,0.0351066101871762
2024-09-25,19,0.0094138652076321,0.0168579366940644
2024-09-25,20,0.008318705982858,0.0160184041186593
2024-09-25,21,0.00297660286646106,0.0100095707176795
2024-09-25,22,0.0221358162801417,0.0319197392105703
2024-09-25,23,-0.00343919270019288,0.00496620164038397
2024-09-25,24,-0.0061179174963053,0.00252648740191219
2024-09-25,25,0.0217357805684992,0.0305664175145974
2024-09-25,26,0.0200076392798874,0.0260771655436756
2024-09-25,27,0.0545839109302264,0.0610871734719822
2024-09-25,28,0.0130574165237238,0.0183738803052638
2024-09-25,29,0.0214352033557468,0.0283700551918695
2024-09-25,30,-0.00483971304545783,7.20157259230803e-05
2024-09-25,31,0.00536911278642282,0.00995888020611702
2024-09-25,32,0.0222559259332087,0.0277143551829422
2024-09-25,33,0.00838498387186881,0.0120428082692374
2024-09-25,34,0.0111880558910915,0.0146564808716505
2024-09-25,35,0.01970761096978,0.0225528453273824
2024-09-25,36,0.021909566615979,0.0236886224522177
2024-09-25,37,-0.00634117788053512,-0.00359526007014743
2024-09-25,38,-0.0319633876376146,-0.0285290623857115
2024-09-25,39,0.0257963716453835,0.0272892910759115
2024-09-25,40,0.0498905059124803,0.051845067627621
2024-09-25,41,0.0231743864652714,0.0224681634663781
2024-09-25,42,-0.00113373670461581,0.00083038387407619
2024-09-25,43,0.0282020535141756,0.0293379402878173
2024-09-25,44,0.0131829907434238,0.0130902314220975
2024-09-25,45,-0.0294461752437405,-0.0281573568238596
2024-09-25,46,0.020579882743939,0.0223120948064714
2024-09-25,47,0.0188391056864603,0.0189488944585552
2024-09-25,48,0.0384422320462887,0.0381821910251361
2024-09-25,49,-0.0315010171680674,-0.0328528628240452
2024-09-25,50,0.00345367224955329,0.00480721758221492
2024-09-25,51,0.0291471476918748,0.028472190562109
2024-09-25,52,-0.0256313150820127,-0.0280049053281353
2024-09-25,53,0.0282731384671875,0.0280831963543111
2024-09-25,54,0.00423550079451473,0.0035585393797497
2024-09-25,55,0.0310621389588697,0.0286726271836333
2024-09-25,56,0.0300870419414361,0.0283937217868147
2024-09-25,57,-3.24166125666991e-05,-0.000722898213266987
2024-09-25,58,0.0323665668405049,0.0306366296803979
2024-09-25,59,-0.0177373786985964,-0.0194797219329761
2024-09-25,60,0.0121055125385734,0.0112086145664279
2024-09-25,61,0.00485488874422035,0.00407253178935463
2024-09-25,62,0.00915921418513754,0.00848313686307911
2024-09-25,63,-0.133473279867871,-0.132294019153296
2024-09-25,64,-0.0568256504903326,-0.0564466899265614
2024-09-25,65,-0.0419617126148042,-0.0413951045028664
2024-09-25,66,-0.0396103881580174,-0.0405318578840728
2024-09-25,67,-0.0198703870301795,-0.0204565820123754
2024-09-25,68,-0.037155619229333,-0.0392264459802227
2024-09-25,69,-0.0774669201046185,-0.0781835263166162
2024-09-25,70,-0.0669419228356398,-0.0660603621515783
2024-09-25,71,-0.0599979189846742,-0.0608730035826461
2024-09-25,72,-0.0516069268190282,-0.0540656447918195
2024-09-25,73,-0.0242013808480968,-0.027219463595765
2024-09-25,74,-0.0310674929334107,-0.0345657836745374
2024-09-25,75,-0.0344216842820257,-0.0389003957335081
2024-09-25,76,-0.0251937603958821,-0.0308434092779031
2024-09-25,77,-0.0179782976156435,-0.0230184145802586
2024-09-25,78,-0.0232393654602845,-0.0295566455733489
2024-09-25,79,-0.0157706928459955,-0.0220070682154736
2024-09-25,80,-0.00824362535146284,-0.0151095140385218
2024-09-25,81,-0.0185366772772224,-0.0263476360027886
2024-09-25,82,-0.00698687682955335,-0.0136296986574438
2024-09-25,83,-0.0125362877272757,-0.0196706242242781
2024-09-25,84,-0.0156525445577294,-0.0159822351933281
2024-09-25,85,-0.0295152400714889,-0.0302045659792496
2024-09-25,86,-0.0235339022756995,-0.0231929873756789
2024-09-25,87,-0.0289062072795176,-0.0286758403194138
2024-09-25,88,-0.00818322789003778,-0.00690761931421857
2024-09-25,89,-0.0321632233098788,-0.0316706849856949
2024-09-25,90,-0.0187809392377174,-0.0184367065038638
2024-09-25,91,-0.0273957459904972,-0.0259905221540535
2024-09-25,92,-0.00149528332935533,0.000462518705352188
2024-09-25,93,-0.0141087307703152,-0.0137273333107366
2024-09-25,94,-0.0117218311264811,-0.0108757293968749
2024-09-25,95,-0.0191217786400832,-0.0190388268902293
2024-09-25,96,-0.0105953749002103,-0.00979641057615677
2024-09-25,97,-0.0146780986951054,-0.0146821421906385
2024-09-25,98,-0.0103680410043205,-0.00961849145234872
2024-09-25,99,-0.00698717681249494,-0.00656686636071768
2024-09-25,100,-0.0294009512778359,-0.0297622778367197
2024-09-25,101,0.00202133078326661,0.00292931890190218
2024-09-25,102,-0.0128746562059856,-0.0130696178600065
2024-09-25,103,0.0025246608117877,0.00307108083475072
2024-09-25,104,-0.0068236406396851,-0.00606079475045185
2024-09-25,105,-0.00639279201611131,-0.00622770333797362
2024-09-25,106,0.0192576363354231,0.0191283659042547
2024-09-25,107,-0.00519309771415966,-0.0044680936553938
2024-09-25,108,0.0011960892360463,0.000591275324625329
2024-09-25,109,0.00368023223573122,0.0048273478033316
2024-09-25,110,-0.00927688185851672,-0.0102976446203762
2024-09-25,111,-0.00721949221314411,-0.0066465253632515
2024-09-25,112,0.0155129758537553,0.0150107322622297
2024-09-25,113,-0.001675604214185,-0.00181074045187657
2024-09-25,114,0.0141861179947238,0.0138048402509927
2024-09-25,115,-0.0116314497260932,-0.0129348212541274
2024-09-25,116,0.00968923768829644,0.00973060876458653
2024-09-25,117,-0.00818535227655559,-0.0103482520886242
2024-09-25,118,0.0170941707292283,0.0165384905392205
2024-09-25,119,0.00557452344550757,0.00385200058019208
2024-09-25,120,-0.000786124507054176,-0.00201693813375492
2024-09-25,121,-0.00544868418146205,-0.00746774095382641
2024-09-25,122,0.00310499405234221,0.00209355253410415
2024-09-25,123,0.00667901275887495,0.00506643047285493
2024-09-25,124,0.00309588448121989,0.00203489317308225
2024-09-25,125,0.01721065152159,0.0158055132467734
2024-09-25,126,0.008376116566013,0.00696112538282989
2024-09-25,127,-0.00210982020777362,-0.00356185242162255
2024-09-25,128,0.00557306465867224,0.00325876629386457
2024-09-25,129,0.00233980907512699,0.00110329494170713
2024-09-25,130,0.00522418920556689,0.00336317786050166
2024-09-25,131,0.0126660376983088,0.011644831549793
2024-09-25,132,0.00573825776178083,0.00319549048094458
2024-09-25,133,0.00438275338895533,0.00183583409372723
2024-09-25,134,0.0134952551245071,0.0111562535145833
2024-09-25,135,0.00532053791158482,0.00356379132761298
2024-09-25,136,0.00895768144686926,0.00599235989303182
2024-09-25,137,-0.0192821652131014,-0.0219453882949363
2024-09-25,138,0.0422865565346813,0.0415678862792301
2024-09-25,139,-0.0195725367635182,-0.0232262184398877
2024-09-25,140,0.0158455756125564,0.0138671133663948
2024-09-25,141,0.0260258329354528,0.0240053088576193
2024-09-25,142,0.0210476130765453,0.0184013099858085
2024-09-25,143,-0.00683464788048749,-0.00981577751122487
2024-09-25,144,0.0114407603468463,0.00901362446299458
2024-09-26,2,-0.00813516956490989,-0.0115199359090994
2024-09-26,3,0.00576560216514643,0.00418756419617061
2024-09-26,4,-0.00466802559619595,-0.00701207383298019
2024-09-26,5,-0.000560854932294852,-0.0037549989091481
2024-09-26,6,-0.000480966390433046,-0.00289325160770559
2024-09-26,7,0.00554889825578098,0.00312785183840347
2024-09-26,8,0.000681215506182831,-0.00172966240377193
2024-09-26,9,0.00833720939957061,0.00626591362516926
2024-09-26,10,-0.0120919410195865,-0.0156359605985941
2024-09-26,11,0.0273262143003903,0.0266613708608805
2024-09-26,12,0.00459404831941601,0.00112232230487486
2024-09-26,13,0.017850897865455,0.0222996971246552
2024-09-26,14,0.0116039409410478,0.0191519348170317
2024-09-26,15,0.00100245811548394,0.00691477399991669
2024-09-26,16,0.0318205028301071,0.0391744779738996
2024-09-26,17,0.0272684607822695,0.0331022305504121
2024-09-26,18,0.0607574089291143,0.0670985231813503
2024-09-26,19,0.0049193665811309,0.0115058184007815
2024-09-26,20,0.00990960815632835,0.0177486195172509
2024-09-26,21,-0.0053997237266783,0.00178754562046457
2024-09-26,22,0.0370297505817776,0.0433398922860277
2024-09-26,23,0.0426680442526672,0.0497844764388038
2024-09-26,24,0.0336946364643191,0.0395190546551998
2024-09-26,25,0.0407707030427202,0.0477460299985939
2024-09-26,26,0.0482386850479122,0.0542974520642883
2024-09-26,27,-0.0028221138915141,0.00120152486725189
2024-09-26,28,0.000707715150545241,0.00786519084366333
2024-09-26,29,0.00122573895097045,0.00782828909424715
2024-09-26,30,-0.00324790544586762,0.00305965971682554
2024-09-26,31,0.0257650363901174,0.0341907651915143
2024-09-26,32,-0.0227887113980243,-0.0174501164404877
2024-09-26,33,-0.0405394145932396,-0.0337178104021074
2024-09-26,34,-0.00659820011684253,-3.63313230504758e-05
2024-09-26,35,-0.0261981046078699,-0.0225558967178152
2024-09-26,36,0.00897379435575552,0.00905377589982237
2024-09-26,37,-0.0104392742911532,-0.00793407553330994
2024-09-26,38,-0.014565507341417,-0.0137628628745396
2024-09-26,39,0.0116760339379951,0.0108781345600111
2024-09-26,40,0.0405950995996367,0.0389844682761584
2024-09-26,41,0.00328504201251878,0.0025282116559282
2024-09-26,42,-0.0160209075104145,-0.0140577975167968
2024-09-26,43,0.0346521421737993,0.0352727918591409
2024-09-26,44,-0.0012982514951636,-0.00152927925494772
2024-09-26,45,-0.023203706695428,-0.0223247254523535
2024-09-26,46,0.0152564767167549,0.0158650836568075
2024-09-26,47,0.00580475106207246,0.00676693482984803
2024-09-26,48,0.0314450924272371,0.0296282477134877
2024-09-26,49,-0.010269015668702,-0.00801775387562564
2024-09-26,50,-0.0116545506517047,-0.0115155093502963
2024-09-26,51,0.0306437133144044,0.0318435084938784
2024-09-26,52,-0.0232180462995384,-0.0233355393581487
2024-09-26,53,0.0119218457818446,0.0108756129373706
2024-09-26,54,0.0436746820547596,0.0411654801920065
2024-09-26,55,0.0256868529533616,0.0249518792859664
2024-09-26,56,0.0286206049292774,0.0283158978427913
2024-09-26,57,-0.00794021883771467,-0.00977492444164874
2024-09-26,58,0.0104022003431687,0.00853984695147858
2024-09-26,59,0.00196079120191506,0.00240166819758869
2024-09-26,60,0.0362729668599435,0.0371856467499203
2024-09-26,61,-0.0127143049815643,-0.014235727134869
2024-09-26,62,0.0127443438026917,0.0123596796596157
2024-09-26,63,-0.0858128609552562,-0.0844373192721193
2024-09-26,64,-0.0398196579509422,-0.041276369908223
2024-09-26,65,-0.0291643545770004,-0.0305810609772603
2024-09-26,66,-0.00355029457287426,-0.00546951067344636
2024-09-26,67,0.00307884822849314,0.000428449534549458
2024-09-26,68,-0.0302482274191549,-0.0351158246708074
2024-09-26,69,-0.0425906452072207,-0.0432920995306052
2024-09-26,70,-0.078428924007345,-0.0795282627692551
2024-09-26,71,-0.0492278983137959,-0.0543674985394933
2024-09-26,72,-0.0411057344133443,-0.0459031402032899
2024-09-26,73,-0.029806770959822,-0.0366485310378
2024-09-26,74,-0.0209044242727376,-0.0291426460238871
2024-09-26,75,-0.0221924950447052,-0.0301120408740214
2024-09-26,76,-0.0106025642739045,-0.0178048184751649
2024-09-26,77,-0.00366605951754995,-0.0103237910756437
2024-09-26,78,-0.00694763135530074,-0.0147478084618307
2024-09-26,79,-0.0130968731168757,-0.0200637022984012
2024-09-26,80,0.011499232154315,0.00559347395151377
2024-09-26,81,0.000845066832122043,-0.00542954395035089
2024-09-26,82,-0.00308739053952412,-0.00974060155182066
2024-09-26,83,-0.0190927627176842,-0.0223110069481329
2024-09-26,84,-0.00835355143106042,-0.00569448208230305
2024-09-26,85,-0.0151002535545226,-0.0125690060888584
2024-09-26,86,-0.0338950446336401,-0.03268103918737
2024-09-26,87,-0.0375659962964461,-0.0367152174979513
2024-09-26,88,-0.010921617616952,-0.00873403119244642
2024-09-26,89,-0.0168277610558842,-0.0165275577557225
2024-09-26,90,-0.019152499009115,-0.0186595304470831
2024-09-26,91,-0.0314289817729652,-0.031183634306938
2024-09-26,92,-0.014838315287653,-0.0149144683532345
2024-09-26,93,-0.0128456059109308,-0.012966103469882
2024-09-26,94,-0.0167887212989788,-0.0165881354804593
2024-09-26,95,-0.0309267415394388,-0.0314879439207196
2024-09-26,96,-0.0139342480541114,-0.0147889132144705
2024-09-26,97,-0.0171944617714761,-0.0176472386658961
2024-09-26,98,-0.0152696768041762,-0.0147937064324726
2024-09-26,99,-0.0164244209584075,-0.0173527988879805
2024-09-26,100,0.00200106088119334,0.00104768126197641
2024-09-26,101,-0.00893895410666357,-0.00859474392875903
2024-09-26,102,-0.00776132552869058,-0.00746476031640597
2024-09-26,103,-0.0213584713118715,-0.022149649688993
2024-09-26,104,0.00428473689325948,0.00403147359987877
2024-09-26,105,-0.00512477722902549,-0.00448811682407069
2024-09-26,106,0.00200396603370034,0.00258511956455898
2024-09-26,107,0.0055008841870734,0.00613189572905171
2024-09-26,108,-0.0106237227867734,-0.0109283944755507
2024-09-26,109,0.000806959933698614,0.00105793243599805
2024-09-26,110,-0.00589672811944109,-0.00596696394351071
2024-09-26,111,0.00778247517440978,0.00767544362682671
2024-09-26,112,0.000510344857004519,0.0012044993028546
2024-09-26,113,0.0111494606449485,0.0110524834595509
2024-09-26,114,0.00500262875008506,0.00575932964108006
2024-09-26,115,0.00831339136166775,0.00797103824147527
2024-09-26,116,0.00667653907929022,0.00570740352364218
2024-09-26,117,-0.00910032454071263,-0.00959446070702263
2024-09-26,118,-0.00340995984485204,-0.0049003446810616
2024-09-26,119,0.00349191634923418,0.00308202615527264
2024-09-26,120,0.00259841482417755,0.00248109855875356
2024-09-26,121,0.014165041403122,0.0133172229502758
2024-09-26,122,0.0018445881118172,0.00115974533383323
2024-09-26,123,0.0136169763772607,0.0128925120742878
2024-09-26,124,0.00193916482546808,0.00205231504585512
2024-09-26,125,0.0131115803882098,0.0127326259010569
2024-09-26,126,0.00264883365418633,0.00122014682853688
2024-09-26,127,0.0166377291546977,0.0162726436048022
2024-09-26,128,0.00513640557174266,0.00418206113961972
2024-09-26,129,0.0162494649676104,0.015983976575848
2024-09-26,130,0.00232979361820451,0.00139341317848363
2024-09-26,131,0.0147749774420562,0.0133498147832434
2024-09-26,132,0.0165402247035429,0.0163559431179365
2024-09-26,133,0.0078086434823561,0.0072904881139948
2024-09-26,134,0.0141115745370453,0.0145983033767969
2024-09-26,135,-0.00215494343802369,-0.00473105282001107
2024-09-26,136,0.0234600734290469,0.023382770536811
2024-09-26,137,0.017139867409993,0.0164320312250972
2024-09-26,138,0.0121116869980105,0.0114785018046657
2024-09-26,139,0.00212149717771482,0.000267210704400611
2024-09-26,140,0.0302557717665248,0.030146658020513
2024-09-26,141,0.0100810854292943,0.00904973505134699
2024-09-26,142,0.0115754367821621,0.0104039861000729
2024-09-26,143,0.0187881413989404,0.0171978063405973
2024-09-26,144,0.0204911514187494,0.0197376576911967
2024-09-27,2,0.0205272681947974,0.0183721069649128
2024-09-27,3,-0.000385167201518932,-0.00317790597857304
2024-09-27,4,0.0142326931857282,0.0113769571535549
2024-09-27,5,0.016271753875432,0.0143486876613022
2024-09-27,6,0.0208837749436572,0.0186437773787862
2024-09-27,7,0.000763587847967706,-0.00315540798359315
2024-09-27,8,0.0185432522122886,0.0162570447191133
2024-09-27,9,0.027271903694345,0.0259842815336384
2024-09-27,10,0.00398496253378333,-2.11195083732463e-05
2024-09-27,11,0.0180235107995284,0.0156462957616874
2024-09-27,12,0.0223920378309126,0.0200245400723524
2024-09-27,13,0.0321696321760889,0.0339399582190527
2024-09-27,14,0.0320838189450416,0.0369670907942314
2024-09-27,15,0.0113243143297659,0.0159962956759525
2024-09-27,16,0.0283133042217081,0.0341809567930706
2024-09-27,17,0.025311438782694,0.0310828299320853
2024-09-27,18,0.0201418305393508,0.0265940385333518
2024-09-27,19,0.0149648611410003,0.0226062283066941
2024-09-27,20,0.00228340818794948,0.0097073469453921
2024-09-27,21,0.0212373643781758,0.0291309159815167
2024-09-27,22,-0.0186374402421796,-0.0119943922198775
2024-09-27,23,0.0122600939889148,0.0208146209247442
2024-09-27,24,0.00371798684815516,0.0127553752123557
2024-09-27,25,-0.00109643642538959,0.0066297023762889
2024-09-27,26,0.0397218230240695,0.0457116104693753
2024-09-27,27,0.0300003371290618,0.0340295737577563
2024-09-27,28,0.00991836900903387,0.015269850738898
2024-09-27,29,0.00288513905887022,0.00788169457158538
2024-09-27,30,0.00482970285056172,0.00989999688488119
2024-09-27,31,0.00935596633167446,0.0133194832279049
2024-09-27,32,0.0470648363736386,0.052551735379204
2024-09-27,33,-0.0158105895645333,-0.0130106672668244
2024-09-27,34,-0.0234319063337844,-0.0196578954812345
2024-09-27,35,0.0265287136910892,0.0288450941071083
2024-09-27,36,0.0201415070378657,0.0227027548145706
2024-09-27,37,-0.0205683645735144,-0.0175235303576713
2024-09-27,38,0.0154578519760165,0.0177460810496584
2024-09-27,39,0.017948891643333,0.0206741520805647
2024-09-27,40,0.028905349395913,0.0289447040933624
2024-09-27,41,0.01777802524078,0.0196222409744475
2024-09-27,42,-0.00664145977904074,-0.0042756025179358
2024-09-27,43,0.0386836061370133,0.0397731432278245
2024-09-27,44,0.00664853791186459,0.00642804288875531
2024-09-27,45,-0.0302801546258804,-0.0292984169241457
2024-09-27,46,0.0252416966662397,0.0263882251430925
2024-09-27,47,0.00490921597205585,0.0049385513641429
2024-09-27,48,0.0450369839949643,0.045104925461402
2024-09-27,49,0.00269553492192998,0.00265244062742376
2024-09-27,50,-0.0306996575384479,-0.0303220978388303
2024-09-27,51,0.0528510367343138,0.0536028646120474
2024-09-27,52,-0.0182323996771281,-0.0194458396769175
2024-09-27,53,0.0184299923798914,0.0182218058637851
2024-09-27,54,0.0369150136010479,0.0359446515065969
2024-09-27,55,0.0128377266474482,0.0109698670155165
2024-09-27,56,0.0109072956442384,0.0102827549240114
2024-09-27,57,0.0130056820788527,0.0118775315814883
2024-09-27,58,0.0531373029199438,0.0512043989982285
2024-09-27,59,-0.0109259825670538,-0.012843633578143
2024-09-27,60,0.00768055217692165,0.00601485712445893
2024-09-27,61,-0.000435329197337353,-0.000235184139901534
2024-09-27,62,-0.0797053637699934,-0.0803785334951126
2024-09-27,63,-0.0734299901864963,-0.0725332505351961
2024-09-27,64,-0.0399162210255604,-0.0408949050261072
2024-09-27,65,-0.0333387720270037,-0.035140201924996
2024-09-27,66,-0.0299037724258158,-0.0319577462975147
2024-09-27,67,-0.0322284821630285,-0.0358279244454387
2024-09-27,68,-0.0512464615421271,-0.0529327057516031
2024-09-27,69,-0.0689731913244023,-0.0692916527616045
2024-09-27,70,-0.0641873272147659,-0.065183350105082
2024-09-27,71,-0.0506883314942046,-0.0522824533665247
2024-09-27,72,-0.0321420525703076,-0.0355560968246778
2024-09-27,73,-0.02953125016999,-0.0337830256718821
2024-09-27,74,-0.0311330332595237,-0.0366525480181075
2024-09-27,75,-0.0205944594253333,-0.0246398533713226
2024-09-27,76,-0.038664292326068,-0.0447588478698311
2024-09-27,77,0.00629416313237918,0.0016300593895
2024-09-27,78,-0.0225996873548535,-0.0293107062730158
2024-09-27,79,-0.0100846804517261,-0.0164798972091571
2024-09-27,80,-0.0168528380594859,-0.023276265049132
2024-09-27,81,-0.005215071897954,-0.0122000584360809
2024-09-27,82,-0.00581737174946451,-0.0131039815870118
2024-09-27,83,-0.0111070805318656,-0.0148162985351057
2024-09-27,84,-0.0269912670406773,-0.0279275064710145
2024-09-27,85,-0.0246184790570974,-0.0246358759067924
2024-09-27,86,-0.013012656276242,-0.0121908578731613
2024-09-27,87,-0.0400863658526793,-0.0402153248112178
2024-09-27,88,-0.0183533444028887,-0.0176465312940675
2024-09-27,89,-0.0236379189947282,-0.0235244014905742
2024-09-27,90,-0.0140069164870491,-0.0134134255640941
2024-09-27,91,-0.0315352128818729,-0.0315005541881899
2024-09-27,92,-0.0153325057762679,-0.0150643712292595
2024-09-27,93,-0.0163183948021999,-0.0163341026544561
2024-09-27,94,-0.0267752944367148,-0.026538952475665
2024-09-27,95,-0.00941712445992859,-0.00983079586936775
2024-09-27,96,-0.0163164224057954,-0.0161676102769075
2024-09-27,97,-0.0166569101704992,-0.0165372492481008
2024-09-27,98,-0.0163984076734405,-0.0169209467618998
2024-09-27,99,-0.010048545757086,-0.00971243683617118
2024-09-27,100,-0.00545504192912372,-0.00518496438738936
2024-09-27,101,-0.00194461587438344,-0.00196064745982127
2024-09-27,102,-0.0176826712520315,-0.0171431865732288
2024-09-27,103,-0.0096503786788551,-0.00889003168097702
2024-09-27,104,0.0020880217103052,0.00279442538023922
2024-09-27,105,0.0071353151250495,0.00751808390791453
2024-09-27,106,0.00235695818883297,0.00299236604404562
2024-09-27,107,-0.0067543916005981,-0.00705123469107605
2024-09-27,108,0.011150396364024,0.0128790137019212
2024-09-27,109,-0.000221749349342382,-0.000899503575727323
2024-09-27,110,0.0120611059706661,0.0131479593115404
2024-09-27,111,-0.00363606313549614,-0.0034745317153515
2024-09-27,112,0.0183595509698185,0.0187542452172096
2024-09-27,113,-0.0196965252073129,-0.0205070567851529
2024-09-27,114,-0.00657290250227316,-0.00658211756315552
2024-09-27,115,0.00993048299626764,0.00925302775097592
2024-09-27,116,0.0182771308729084,0.0185123430438026
2024-09-27,117,-0.00974821051706076,-0.0110451243832479
2024-09-27,118,0.0100631641275539,0.00962485218413356
2024-09-27,119,0.0134151691841149,0.0129858021041844
2024-09-27,120,-0.00634197679711157,-0.00841956836316449
2024-09-27,121,0.007270673427894,0.00705034680967032
2024-09-27,122,0.0100932482567018,0.00917641964927718
2024-09-27,123,0.00817494810766917,0.00725613139421455
2024-09-27,124,0.0111583977881331,0.0107774594508694
2024-09-27,125,-0.00217365239199108,-0.00383680402699227
2024-09-27,126,0.0137585644422984,0.0123890200593593
2024-09-27,127,0.0104513798115109,0.00998471890798847
2024-09-27,128,0.00611425119521503,0.00495469413414718
2024-09-27,129,0.0255776892968376,0.0237634817514021
2024-09-27,130,0.00205328702030716,0.00124396642497615
2024-09-27,131,0.0114301602500184,0.0105183036690413
2024-09-27,132,0.0291478063418307,0.0275290177176366
2024-09-27,133,-0.0119037861962878,-0.0140464690699105
2024-09-27,134,0.0107535332632951,0.00879192431707132
2024-09-27,135,0.0184686435667558,0.0174268502971824
2024-09-27,136,0.00966490565324118,0.00731487314324752
2024-09-27,137,0.0138166014201184,0.0117929122130569
2024-09-27,138,0.007919726318244,0.00552955311917636
2024-09-27,139,0.0202759087754742,0.0185095966204223
2024-09-27,140,-0.00945279486455775,-0.0122086204660103
2024-09-27,141,0.039028359307717,0.0381187026328469
2024-09-27,142,0.00142407090516272,-0.00138149353894512
2024-09-27,143,0.0133851302766228,0.0114822007581736
2024-09-27,144,0.00907129437762588,0.00647152292266995
2024-09-28,2,0.0257757200817998,0.0237592026283568
2024-09-28,3,0.00451084510046051,0.00181261159458401
2024-09-28,4,0.0193534594234448,0.0179432954289691
2024-09-28,5,0.0316417804189095,0.0294617318828116
2024-09-28,6,0.00937331551174125,0.00655215303927115
2024-09-28,7,0.0273103891055477,0.0254247528664795
2024-09-28,8,0.0302283603397617,0.0283338359608987
2024-09-28,9,0.00852128565043309,0.00451347188757367
2024-09-28,10,0.0139933019936676,0.0110046988556345
2024-09-28,11,0.0234710653871684,0.0214796309154384
2024-09-28,12,0.0315823630803003,0.0295372185676328
2024-09-28,13,0.0397351417706098,0.0408206872310561
2024-09-28,14,0.0253874750595866,0.0297779437859766
2024-09-28,15,0.0436977015600011,0.0493472390589318
2024-09-28,16,0.0252125582106073,0.0308586973363099
2024-09-28,17,0.023513731388177,0.0305202923102001
2024-09-28,18,0.0253504195532264,0.0329552605690679
2024-09-28,19,0.0261998652111517,0.0342545264010887
2024-09-28,20,0.0147483628939975,0.0222643329740606
2024-09-28,21,-0.00637298534533226,0.00100363927677982
2024-09-28,22,0.0187678744200435,0.0277674330602355
2024-09-28,23,-4.75099540135915e-05,0.00903957383010834
2024-09-28,24,-0.00203177361998641,0.00721533098963789
2024-09-28,25,0.00669268217646568,0.0159901117753929
2024-09-28,26,0.0516154375512077,0.0579444741508528
2024-09-28,27,0.00752246702459214,0.0118219505890398
2024-09-28,28,0.0308282938584989,0.0383298943345967
2024-09-28,29,0.0125559695564963,0.0185695297428357
2024-09-28,30,0.00943802663568327,0.0142608570931237
2024-09-28,31,0.000164309437517218,0.00463412936116825
2024-09-28,32,0.00669429488793405,0.00989258653980585
2024-09-28,33,0.00660181910675828,0.0112924321672789
2024-09-28,34,-0.00609385665595585,-0.00191508350450853
2024-09-28,35,0.0254812056537306,0.0283097676175217
2024-09-28,36,0.00644723371445899,0.00856751561993008
2024-09-28,37,-0.019716771399553,-0.0163532632922259
2024-09-28,38,0.00882901724132346,0.011027060578364
2024-09-28,39,0.0394358877085308,0.0412175112850743
2024-09-28,40,0.0159096062521291,0.0160036607605676
2024-09-28,41,-0.00597211001677511,-0.0059827336056717
2024-09-28,42,4.66020056597571e-05,0.00373743198268173
2024-09-28,43,0.0302116835398163,0.0290416846063266
2024-09-28,44,0.022782942766141,0.0245067753310231
2024-09-28,45,-0.0219505461268961,-0.0220391379245353
2024-09-28,46,0.00114888192468587,0.000804556073260798
2024-09-28,47,-0.00516094403268408,-0.0058930790614351
2024-09-28,48,0.0785696305226988,0.078262552365171
2024-09-28,49,-0.0258822676204833,-0.0288549325125214
2024-09-28,50,-0.0220139612545021,-0.0201719354303425
2024-09-28,51,0.0436131827367543,0.0436453459449204
2024-09-28,52,-0.0140380252887553,-0.0155964960052408
2024-09-28,53,0.0189018904023115,0.0180025442881266
2024-09-28,54,0.0435709591651454,0.0411267801563788
2024-09-28,55,-0.00687759082514461,-0.00876427070670971
2024-09-28,56,0.0257142852951713,0.0244292621309086
2024-09-28,57,0.00797659416470875,0.00725213427540972
2024-09-28,58,0.050748024823883,0.0488531177352556
2024-09-28,59,-0.00034663038604954,-0.00181144715067916
2024-09-28,60,0.00268890147992185,0.00252387811910282
2024-09-28,61,-0.028102481927748,-0.0280743757472539
2024-09-28,62,-0.0760578391990663,-0.0769363076216241
2024-09-28,63,-0.0590784681007133,-0.0594057844589297
2024-09-28,64,-0.0310693421770258,-0.0324785639395699
2024-09-28,65,-0.0334703541959094,-0.0348159811383884
2024-09-28,66,-0.0245255124273651,-0.0264147038068518
2024-09-28,67,-0.0275204127429625,-0.0306112805760961
2024-09-28,68,-0.0472059456980709,-0.0505625676375647
2024-09-28,69,-0.0764984533040405,-0.0771340504634761
2024-09-28,70,-0.0686049152614467,-0.0688309370168927
2024-09-28,71,-0.040157765851502,-0.0425193293623369
2024-09-28,72,-0.0454414989131831,-0.0490791770826196
2024-09-28,73,-0.0250285677495832,-0.0289284909783678
2024-09-28,74,-0.0105058956610176,-0.0141265534291914
2024-09-28,75,-0.0293254920995851,-0.0348788944392187
2024-09-28,76,-0.0283248498253661,-0.0338667057965765
2024-09-28,77,-0.00513854250561341,-0.0104404804241369
2024-09-28,78,-0.0127836716740113,-0.0205424926271895
2024-09-28,79,-0.0224273296197017,-0.029336214729442
2024-09-28,80,0.00644126017811519,-0.000787478857033008
2024-09-28,81,-0.0151202546907223,-0.0220984270768643
2024-09-28,82,-0.00623544907314955,-0.0140497483596604
2024-09-28,83,0.00628251964528914,0.00398011974887957
2024-09-28,84,-0.0377960956872219,-0.0385260011984592
2024-09-28,85,-0.00891492899032187,-0.0080917275477308
2024-09-28,86,-0.0259588037988241,-0.0266720734356305
2024-09-28,87,-0.0202251545787506,-0.019214925854099
2024-09-28,88,-0.033214841433101,-0.0321471990974587
2024-09-28,89,-0.0170705021348034,-0.0165919025007781
2024-09-28,90,-0.0241776573663035,-0.0234474167421226
2024-09-28,91,-0.0214940771623535,-0.0204993514806482
2024-09-28,92,-0.00403139656319329,-0.002794278107217
2024-09-28,93,-0.0260715536219438,-0.0257718271083469
2024-09-28,94,-0.00647796245552357,-0.0061417593280062
2024-09-28,95,-0.0309332240156532,-0.0306924129509678
2024-09-28,96,-0.0113283334767216,-0.0107754069794304
2024-09-28,97,-0.0173551631809579,-0.0171472571588289
2024-09-28,98,-0.00593397817778651,-0.00547321799358613
2024-09-28,99,-0.00870539401612902,-0.0080056413298788
2024-09-28,100,-0.0136152693363716,-0.0135678975730453
2024-09-28,101,0.00891117939797326,0.0104192129409544
2024-09-28,102,-0.0175704820059064,-0.0179418603777126
2024-09-28,103,-0.0100422251397561,-0.00891747790077169
2024-09-28,104,0.0068412094568906,0.0073114313574294
2024-09-28,105,-0.0132297599443616,-0.0119081690116722
2024-09-28,106,0.00235296801437634,0.0020830025822427
2024-09-28,107,0.00144501236775696,0.00237706748660571
2024-09-28,108,0.00556035812211686,0.00703601064661719
2024-09-28,109,-0.00818127146283398,-0.00827214219783379
2024-09-28,110,0.00910648528661362,0.0102050325474483
2024-09-28,111,-0.0037696046902358,-0.00336945071841832
2024-09-28,112,0.00746468614280094,0.00813752184310168
2024-09-28,113,-0.00312431500033217,-0.00370967266579569
2024-09-28,114,-0.00679916960893756,-0.00653064870274633
2024-09-28,115,0.00932158859994647,0.00921995877847515
2024-09-28,116,0.00883040878320696,0.00809096082799776
2024-09-28,117,-0.00350935565874266,-0.00492252813211635
2024-09-28,118,-0.00932349811967192,-0.00981208816622647
2024-09-28,119,-0.00535670928657073,-0.00653069957605013
2024-09-28,120,0.0134398934349385,0.0122162514489439
2024-09-28,121,-0.00433162355774108,-0.00588831115519994
2024-09-28,122,0.00876299701067751,0.00781297899406397
2024-09-28,123,-0.014178192215323,-0.0158589567791871
2024-09-28,124,0.0124106326394644,0.0110548017828958
2024-09-28,125,0.0131240407011255,0.0123335528285118
2024-09-28,126,0.0115750860799864,0.0107834777075269
2024-09-28,127,-0.0168108411765697,-0.0193123821124104
2024-09-28,128,-0.00120074625921873,-0.00175091467927757
2024-09-28,129,0.0196200153759722,0.0180133130553735
2024-09-28,130,-0.0145560901500641,-0.016856149088202
2024-09-28,131,0.0121924954455572,0.010832990343399
2024-09-28,132,0.0103547796876367,0.00830614153166742
2024-09-28,133,0.0035582874902671,0.00178706263503692
2024-09-28,134,0.00411199004071694,0.00166294219559582
2024-09-28,135,0.00366109319996788,0.00116780590325227
2024-09-28,136,0.00768524337507426,0.00553705918244063
2024-09-28,137,0.0177065299167216,0.016134394299959
2024-09-28,138,-0.011471983898045,-0.0143382528626574
2024-09-28,139,0.0100825133829279,0.00745591641895516
2024-09-28,140,0.0110351433573586,0.00970381351127259
2024-09-28,141,-0.0065906051113167,-0.00926385677891517
2024-09-28,142,0.0235093732377001,0.0210834297078915
2024-09-28,143,0.0175549754061022,0.0161301305290884
2024-09-28,144,0.00730573951606939,0.00385168139541037
2024-09-29,2,0.0254721586896682,0.0229835373402452
2024-09-29,3,-1.4541727200168e-07,-0.00346423418503861
2024-09-29,4,0.0231343674721796,0.0202806797192032
2024-09-29,5,0.00864873795669752,0.00570461320388738
2024-09-29,6,0.00999537569517628,0.0070504031096501
2024-09-29,7,0.0202086890904898,0.0166136551608194
2024-09-29,8,0.0117222597848041,0.00810254953159095
2024-09-29,9,0.0138950680323164,0.0102372858626385
2024-09-29,10,0.0217338910629108,0.0186084508085518
2024-09-29,11,0.00191484516168305,-0.00156666998555188
2024-09-29,12,0.0299438450926637,0.0258777347089758
2024-09-29,13,0.0193541339940939,0.0185833011216054
2024-09-29,14,0.0182270218158003,0.0209741123483873
2024-09-29,15,0.0406314378719639,0.0443037774162978
2024-09-29,16,0.0548992728764004,0.0590007999839628
2024-09-29,17,0.0247760439989033,0.0289463599856514
2024-09-29,18,0.0276657608450721,0.0334196328384859
2024-09-29,19,0.0172965758089161,0.0228433310242107
2024-09-29,20,0.0302591752106025,0.037112005161223
2024-09-29,21,0.0132830535502988,0.0198512778842392
2024-09-29,22,-0.00309228241171411,0.00445912590556929
2024-09-29,23,0.0178130050316705,0.0261206786912762
2024-09-29,24,-0.00454583288613541,0.00399352831127686
2024-09-29,25,0.0213545092841896,0.0295507672663717
2024-09-29,26,0.0470077178445196,0.0536963966670072
2024-09-29,27,0.0317282804875365,0.0376844049295997
2024-09-29,28,0.00103494458753328,0.00691729561222054
2024-09-29,29,-0.00251375091092676,0.00208094287782856
2024-09-29,30,0.0223831068392979,0.028312491167382
2024-09-29,31,-0.000623132830810391,0.00378821856795319
2024-09-29,32,0.026710488321994,0.0303872004850767
2024-09-29,33,-0.0097191589144412,-0.00779023538401624
2024-09-29,34,-0.0233348838021712,-0.0209777751780127
2024-09-29,35,0.0400131831176145,0.0425589842551997
2024-09-29,36,-0.023104522457583,-0.0224313273212626
2024-09-29,37,-0.0171758992540605,-0.0144659510022365
2024-09-29,38,0.0289115159771027,0.0326703062740243
2024-09-29,39,0.0261645858843451,0.0273600571454118
2024-09-29,40,0.0422130186199308,0.0430570085660325
2024-09-29,41,-0.0344626785701525,-0.0338381720621488
2024-09-29,42,0.0330000724830386,0.036429536255266
2024-09-29,43,0.00917255375398351,0.00958131959382946
2024-09-29,44,0.0110581480556968,0.0120703039085477
2024-09-29,45,-0.00184731171099717,-0.00115225909542538
2024-09-29,46,0.00886545632182578,0.0086699711336653
2024-09-29,47,0.00100554597484415,0.00270898613977089
2024-09-29,48,0.0314233035166795,0.0295993073122158
2024-09-29,49,0.00967577729047875,0.00879579323511237
2024-09-29,50,-0.0353412912326236,-0.0362885252700291
2024-09-29,51,0.021806900373643,0.022761692958392
2024-09-29,52,-0.0199025302436286,-0.0223430759302126
2024-09-29,53,0.0262928838507026,0.0255156499473621
2024-09-29,54,0.0369125951614757,0.0361401321162713
2024-09-29,55,-0.0224796702268844,-0.0256482538671339
2024-09-29,56,0.000201800013940989,-0.00157136159560523
2024-09-29,57,0.0163779867509257,0.016331863515882
2024-09-29,58,0.0357448582990871,0.034271179207213
2024-09-29,59,0.0287542674572885,0.0279866781165339
2024-09-29,60,0.0135726134619309,0.0109382984412267
2024-09-29,61,-0.0355445245829937,-0.0374762467045322
2024-09-29,62,0.0110023694985424,0.00974069272879419
2024-09-29,63,0.00917665412978685,0.00912027805031457
2024-09-29,64,-0.0968492950975781,-0.0979656672137832
2024-09-29,65,-0.0537418227328246,-0.0534613481039905
2024-09-29,66,-0.039991866637207,-0.0401679203189662
2024-09-29,67,-0.0226307478672849,-0.0218991966319759
2024-09-29,68,-0.0688341678688387,-0.0680919963406943
2024-09-29,69,-0.0773644627842147,-0.0754342254071094
2024-09-29,70,-0.0453255200076628,-0.0445346093791308
2024-09-29,71,-0.0403948656482793,-0.0401693762098336
2024-09-29,72,-0.0443262330462204,-0.0455230825105346
2024-09-29,73,-0.0322374647425496,-0.0346136449833221
2024-09-29,74,-0.0114762237199049,-0.0132282746890056
2024-09-29,75,-0.0380064469576951,-0.0419991969401092
2024-09-29,76,-0.023867043168214,-0.0282248166609449
2024-09-29,77,-0.0295815782067521,-0.0344480069519904
2024-09-29,78,-0.0175713382497209,-0.0220679258713172
2024-09-29,79,-0.0162915013093867,-0.0218526037005482
2024-09-29,80,-0.0178705863627027,-0.0234653303078698
2024-09-29,81,-0.0134432033602847,-0.0201966603268353
2024-09-29,82,-0.0197186572976324,-0.0259763202600602
2024-09-29,83,-0.0416929544323965,-0.0449639388498788
2024-09-29,84,-0.0188091127633205,-0.0185413393862959
2024-09-29,85,-0.023929283386436,-0.0241377035724586
2024-09-29,86,-0.0294316248299449,-0.0291554996056167
2024-09-29,87,-0.0433174709982582,-0.042580467409925
2024-09-29,88,-0.0148461153172539,-0.0145961192773409
2024-09-29,89,-0.0225335891002132,-0.0207789155568712
2024-09-29,90,-0.0183454080013616,-0.0183183895325136
2024-09-29,91,-0.030684944783065,-0.0303849002253482
2024-09-29,92,-0.0161419124758027,-0.0154957001580307
2024-09-29,93,-0.0369358332695526,-0.0373498987780785
2024-09-29,94,-0.0128796728871015,-0.0124556696990883
2024-09-29,95,-0.0114246978039674,-0.0113366897187905
2024-09-29,96,-0.0184847367846404,-0.0179907246626758
2024-09-29,97,-0.019026265277831,-0.0193036993301874
2024-09-29,98,-0.00424476332523671,-0.00303427605877538
2024-09-29,99,-0.0252272622225602,-0.0259249258253895
2024-09-29,100,0.00576125077955414,0.00742290989154171
2024-09-29,101,-0.0114954853775435,-0.0115561801334501
2024-09-29,102,-0.0110312620152513,-0.0100801234242685
2024-09-29,103,-0.0268530051720575,-0.0275032457820092
2024-09-29,104,0.0051479479721106,0.00610317716186515
2024-09-29,105,-0.0140029857023727,-0.0137304540145831
2024-09-29,106,-0.00326259882386015,-0.00325578445040087
2024-09-29,107,-0.0133672304577148,-0.0129601214732809
2024-09-29,108,-0.00592499991687845,-0.00575049204942424
2024-09-29,109,-0.00700291609780734,-0.00718717308297734
2024-09-29,110,0.015600602340772,0.0153638802639584
2024-09-29,111,0.00339081899718252,0.00401437865274445
2024-09-29,112,0.00944348066142009,0.00947569909604518
2024-09-29,113,-0.00123909825175517,-0.00185360485019359
2024-09-29,114,-0.00932898115321734,-0.0105298769124129
2024-09-29,115,0.00973153162314677,0.0090578028167716
2024-09-29,116,0.0108760306852256,0.0109184920580532
2024-09-29,117,-0.00920246609542996,-0.0100328042556868
2024-09-29,118,0.0100557693368595,0.00865991351883189
2024-09-29,119,0.0114189461423839,0.0107154598512977
2024-09-29,120,0.0097586268373755,0.0089618314880866
2024-09-29,121,0.0120624283333353,0.0117558503653221
2024-09-29,122,-0.00152229452865438,-0.00273555030682715
2024-09-29,123,0.00371931846958429,0.00247611400660475
2024-09-29,124,6.38768462506434e-05,-0.00147651112846781
2024-09-29,125,0.0171501077230296,0.0172774563719056
2024-09-29,126,0.00508652901236228,0.00400186061315999
2024-09-29,127,0.0315562227521875,0.029859649537336
2024-09-29,128,0.00256043269016892,0.0017570307665995
2024-09-29,129,-0.000846379832195154,-0.00273872725804303
2024-09-29,130,0.0388756130625199,0.0384139419712888
2024-09-29,131,0.01694862643454,0.0147907627419066
2024-09-29,132,0.0176057678628663,0.0159116433786135
2024-09-29,133,0.00177219870000567,-0.00051080235162182
2024-09-29,134,0.00831905033335545,0.00632696204885086
2024-09-29,135,0.00955205891913469,0.00693158101064029
2024-09-29,136,0.0156081893042916,0.0132476333451272
2024-09-29,137,0.0316097050724871,0.030047333819212
2024-09-29,138,-0.00416719246372921,-0.00785407506038105
2024-09-29,139,0.0237484056226576,0.021849201105919
2024-09-29,140,0.0112707000822718,0.00898788597136857
2024-09-29,141,0.0275219546567422,0.0255190438552368
2024-09-29,142,0.0151036643158085,0.0129971682424994
2024-09-29,143,0.0183402293687225,0.0156195458135109
2024-09-29,144,0.0256701834988302,0.0231928618999362
2024-09-30,2,-0.00241006550930845,-0.00390750579148857
2024-09-30,3,-0.00859774933027424,-0.0103626806774635
2024-09-30,4,0.00389840508584616,0.0021338138786362
2024-09-30,5,-0.00442392118678026,-0.00526519527057978
2024-09-30,6,-0.0168684829916916,-0.0202939846416132
2024-09-30,7,0.00268668378622561,0.00285191697334319
2024-09-30,8,-0.00625312260621147,-0.00900630982022754
2024-09-30,9,-0.00156417837184808,-0.00277122381966421
2024-09-30,10,-0.00943523934654245,-0.0103033573678388
2024-09-30,11,0.0137205637700681,0.0123297904830029
2024-09-30,12,0.00501539544528118,0.0035528044704094
2024-09-30,13,0.00868162201798484,0.00908663445746605
2024-09-30,14,0.0232452872238964,0.0294182525752955
2024-09-30,15,-0.00260201434873242,0.00209011618826693
2024-09-30,16,0.00665559747695355,0.0111471621756802
2024-09-30,17,0.00703216955576291,0.0126083363111693
2024-09-30,18,-0.00437660228083114,-0.000449102206216523
2024-09-30,19,0.0154683486431892,0.0205503420756141
2024-09-30,20,0.000199298351565069,0.00542440472838734
2024-09-30,21,-0.0166020524963102,-0.012164292744961
2024-09-30,22,-0.00156551909893654,0.00261843907789583
2024-09-30,23,-0.0131503523254857,-0.0092521417709488
2024-09-30,24,-0.00860080586333734,-0.0045082722075751
2024-09-30,25,-0.00948744456400163,-0.00576450757050218
2024-09-30,26,0.0173177291820084,0.0175576512195814
2024-09-30,27,0.0463427223669663,0.0471986954343251
2024-09-30,28,0.0226926870702293,0.0232309595796139
2024-09-30,29,0.0261093535578993,0.0291744039498791
2024-09-30,30,0.00197604201995105,0.00321917998431864
2024-09-30,31,0.0183581110128586,0.0207788636554191
2024-09-30,32,-0.0127909869490646,-0.0118402605649202
2024-09-30,33,0.00260166859488464,0.00447416533995693
2024-09-30,34,-0.0105014273974335,-0.0112716788116618
2024-09-30,35,0.00816800480685043,0.00722904397490787
2024-09-30,36,0.00115591452153918,0.00204197253607852
2024-09-30,37,0.0185669003946449,0.0196326107469194
2024-09-30,38,0.00127191467749466,0.00196234640386805
2024-09-30,39,0.0131314748716447,0.0122492963854555
2024-09-30,40,0.0391262622947517,0.0398523139995035
2024-09-30,41,-0.0293519669007862,-0.0297937827897421
2024-09-30,42,0.0218319851717013,0.0234165916795082
2024-09-30,43,0.0110523895631864,0.0102589737651986
2024-09-30,44,0.0215898723841068,0.0237686257312646
2024-09-30,45,-0.0375879725658361,-0.0379302113539151
2024-09-30,46,0.0204769129795039,0.0193598783555871
2024-09-30,47,0.00296170372941251,0.0044734220408138
2024-09-30,48,0.0433598135267905,0.0432702706026511
2024-09-30,49,0.0257127636089258,0.0260750689736167
2024-09-30,50,-0.0327834279021193,-0.0308036435595032
2024-09-30,51,0.022987125806103,0.0241977835807567
2024-09-30,52,-0.0182498971886833,-0.0187403259332601
2024-09-30,53,0.0148484239345441,0.0144789493083533
2024-09-30,54,0.0250786761240436,0.0241613855859359
2024-09-30,55,-0.00175308504490079,-0.00115510962285192
2024-09-30,56,0.00149126742777916,0.00233194442134277
2024-09-30,57,0.0146510850021189,0.0153404439912883
2024-09-30,58,0.013771902173735,0.0160703236444615
2024-09-30,59,0.0175169609642385,0.0189613839977056
2024-09-30,60,-0.0284202952408386,-0.0276722333081931
2024-09-30,61,-0.0125676890820241,-0.00980829862113097
2024-09-30,62,-0.0582940002246515,-0.0559192685473633
2024-09-30,63,-0.0264141303444525,-0.0271365901873004
2024-09-30,64,-0.0299312029314942,-0.030874680195307
2024-09-30,65,-0.0276713102385262,-0.0278303417131536
2024-09-30,66,-0.0198254336013512,-0.021803045786136
2024-09-30,67,-0.0427128902207974,-0.0443529545831467
2024-09-30,68,-0.047164479707126,-0.0478308739606028
2024-09-30,69,-0.0415298882375179,-0.0416515533712385
2024-09-30,70,-0.040858899102,-0.0432377850922752
2024-09-30,71,-0.0181706280661773,-0.0222346763783605
2024-09-30,72,0.0006100373423088,-0.00317732824940187
2024-09-30,73,0.00549531120289437,0.000833588193119184
2024-09-30,74,0.00252467021393166,-0.00227261803302348
2024-09-30,75,0.0150971841083134,0.0112491044320358
2024-09-30,76,-0.00410909899803347,-0.00738145234911158
2024-09-30,77,-0.0140046551112682,-0.0171384628033309
2024-09-30,78,0.0105549236508349,0.007709177716551
2024-09-30,79,-0.00394303287390407,-0.00611073456591349
2024-09-30,80,0.0175703099515623,0.0151372619426589
2024-09-30,81,0.00306303015253118,0.00167959081177571
2024-09-30,82,0.0151558371989289,0.0148603965887997
2024-09-30,83,-0.0245090436330777,-0.0207242796872773
2024-09-30,84,-0.00999288563490985,-0.00368878697697639
2024-09-30,85,-0.0211036816569861,-0.0170952124847972
2024-09-30,86,-0.00824200908341144,-0.00474856700160053
2024-09-30,87,-0.0126839415333402,-0.0106995258743279
2024-09-30,88,-0.00929602926081952,-0.00674594356758362
2024-09-30,89,-0.02350280614949,-0.0233920519872033
2024-09-30,90,-0.00132577605838424,-0.000209355909307263
2024-09-30,91,-0.0058289788426169,-0.00549627168770783
2024-09-30,92,-0.0295132294250724,-0.0299744409699425
2024-09-30,93,-0.00600795670571763,-0.00619800589648634
2024-09-30,94,-0.00608380411210252,-0.00598177442150316
2024-09-30,95,-0.0158188385513789,-0.0161431094104056
2024-09-30,96,-0.0105826186929052,-0.011779827788331
2024-09-30,97,0.00794800995232059,0.00743576141506708
2024-09-30,98,-0.00206023719115223,-0.00160583344070808
2024-09-30,99,-0.0346527302638817,-0.0367080951963406
2024-09-30,100,0.0137937605461733,0.0144499418781461
2024-09-30,101,-0.00527489996807162,-0.00578185728153713
2024-09-30,102,0.0101282216632343,0.0102681520318306
2024-09-30,103,-0.0092000721383414,-0.00954150006013066
2024-09-30,104,0.00813201364642246,0.00935489654861321
2024-09-30,105,0.00537790645111258,0.00489167033882687
2024-09-30,106,0.0104105671934853,0.0114490790359341
2024-09-30,107,-0.00565294586318821,-0.0057258859021605
2024-09-30,108,0.00985887283316877,0.0100500763181106
2024-09-30,109,0.00819712910178261,0.00839548283864922
2024-09-30,110,-0.0023218824030824,-0.00280408329211923
2024-09-30,111,0.0151379711276221,0.0156653158886115
2024-09-30,112,0.0155682593192212,0.0161692932981499
2024-09-30,113,-0.00708968222791917,-0.00750402312773701
2024-09-30,114,0.0115932633900711,0.0106238825064882
2024-09-30,115,-0.00411675105139686,-0.00538130067603149
2024-09-30,116,0.028871596273131,0.0279103213877701
2024-09-30,117,-0.0158524915827352,-0.0163413692631167
2024-09-30,118,-0.00743821758702001,-0.00914926291866713
2024-09-30,119,0.0109060534374317,0.00979667410254592
2024-09-30,120,0.00234770039694165,0.00136904966027096
2024-09-30,121,0.0118549299965505,0.0111720377676292
2024-09-30,122,0.00257359749623465,0.00125104090172279
2024-09-30,123,0.0153328399951951,0.016238891578725
2024-09-30,124,0.0066786512698771,0.00518774015557888
2024-09-30,125,0.0185282463647214,0.0178822327484127
2024-09-30,126,-0.0149572549688086,-0.0173336735554379
2024-09-30,127,0.0207137512091018,0.020284129141702
2024-09-30,128,0.00591072541023241,0.00410905150169505
2024-09-30,129,0.0132153409502527,0.012620683880824
2024-09-30,130,-0.00168475108169286,-0.00188817878214564
2024-09-30,131,-0.00130088926216132,-0.00338724098944532
2024-09-30,132,0.00325319259956025,0.00101330087517937
2024-09-30,133,0.0225040882817327,0.0203080019920527
2024-09-30,134,-0.00886027876774431,-0.0102723915987717
2024-09-30,135,0.00815110672210828,0.00595004165593593
2024-09-30,136,0.000349391758214246,-0.0021839637689709
2024-09-30,137,-0.000790810393703545,-0.00337790302644692
2024-09-30,138,0.00710903523704598,0.00525496137279369
2024-09-30,139,0.0255510449398759,0.0244420244385992
2024-09-30,140,-0.00147880876885509,-0.00311929677935119
2024-09-30,141,0.0122929987439093,0.00919071962679929
2024-09-30,142,-0.000718797642929481,-0.00276973522586665
2024-09-30,143,0.00984090932197468,0.00797767511533642
2024-09-30,144,-0.00146804475548556,-0.00374288250803545
