"date","timestep","bob_eta","sm_eta"
2024-09-01,2,0.0240909549465478,0.0211529889051265
2024-09-01,3,0.0166578625134921,0.0136445117539221
2024-09-01,4,0.0134677219825816,0.0104362914295564
2024-09-01,5,0.0309913528190471,0.02864773805379
2024-09-01,6,0.0191840624413251,0.0156463691511588
2024-09-01,7,0.0177840923150425,0.0149650274864275
2024-09-01,8,0.0209036343545836,0.0173121944101071
2024-09-01,9,0.0424871364268782,0.0399381891534594
2024-09-01,10,0.0253747297286413,0.0295203342235215
2024-09-01,11,0.0211150222714833,0.0265288155808774
2024-09-01,12,0.0374088506108237,0.0442561071377474
2024-09-01,13,0.0295800282319805,0.0364709903128446
2024-09-01,14,0.0261059891423523,0.0332764453092578
2024-09-01,15,0.0361917906019444,0.043273232744629
2024-09-01,16,0.0260670879052256,0.0343120701553907
2024-09-01,17,0.0225090765848064,0.0310363941919363
2024-09-01,18,0.0307057978785448,0.0398890651358172
2024-09-01,19,0.0120821796666313,0.02155590856953
2024-09-01,20,0.0341409779453663,0.0442727014691089
2024-09-01,21,0.0081831520972262,0.0165299144545452
2024-09-01,22,0.0149643959658166,0.0260673921684313
2024-09-01,23,0.020428404216843,0.0312417184399081
2024-09-01,24,0.00636769780911983,0.0165510164224418
2024-09-01,25,0.0270642242886971,0.0372821778430863
2024-09-01,26,0.010459226858667,0.0174979971054494
2024-09-01,27,0.00842697637447021,0.0163245729755452
2024-09-01,28,-0.00783798540459202,3.1559433004702e-05
2024-09-01,29,-0.00582757881319917,-7.9821110614553e-05
2024-09-01,30,-0.00611466759276613,-0.000499594181629703
2024-09-01,31,-0.0041336893933055,0.00217406737922232
2024-09-01,32,-0.0302566393633796,-0.0282549349770571
2024-09-01,33,0.00170426835526616,0.00698343159984827
2024-09-01,34,-0.0164102025836925,-0.0131808161508609
2024-09-01,35,-0.0230730051221251,-0.0198240165671537
2024-09-01,36,-0.0132824128021927,-0.00985931592223643
2024-09-01,37,-0.0212033853220772,-0.0190504138544529
2024-09-01,38,-0.0066309853982478,-0.00414948540816162
2024-09-01,39,-0.0187968662640614,-0.0169106644875265
2024-09-01,40,-0.0234752784610057,-0.0233485007515375
2024-09-01,41,-0.0132111071437455,-0.0135064948215948
2024-09-01,42,-0.0158522217155586,-0.0155593502612579
2024-09-01,43,0.00199022301867657,0.00261495269710554
2024-09-01,44,-0.00658443960026922,-0.00645224369625019
2024-09-01,45,-0.0246019308507277,-0.0258973865374958
2024-09-01,46,0.00191098529673717,0.00244437971287592
2024-09-01,47,0.0143742816599071,0.0148807002872235
2024-09-01,48,-0.0013803261701808,-0.00190681824510719
2024-09-01,49,0.00316787372954508,0.00275020992619801
2024-09-01,50,-0.00433014096151663,-0.00528920602103966
2024-09-01,51,0.010531297055465,0.0088382904546842
2024-09-01,52,0.00664325483757278,0.00445423483840113
2024-09-01,53,0.0128868901290247,0.0124709831347927
2024-09-01,54,0.0104509419723238,0.00872131231695228
2024-09-01,55,0.023316177045472,0.0219296253549421
2024-09-01,56,0.00906017321686647,0.00707139265391543
2024-09-01,57,0.0282020567296399,0.0265363107843086
2024-09-01,58,0.0175363681769278,0.0148036623808139
2024-09-01,59,0.0331972649799175,0.0314069917611723
2024-09-01,60,0.0279926007791698,0.0252679227785872
2024-09-01,61,0.0352981847699008,0.0327538787201949
2024-09-01,62,0.0142446688466507,0.0110634227357096
2024-09-01,63,0.0310081394115977,0.0280985751524154
2024-09-01,64,0.0219459942507116,0.0190496075285509
2024-09-01,65,0.0305729926099856,0.0282176577280691
2024-09-01,66,0.0215936071436893,0.0189175465472022
2024-09-01,67,0.0253126719982415,0.0204345087230564
2024-09-01,68,-0.0289227571357618,-0.0315333771680093
2024-09-01,69,-0.0394036225843264,-0.0380253670219739
2024-09-01,70,-0.02549252273585,-0.0253271314006112
2024-09-01,71,-0.0199968034090903,-0.0237769738317084
2024-09-01,72,-0.0127852104203185,-0.0143917816945622
2024-09-01,73,-0.040138664000068,-0.0438089686234742
2024-09-01,74,-0.0291762049880706,-0.0297962057581236
2024-09-01,75,-0.0417197330115924,-0.043302002991934
2024-09-01,76,-0.0313801099192097,-0.03310865635539
2024-09-01,77,-0.0458186958508544,-0.0502290719190084
2024-09-01,78,-0.0338089425129278,-0.0384421903342336
2024-09-01,79,-0.0393040566847773,-0.0451750700851337
2024-09-01,80,-0.0327615544454254,-0.0395735125266987
2024-09-01,81,-0.0305294247961228,-0.0370036213705012
2024-09-01,82,-0.0204195075024898,-0.0268588857523051
2024-09-01,83,-0.00747814932072943,-0.0130154779296521
2024-09-01,84,-0.0170623863612795,-0.0239960474284979
2024-09-01,85,-0.0256285081320566,-0.0324647825964774
2024-09-01,86,-0.00953239810724771,-0.0166373469896115
2024-09-01,87,-0.0165260583399025,-0.0239696891844781
2024-09-01,88,-0.0152582515517987,-0.0206589539809467
2024-09-01,89,-0.0298089367155736,-0.0298574334077912
2024-09-01,90,-0.0311879185027171,-0.0298505094433956
2024-09-01,91,-0.0307568590159675,-0.0288836848648488
2024-09-01,92,-0.0242981141644876,-0.0243140675068738
2024-09-01,93,-0.0422408185387586,-0.0413025154881592
2024-09-01,94,-0.0151494022429834,-0.0126230811938735
2024-09-01,95,-0.0345683249332636,-0.0336574980289557
2024-09-01,96,-0.0251259772617218,-0.0237940718620089
2024-09-01,97,-0.0364321572183637,-0.0354102006512185
2024-09-01,98,-0.0144895855436875,-0.0132045410844164
2024-09-01,99,-0.027321351978721,-0.0257421148438426
2024-09-01,100,-0.0396065827504937,-0.0399818824594491
2024-09-01,101,-0.0169995548117594,-0.0141582380552205
2024-09-01,102,-0.0121971184764482,-0.0104018450333765
2024-09-01,103,-0.0272303865203627,-0.0270728575920414
2024-09-01,104,-0.020739388126179,-0.0193353175865427
2024-09-01,105,-0.0108555157280832,-0.0091658711117022
2024-09-01,106,-0.0234903711403471,-0.0221876525933351
2024-09-01,107,-0.00874921525492223,-0.00715576965934916
2024-09-01,108,-0.0195879107194488,-0.0180598132147947
2024-09-01,109,-0.00495477249289511,-0.00378204719462127
2024-09-01,110,-0.0167738391180681,-0.0151094664173153
2024-09-01,111,-0.0103104734853696,-0.00900054284226748
2024-09-01,112,-0.0120634922551894,-0.0111766140373684
2024-09-01,113,-0.00118693496419819,0.000358261060088516
2024-09-01,114,-0.000712821594937907,0.000457599763325156
2024-09-01,115,-0.00533036312153801,-0.00358932242429244
2024-09-01,116,-0.0193321995760343,-0.0196047702389626
2024-09-01,117,0.00771984877327014,0.0100535686943228
2024-09-01,118,0.00343080181545741,0.00437829612251495
2024-09-01,119,-0.00920809359024943,-0.00966862970248172
2024-09-01,120,0.00114879970767401,0.00134485343862245
2024-09-01,121,-0.00728283601980095,-0.00714776414721197
2024-09-01,122,0.00491065362952536,0.00429299581469422
2024-09-01,123,-0.000162912306739038,-0.000153132297397995
2024-09-01,124,0.00461975853425223,0.00525365385648691
2024-09-01,125,-0.00194908905448621,-0.0030590536183368
2024-09-01,126,0.00162172165199426,0.00150490438025752
2024-09-01,127,0.0039725464577387,0.00378488497166352
2024-09-01,128,0.00668834555517162,0.00643530680975424
2024-09-01,129,0.0107683106059469,0.010448780183169
2024-09-01,130,-0.00256162736536591,-0.00396631826385363
2024-09-01,131,0.0195445372225862,0.0184420233981086
2024-09-01,132,0.00879506322609735,0.00793987554790032
2024-09-01,133,-0.00735444742107383,-0.00863228857429732
2024-09-01,134,0.0124514984971276,0.0118385183976102
2024-09-01,135,0.0119961634582824,0.0109963741143995
2024-09-01,136,0.0185134741978947,0.0170754918659632
2024-09-01,137,0.00205324232200965,-0.00053398801268667
2024-09-01,138,0.00925073158050438,0.00807123046106462
2024-09-01,139,0.0115201923726467,0.0099195492723334
2024-09-01,140,0.0151280935180225,0.0134856200510081
2024-09-01,141,0.0113973570742605,0.00856430278873344
2024-09-01,142,0.00572616503358603,0.00365373506732602
2024-09-01,143,0.0162892370645569,0.0137447108795952
2024-09-01,144,0.0155363470661927,0.0133697196939
2024-09-02,2,0.0109022421059333,0.00983767270007441
2024-09-02,3,0.0223298156486216,0.0220431280191127
2024-09-02,4,0.020172084393022,0.0198688466957648
2024-09-02,5,0.0257792998850181,0.0258619978579331
2024-09-02,6,0.0237119300013378,0.0235218993966626
2024-09-02,7,0.0230581053120895,0.0236292074053184
2024-09-02,8,0.0102423131096403,0.00867068484865374
2024-09-02,9,0.0314697590815829,0.0307180972617509
2024-09-02,10,0.0323340387799584,0.0396051075880619
2024-09-02,11,0.0267823631833837,0.0348672300597599
2024-09-02,12,0.032489406602954,0.0414110617151673
2024-09-02,13,0.0428949606345883,0.0527271117854413
2024-09-02,14,0.0448320025826483,0.0534770211248743
2024-09-02,15,0.0273599779235791,0.0361447919291447
2024-09-02,16,0.0407401604006354,0.0513367387433714
2024-09-02,17,0.0442837573049717,0.0566551812610223
2024-09-02,18,0.0202511998553589,0.0296899364153722
2024-09-02,19,0.0351230966505494,0.0458404860972514
2024-09-02,20,0.0323816530308694,0.0418783453149558
2024-09-02,21,0.0293263324279538,0.0398324561355121
2024-09-02,22,0.0280246951697816,0.0376261916794336
2024-09-02,23,0.0187306794569437,0.0284091349782596
2024-09-02,24,0.0347677469902576,0.0475394996854082
2024-09-02,25,0.0109594803154183,0.0208945653718979
2024-09-02,26,-0.00234315572356536,0.00502682031088408
2024-09-02,27,0.00456487463014277,0.012228531100912
2024-09-02,28,0.0159487024343363,0.0253100548282061
2024-09-02,29,0.00640940734403284,0.0156422685927309
2024-09-02,30,0.00712259345395072,0.0132411551578242
2024-09-02,31,0.00292341668149465,0.00799846017612094
2024-09-02,32,0.0165108003829779,0.0185714178057239
2024-09-02,33,-0.0214858452357261,-0.0186922740505207
2024-09-02,34,-0.0030521765509901,0.00115652214617956
2024-09-02,35,-0.00802547155516375,-0.00479167693964833
2024-09-02,36,-0.0148174818638722,-0.0101057645757621
2024-09-02,37,-0.0195012686286731,-0.0181364280992238
2024-09-02,38,-0.0191523145595278,-0.0140948835080268
2024-09-02,39,-0.0322494983261103,-0.0270146736011077
2024-09-02,40,-0.0258696610481319,-0.0205472045919395
2024-09-02,41,-0.0269255737433935,-0.0228697740481296
2024-09-02,42,-0.033733014193607,-0.0308583181779367
2024-09-02,43,-0.0676916895093402,-0.0581682354683624
2024-09-02,44,-0.0137525829719589,-0.00910603676076516
2024-09-02,45,-0.0254988454744529,-0.0224150703756107
2024-09-02,46,-0.0381388348365626,-0.0338727959207352
2024-09-02,47,-0.0870703350267528,-0.0796461168422624
2024-09-02,48,-0.100951654376685,-0.0915173203190527
2024-09-02,49,-0.0753555783332329,-0.0671902691690436
2024-09-02,50,-0.0245578267453173,-0.0179324323104453
2024-09-02,51,0.0073508888048508,0.0013218350413009
2024-09-02,52,0.0162539652811846,0.00832523242281269
2024-09-02,53,0.0145546254949416,0.00627674692224467
2024-09-02,54,-0.0272282892575078,-0.0293467347098746
2024-09-02,55,-0.0311314350209964,-0.0314503394621619
2024-09-02,56,-0.0617152940352987,-0.0558027838491757
2024-09-02,57,-0.0304189417127256,-0.0247124155416412
2024-09-02,58,-0.00205196172331501,0.00176180589433006
2024-09-02,59,0.020611051694341,0.0200598950225128
2024-09-02,60,0.0433347341550139,0.0421120277427196
2024-09-02,61,0.0235004240529832,0.0169021339508237
2024-09-02,62,0.0279591697442418,0.0179128533466644
2024-09-02,63,0.0268418576287042,0.0199539319233182
2024-09-02,64,-0.0363708444047797,-0.039812106704245
2024-09-02,65,0.0393486433817278,0.0360732309551821
2024-09-02,66,-0.0050829730599391,-0.00758331513358712
2024-09-02,67,0.00026065181816648,-0.00244864411571921
2024-09-02,68,-0.0176040481579207,-0.0209198389728629
2024-09-02,69,-0.00436128511032674,-0.00577869485169735
2024-09-02,70,0.024223928685001,0.0213064117375907
2024-09-02,71,0.0103420412257869,0.00684349394092632
2024-09-02,72,0.0184056932825944,0.0131478281992177
2024-09-02,73,-0.00680332512360948,-0.0136322208242401
2024-09-02,74,0.00948248812027508,0.00367606041890767
2024-09-02,75,-0.00210354596511397,-0.00764377629098156
2024-09-02,76,-0.0120799131075024,-0.0186014089974451
2024-09-02,77,-0.00570137193971121,-0.0139671772991168
2024-09-02,78,0.00949785327630348,0.00120939375437423
2024-09-02,79,0.0358081457136201,0.0279141555987534
2024-09-02,80,-0.000666229859358936,-0.00820456443518491
2024-09-02,81,0.00600332197224418,-0.000780559311892581
2024-09-02,82,-0.00797252302382212,-0.014819383267068
2024-09-02,83,-0.0105234361388398,-0.0171291786734553
2024-09-02,84,-0.00187029101388525,-0.00937858138147973
2024-09-02,85,0.0119367092212199,0.00590585395162435
2024-09-02,86,-0.00671708570398444,-0.0135608676250172
2024-09-02,87,-0.011594676410172,-0.0184469667986473
2024-09-02,88,0.00560790398987532,0.00297774018577446
2024-09-02,89,-0.0209126729037905,-0.0198824663535948
2024-09-02,90,-0.017555033526139,-0.0163852229328967
2024-09-02,91,-0.0193617455338897,-0.0166630937517631
2024-09-02,92,-0.0115691961191766,-0.00983194635924045
2024-09-02,93,-0.0201634181366499,-0.0185921597523238
2024-09-02,94,-0.0133550335989776,-0.0115454358765552
2024-09-02,95,-0.0100939297999512,-0.0079897200408654
2024-09-02,96,-0.0242393138951851,-0.0243972179345429
2024-09-02,97,-0.0222291805018662,-0.0221040556577261
2024-09-02,98,-0.0144551420788188,-0.013984937755926
2024-09-02,99,-0.00573047830626194,-0.00491503542334382
2024-09-02,100,-0.019428742679036,-0.0201094952376426
2024-09-02,101,-0.0208294557586042,-0.0208027105344737
2024-09-02,102,-0.0211578994648409,-0.0222729116663922
2024-09-02,103,-0.0248341795782627,-0.025618720767441
2024-09-02,104,-0.00592588417003981,-0.0060157073345275
2024-09-02,105,-0.0311063741497186,-0.0322726977238643
2024-09-02,106,-0.011170732866006,-0.0102039288918325
2024-09-02,107,-0.0196236335979245,-0.0205414259198573
2024-09-02,108,-0.0140160897099966,-0.014549338329461
2024-09-02,109,-0.0127529892008766,-0.0125976241349219
2024-09-02,110,-0.0185179210130082,-0.0191407307231879
2024-09-02,111,-0.00404884495892688,-0.0035511783574913
2024-09-02,112,-0.0161614828799621,-0.0164480373375371
2024-09-02,113,-0.00686441276894367,-0.006024919687456
2024-09-02,114,-0.0198917587809992,-0.0202637891243889
2024-09-02,115,0.000483052365971126,0.00122441718716981
2024-09-02,116,-0.0158195691393601,-0.0161884089353244
2024-09-02,117,-0.00439767978688277,-0.0040793951939051
2024-09-02,118,-0.0149401190861447,-0.0157393881772521
2024-09-02,119,-0.0115234468911201,-0.0112562998677266
2024-09-02,120,-0.000379152463110266,0.000207573336979294
2024-09-02,121,0.00355529454846426,0.00300984974871454
2024-09-02,122,-0.00628090285150318,-0.00683722213252302
2024-09-02,123,-0.0100383253653042,-0.0106187628423973
2024-09-02,124,0.00426101428299575,0.00367770166449333
2024-09-02,125,-0.0104423841724008,-0.0106823169657257
2024-09-02,126,0.00144279107960799,0.000750078339175175
2024-09-02,127,-0.0100967270198069,-0.0114884445835406
2024-09-02,128,-0.011299977292615,-0.0131644535203668
2024-09-02,129,0.0193499393260392,0.0193830711791749
2024-09-02,130,-0.000457184355246554,-0.000666703796851742
2024-09-02,131,0.000218713218619548,-0.00197198382103991
2024-09-02,132,0.00412885193239276,0.00351319376443104
2024-09-02,133,0.00107192612200802,-0.000728181313488285
2024-09-02,134,0.00312768144289866,0.00216076258521358
2024-09-02,135,-0.00179271615022891,-0.004368260249346
2024-09-02,136,-0.00362969506416277,-0.00583960622125268
2024-09-02,137,-0.00314779632889994,-0.00613499534408835
2024-09-02,138,0.0011375061575265,-0.000658807348548507
2024-09-02,139,0.00195144248222956,-0.000291999798463394
2024-09-02,140,0.0145520272630977,0.0135416428713553
2024-09-02,141,-0.00612698900196307,-0.00902122138188677
2024-09-02,142,0.00707459976994329,0.00492827936232398
2024-09-02,143,0.00010370624731415,-0.00167848263711967
2024-09-02,144,0.00740210818211029,0.0056242465979226
2024-09-03,2,-0.000555831050737865,-0.00378760634283104
2024-09-03,3,0.0127212167876465,0.0116703546776202
2024-09-03,4,-0.01429658186305,-0.0190268875599386
2024-09-03,5,0.0196451214319655,0.0174416216283317
2024-09-03,6,0.00425981486497395,0.002137930708356
2024-09-03,7,-0.00026354937790174,-0.00315059471448897
2024-09-03,8,-0.00366662731941236,-0.00770600683698586
2024-09-03,9,-0.00994604752212336,-0.012908126153456
2024-09-03,10,-0.00340810701164251,-0.00227698061331161
2024-09-03,11,0.0136888807919187,0.01912831976676
2024-09-03,12,-0.00942997942058099,-0.00541974066746764
2024-09-03,13,-0.0133298167127087,-0.00761132673333442
2024-09-03,14,0.0069138314088466,0.0132680559155247
2024-09-03,15,-0.00550274827543795,0.00127317068715627
2024-09-03,16,-0.000887319974148149,0.00497550971111771
2024-09-03,17,0.00769784541492413,0.0143021837845883
2024-09-03,18,0.00471582302028928,0.0113617834069037
2024-09-03,19,0.00826837268487068,0.0160028978001634
2024-09-03,20,0.0492494484130077,0.0557292328456835
2024-09-03,21,0.0541148947176833,0.0600211092385576
2024-09-03,22,-0.0109901445906102,-0.00448910555433191
2024-09-03,23,0.0403641325416091,0.0477947007488062
2024-09-03,24,0.0165565625425037,0.0240257211490214
2024-09-03,25,0.0502454293808725,0.0546831696549379
2024-09-03,26,0.0696397311696577,0.0749429248134854
2024-09-03,27,0.0341451869872937,0.0369787370900516
2024-09-03,28,0.0573249946872343,0.0579971704669324
2024-09-03,29,-0.0255091845250304,-0.0220798923037027
2024-09-03,30,-0.104981861528533,-0.0950181438688844
2024-09-03,31,-0.0335206823518277,-0.0255551187805532
2024-09-03,32,0.0513959245928186,0.0551171757865143
2024-09-03,33,-0.0109156613446224,-0.00859832192052234
2024-09-03,34,-0.0148625999104937,-0.00873435561671432
2024-09-03,35,0.0154630545974044,0.0173588951489059
2024-09-03,36,0.0236314110201175,0.0259441801285387
2024-09-03,37,0.032964837288989,0.0345369380938703
2024-09-03,38,-0.0131937757891274,-0.00946201054980911
2024-09-03,39,-0.076968847138402,-0.0705536985946313
2024-09-03,40,3.92429158404539e-05,0.00555874329993333
2024-09-03,41,-0.0843912925256545,-0.0794541037438989
2024-09-03,42,-0.149772000956238,-0.142161447882162
2024-09-03,43,-0.196384859485721,-0.188807360103879
2024-09-03,44,-0.17560288025241,-0.168659213989633
2024-09-03,45,-0.172254144976135,-0.165504310772237
2024-09-03,46,-0.145448705713054,-0.140476480913544
2024-09-03,47,-0.00975993994809077,-0.00511561353854439
2024-09-03,48,-0.0201308160429168,-0.018230078293878
2024-09-03,49,0.0251765864206464,0.02672364015294
2024-09-03,50,0.0274773954840484,0.0275961196856285
2024-09-03,51,0.0535519615172628,0.0478668213824882
2024-09-03,52,0.0357320713457261,0.0289530704210721
2024-09-03,53,0.0412764139841197,0.0352398451480305
2024-09-03,54,0.0270850921344037,0.0211006831680995
2024-09-03,55,0.0316613729217998,0.0272924264999723
2024-09-03,56,0.0509845232187924,0.0470145746086104
2024-09-03,57,0.0607417394760699,0.0571730052928592
2024-09-03,58,0.0336995249858507,0.0308916095588083
2024-09-03,59,0.0508331360024261,0.0488406390552605
2024-09-03,60,0.074168290991885,0.0698056498452848
2024-09-03,61,0.0180514630279953,0.0139937665602892
2024-09-03,62,0.0625131900678229,0.057882814533996
2024-09-03,63,0.075532567047909,0.0684402732885001
2024-09-03,64,0.0600641415975343,0.0533922170599519
2024-09-03,65,0.0133267409504061,0.00822243496550978
2024-09-03,66,-0.00421597952008312,-0.00303247146473851
2024-09-03,67,0.0439203980887237,0.0429816467706265
2024-09-03,68,0.013902513355557,0.0144939733296185
2024-09-03,69,0.0030669929279421,0.00279871356380212
2024-09-03,70,0.00282781414654387,0.00091127403908775
2024-09-03,71,-0.00741405299010989,-0.0089805426506322
2024-09-03,72,0.00774440184050729,0.00561176436997446
2024-09-03,73,0.0332106671799188,0.0324977569131564
2024-09-03,74,-0.0199407794988913,-0.020622649203009
2024-09-03,75,-0.0273239680162067,-0.0288897173076954
2024-09-03,76,-0.00802718798723046,-0.0100397421971534
2024-09-03,77,-0.0122542876024037,-0.0147081429728351
2024-09-03,78,-0.010717522808978,-0.0157027129515175
2024-09-03,79,-0.0247518567416938,-0.0310270834019981
2024-09-03,80,-0.00462589126346291,-0.00988021201796485
2024-09-03,81,-0.00937517704453406,-0.0146080201306109
2024-09-03,82,-0.0226357134443749,-0.0300709661674228
2024-09-03,83,-0.00334453894555065,-0.0100780376722556
2024-09-03,84,-0.0220991474742993,-0.0280930733927622
2024-09-03,85,-0.0323379401610122,-0.0387319322740982
2024-09-03,86,-0.0171548884015769,-0.0239257527598729
2024-09-03,87,-0.020749520555436,-0.0284985189927109
2024-09-03,88,-0.0210245729609415,-0.0224216992808164
2024-09-03,89,-0.0340060875734332,-0.0352876941829714
2024-09-03,90,-0.0199376951251993,-0.018943389799214
2024-09-03,91,-0.00942343122438238,-0.0105198664011517
2024-09-03,92,-0.0299803250247215,-0.0300751968562407
2024-09-03,93,-0.0230224311139429,-0.0252232400461412
2024-09-03,94,-0.0301824156322605,-0.0310337351828545
2024-09-03,95,-0.0237351792114997,-0.0243447777794406
2024-09-03,96,-0.0200969021420874,-0.0206789578838453
2024-09-03,97,-0.0247165241892033,-0.0239362505615333
2024-09-03,98,-0.0236024066103488,-0.0242429892969236
2024-09-03,99,-0.00544074991420729,-0.00370557950970474
2024-09-03,100,-0.0212445447632224,-0.021937307500036
2024-09-03,101,-0.00253011894696975,-0.00118467226348651
2024-09-03,102,-0.016874675911398,-0.0159213638948867
2024-09-03,103,-0.0162869120943632,-0.0160526712372371
2024-09-03,104,-0.0145105800176415,-0.013279058754577
2024-09-03,105,0.00286838250681853,0.00509687500201039
2024-09-03,106,-0.0148734226535403,-0.0144792994126997
2024-09-03,107,-0.0018759625311624,-8.76406260328366e-05
2024-09-03,108,-0.0116540198091659,-0.0098862103579993
2024-09-03,109,0.00189767832389443,0.00288647986013402
2024-09-03,110,-0.00621734577988775,-0.00559356898655139
2024-09-03,111,0.00122946962425274,0.00183092232961624
2024-09-03,112,0.00080163095334207,0.00274286342235719
2024-09-03,113,-0.0015789154275625,2.85767486190025e-05
2024-09-03,114,-0.000188649205743019,-7.5402533180835e-05
2024-09-03,115,0.00243684882200057,0.0032912055282095
2024-09-03,116,0.00876097008892351,0.0103175135306
2024-09-03,117,-0.000250852929442935,-0.000159159614100624
2024-09-03,118,0.00248449351654045,0.00322980936907147
2024-09-03,119,0.00774999926274766,0.0095148084676353
2024-09-03,120,0.0136358042309812,0.0139598818737845
2024-09-03,121,-0.00107497253600464,0.000639224277040995
2024-09-03,122,0.00298079031840359,0.00248393973716787
2024-09-03,123,0.0137726642724028,0.0143240219543177
2024-09-03,124,0.0154603081477305,0.0163346372890656
2024-09-03,125,0.00804892686158709,0.00894919934118388
2024-09-03,126,0.00618142070521532,0.0066250777201704
2024-09-03,127,0.00885166732592779,0.00926451860956856
2024-09-03,128,0.00418854495737708,0.00346940507574978
2024-09-03,129,0.024501573812457,0.025539082194606
2024-09-03,130,0.012934463647845,0.0132442875620482
2024-09-03,131,0.0235619501127209,0.0245815192753494
2024-09-03,132,0.012049405017728,0.0123590636623137
2024-09-03,133,0.0111517438922979,0.0109747817886499
2024-09-03,134,0.0161349273660978,0.0148118467081551
2024-09-03,135,0.0252536326991972,0.0265873264361076
2024-09-03,136,0.00934642985291223,0.00759504187473681
2024-09-03,137,0.018681145614134,0.0176752415807275
2024-09-03,138,0.0218313583953771,0.0219339446445437
2024-09-03,139,0.0229712939327396,0.0226006853081406
2024-09-03,140,0.0113791041742637,0.0106755826888021
2024-09-03,141,0.0123158709892195,0.0114617606741243
2024-09-03,142,0.0337850061783254,0.0337047831857307
2024-09-03,143,0.00800376045139295,0.0055881950994694
2024-09-03,144,0.00883136113342875,0.00679966174832991
2024-09-04,2,0.0124248213218188,0.00982597398129492
2024-09-04,3,0.00880379525291541,0.00769867909355604
2024-09-04,4,-0.000579480091995599,-0.00303892015456686
2024-09-04,5,0.016432988317634,0.0151806358498447
2024-09-04,6,0.00650960422750657,0.00319009003470416
2024-09-04,7,0.0139223757692424,0.0124003600684786
2024-09-04,8,0.00985765897693458,0.00751965300746615
2024-09-04,9,0.013649327840155,0.0121902190171337
2024-09-04,10,0.00577884550111651,0.00877129054089565
2024-09-04,11,0.00431004699676407,0.00995533293614503
2024-09-04,12,0.0231627274890247,0.0298252285428875
2024-09-04,13,0.00942067868009744,0.016463410819342
2024-09-04,14,0.0189527971765076,0.0253690024691746
2024-09-04,15,5.49826696216726e-05,0.00517269420679245
2024-09-04,16,0.0188504346885336,0.0264740711002469
2024-09-04,17,0.0404386941554593,0.0477110622251296
2024-09-04,18,0.00181408213492507,0.00947668101426657
2024-09-04,19,0.000212769345143471,0.0071141450447918
2024-09-04,20,0.0239187820768239,0.0312013730214185
2024-09-04,21,0.013470514996536,0.0210672504731475
2024-09-04,22,-0.0112039433729612,-0.0045725109223147
2024-09-04,23,-0.00770569914313501,0.000572888668333604
2024-09-04,24,0.0252156872281049,0.0351352740404502
2024-09-04,25,0.00343584753663873,0.00829916394212571
2024-09-04,26,-0.0053140813806376,-0.00188677188857511
2024-09-04,27,0.00477671896432774,0.00925757401382832
2024-09-04,28,0.00327809381676936,0.00885403950035801
2024-09-04,29,-0.00498962136245584,6.09914127229771e-05
2024-09-04,30,-0.00141295525955254,0.00292958183905245
2024-09-04,31,-0.0204545315811719,-0.0185595713086508
2024-09-04,32,0.0110679945754928,0.0126857038205515
2024-09-04,33,-0.0138594383855857,-0.0115421905994015
2024-09-04,34,-0.00743703862491696,-0.00588958623364277
2024-09-04,35,-0.0177553893970321,-0.0169992754485877
2024-09-04,36,0.00988503117413053,0.00979943979735243
2024-09-04,37,-0.00770319627140559,-0.00634932172103664
2024-09-04,38,-0.0159882919788359,-0.0150756299333068
2024-09-04,39,-0.00892692212707047,-0.00862675487698716
2024-09-04,40,0.0112255850151559,0.00998167153700713
2024-09-04,41,-0.00297500655211103,-0.00460818505787763
2024-09-04,42,-0.0168216838648885,-0.016614983201217
2024-09-04,43,0.00585847996694167,0.0057579181823586
2024-09-04,44,0.0173597427490506,0.0170532127150329
2024-09-04,45,0.00873016618004563,0.00742603682899556
2024-09-04,46,-0.0222727756552361,-0.0218564421594065
2024-09-04,47,0.0370206729491045,0.0329213568216717
2024-09-04,48,-0.0110438529813299,-0.0137485030332982
2024-09-04,49,-0.0654831283684336,-0.0594147889242258
2024-09-04,50,-0.049866090974521,-0.0446574036677809
2024-09-04,51,0.00111151343079641,0.00595825633142066
2024-09-04,52,-0.0630686187771516,-0.0553289694444743
2024-09-04,53,0.0370930151234141,0.0351195224678209
2024-09-04,54,0.00189299707519552,-0.00355238106265876
2024-09-04,55,-0.035564206314799,-0.0355240011756912
2024-09-04,56,-0.0237138847826364,-0.0195925993660175
2024-09-04,57,0.0134232505859035,0.0154060140226271
2024-09-04,58,0.012879130763336,0.0128016196301477
2024-09-04,59,0.0147048640643463,0.013199487272904
2024-09-04,60,0.0636958538040551,0.0558010827122724
2024-09-04,61,0.0378841584242187,0.0306874643597457
2024-09-04,62,-0.0214800227271672,-0.0185842602713633
2024-09-04,63,0.078747153271375,0.0737897778781935
2024-09-04,64,0.0322806358625449,0.025250053219513
2024-09-04,65,-0.0451730786312519,-0.0446045473869052
2024-09-04,66,0.00386130495011905,0.00206708050455973
2024-09-04,67,-0.0162146102600857,-0.0196161938854873
2024-09-04,68,0.00642961222481819,0.00284783629734964
2024-09-04,69,-0.0541955939896903,-0.0561456712603752
2024-09-04,70,-0.0150282243400257,-0.0203314735429752
2024-09-04,71,-0.0365130059884207,-0.0377164678081003
2024-09-04,72,-0.0316400827867716,-0.0352327965628803
2024-09-04,73,-0.010945137872401,-0.0166210573091137
2024-09-04,74,-0.010550870306246,-0.0149898030254461
2024-09-04,75,-7.25220944577387e-05,-0.00415288820932691
2024-09-04,76,0.0209525163295678,0.017809825093055
2024-09-04,77,0.03243432913394,0.0289110497637957
2024-09-04,78,0.0328448267470804,0.0306161900994582
2024-09-04,79,-0.0132268113531735,-0.0148535553426061
2024-09-04,80,-0.00748767726725941,-0.0109092194047973
2024-09-04,81,0.00150362266396176,-0.00347358807909437
2024-09-04,82,-0.0138550143556246,-0.0187765002093014
2024-09-04,83,0.00554695895351021,-0.000520913314699278
2024-09-04,84,0.00402989558036371,-0.0015830257069549
2024-09-04,85,-0.0150912920016877,-0.0222950767512051
2024-09-04,86,-0.00542060844198655,-0.0113867703616575
2024-09-04,87,-0.0115586586551992,-0.0183792696570766
2024-09-04,88,-0.0168507173667525,-0.0153340526052279
2024-09-04,89,-0.0258305022005385,-0.0237654008650772
2024-09-04,90,-0.0273947887600676,-0.0268274260424191
2024-09-04,91,-0.0213313486017115,-0.0208222399684255
2024-09-04,92,-0.0458074178210457,-0.0475400636407892
2024-09-04,93,-0.0304945891826609,-0.0301030160684714
2024-09-04,94,-0.0394838037707399,-0.0405268519715913
2024-09-04,95,-0.0228100116532364,-0.0222624779036398
2024-09-04,96,-0.0293275777755979,-0.0299382210846262
2024-09-04,97,-0.0186392768414692,-0.0183158653350408
2024-09-04,98,-0.030460605807983,-0.03041589306752
2024-09-04,99,-0.024443976724347,-0.0246189460098027
2024-09-04,100,-0.0208622777787242,-0.0207056740247311
2024-09-04,101,-0.0139561760688216,-0.0141970523603496
2024-09-04,102,-0.0152713048291737,-0.0157207273538384
2024-09-04,103,-0.0225687374284611,-0.0229747216007308
2024-09-04,104,-0.0148574419501024,-0.014544547202342
2024-09-04,105,-0.0105840901977396,-0.0106873465529551
2024-09-04,106,-0.022227128716465,-0.0226348120059763
2024-09-04,107,-0.0100566070350414,-0.00979954424119978
2024-09-04,108,-0.0154002258888593,-0.0162095116287135
2024-09-04,109,-0.0176328207430343,-0.0185178882589279
2024-09-04,110,-0.0010258581609941,0.000456910456438919
2024-09-04,111,-0.0187444951864935,-0.0202979821121767
2024-09-04,112,-0.0131447175155373,-0.0135887675236397
2024-09-04,113,0.00875178674424415,0.0106300973059881
2024-09-04,114,-0.0091618151378281,-0.00865173330731039
2024-09-04,115,0.0072572165678082,0.00689330524906229
2024-09-04,116,-0.0120403243665095,-0.011688585555782
2024-09-04,117,5.06931562984647e-05,-0.000567214213931244
2024-09-04,118,-0.0106266874803049,-0.010352735236304
2024-09-04,119,0.00687148841299834,0.00697833368544476
2024-09-04,120,-0.00882446299624107,-0.00898202061491471
2024-09-04,121,-0.000175865399159925,-0.0012441915787047
2024-09-04,122,0.00752538338389286,0.00855541623116984
2024-09-04,123,-0.004933186423691,-0.00591339003161107
2024-09-04,124,0.00105873172817805,0.000884552459524457
2024-09-04,125,0.00705422923474153,0.0064595000920944
2024-09-04,126,0.0139533762116244,0.0146699073821477
2024-09-04,127,0.00958879535404122,0.00996954188920007
2024-09-04,128,0.0127477854209603,0.0139766201144456
2024-09-04,129,-0.0106278130570017,-0.0122261762346758
2024-09-04,130,0.0201357314967314,0.0211804196490402
2024-09-04,131,0.0150934584751825,0.0150514104001367
2024-09-04,132,0.00602829823797801,0.00610685302022684
2024-09-04,133,0.0190816998778285,0.0194678168093505
2024-09-04,134,0.00358207816002043,0.00369213724682815
2024-09-04,135,0.0169253823059048,0.0160224483756135
2024-09-04,136,0.01193421219911,0.011559818251178
2024-09-04,137,0.000933782519407345,0.000995525081045834
2024-09-04,138,0.0431153379420888,0.0433297928919689
2024-09-04,139,0.0124450028553005,0.0127529717082622
2024-09-04,140,0.0159113809253792,0.0157022019059925
2024-09-04,141,0.0030414130039329,0.00199236185969376
2024-09-04,142,0.0214695695707716,0.021922747441157
2024-09-04,143,0.00989042784835537,0.00908242223319355
2024-09-04,144,0.0260022620887383,0.0263645865585778
2024-09-05,2,0.0163362048254445,0.0139302801308432
2024-09-05,3,0.0135328577949787,0.0118635296562104
2024-09-05,4,0.0343212692346277,0.0325713708952833
2024-09-05,5,0.0186593119197109,0.0165573085115369
2024-09-05,6,0.0259915935076203,0.0242153003869943
2024-09-05,7,0.0292159731956181,0.0270393192881544
2024-09-05,8,0.0105562579022616,0.00760973697294975
2024-09-05,9,0.038961567947295,0.0379128734755083
2024-09-05,10,0.0277284370075002,0.0283158086310866
2024-09-05,11,0.0447639786097538,0.0520361031551015
2024-09-05,12,0.0146225300016019,0.0213791102199687
2024-09-05,13,0.0371458365340693,0.044407493878408
2024-09-05,14,0.0312551428121903,0.0392227897023707
2024-09-05,15,0.0337618418909145,0.0432448264859495
2024-09-05,16,0.0145218460650147,0.0225231973602416
2024-09-05,17,0.0051482655206323,0.0133329975003651
2024-09-05,18,0.0185192006617276,0.0285714849142442
2024-09-05,19,-0.00677301482086623,0.00306009681665476
2024-09-05,20,0.0224965885742368,0.0319509379566743
2024-09-05,21,0.00406754355198924,0.0142300595272067
2024-09-05,22,0.00873417432461387,0.0198096031735693
2024-09-05,23,0.00532703425051029,0.0174298185797097
2024-09-05,24,-0.0123114262678614,-0.00269374782304688
2024-09-05,25,0.000911629038057526,0.00886974516298178
2024-09-05,26,0.0274081035547908,0.0332761856168169
2024-09-05,27,0.00778416588421482,0.0156556026500549
2024-09-05,28,0.00651791738893692,0.013492750375705
2024-09-05,29,-0.0213820932485937,-0.0162766087676669
2024-09-05,30,-0.00394030983677052,0.00108980140870152
2024-09-05,31,-0.0142014824213224,-0.0105812627026021
2024-09-05,32,0.0177124454340198,0.0216786990147657
2024-09-05,33,-0.024616606250075,-0.0211993888915591
2024-09-05,34,0.0045592051064105,0.00593912187929568
2024-09-05,35,-0.021644256913965,-0.0191423006008957
2024-09-05,36,0.0209330439814135,0.0235226198804712
2024-09-05,37,-0.00840961528721529,-0.00644188179493277
2024-09-05,38,-0.029703499079667,-0.027289934279179
2024-09-05,39,0.0115174014915969,0.012951209170434
2024-09-05,40,0.00892029989102472,0.00896908294271448
2024-09-05,41,0.0120258371818345,0.0123149740480129
2024-09-05,42,-0.0308461760372145,-0.0310883771253927
2024-09-05,43,0.000442379022869588,0.000834834635273118
2024-09-05,44,0.0310585711908971,0.0315941479065582
2024-09-05,45,0.0111415681627696,0.0111383771613305
2024-09-05,46,-0.0303952618860164,-0.029894402013193
2024-09-05,47,0.0169561892024221,0.0170090988418714
2024-09-05,48,0.0314890360579252,0.0317293212769405
2024-09-05,49,0.0181404844700355,0.0184438753739968
2024-09-05,50,0.0084892975031865,0.00666732144362747
2024-09-05,51,-0.00572437677904869,-0.0063493939732302
2024-09-05,52,0.0115158722607163,0.0100500936437671
2024-09-05,53,0.0160391855485225,0.0145008336056049
2024-09-05,54,0.0140174742168808,0.0124452969971411
2024-09-05,55,0.0289130564761511,0.0272140880295701
2024-09-05,56,0.0194849572686504,0.0180022230289776
2024-09-05,57,0.0234491259462697,0.022309078364307
2024-09-05,58,0.0426564480624281,0.0409338428946393
2024-09-05,59,0.0287897500630079,0.0257873361228187
2024-09-05,60,0.036414586260654,0.0347112699423304
2024-09-05,61,0.0443523149560905,0.0427305932017141
2024-09-05,62,0.028680892634303,0.0248790407589388
2024-09-05,63,0.0208029382456258,0.019186603895589
2024-09-05,64,0.0298094951953853,0.0288373591904403
2024-09-05,65,0.0427723786874976,0.0407981207118242
2024-09-05,66,-0.00857982405075308,-0.0114537960421179
2024-09-05,67,0.0450224510015884,0.0450421914597827
2024-09-05,68,-0.1242228386781,-0.122702111725874
2024-09-05,69,-0.0616365931385108,-0.0625983932304877
2024-09-05,70,-0.0259367785442972,-0.027373896418573
2024-09-05,71,-0.0374609220526096,-0.0413596056385579
2024-09-05,72,-0.0241925880033085,-0.0262084986240447
2024-09-05,73,-0.0677655861589583,-0.0711269197045485
2024-09-05,74,-0.0512532702902675,-0.0527765044989801
2024-09-05,75,-0.0504600357904019,-0.0536184865203895
2024-09-05,76,-0.0449824275899853,-0.0480806683910462
2024-09-05,77,-0.0358807354685928,-0.0399467498549946
2024-09-05,78,-0.033241608334964,-0.0390038862949047
2024-09-05,79,-0.014912508313444,-0.0199553075745489
2024-09-05,80,-0.0439965476418123,-0.0510448001667383
2024-09-05,81,-0.0140124666169834,-0.0202618047186265
2024-09-05,82,-0.0111012987706176,-0.0169036074426829
2024-09-05,83,-0.0196236443796756,-0.0267511378520799
2024-09-05,84,-0.00192829405223272,-0.00893163077263637
2024-09-05,85,-0.0183111976239831,-0.0247932486734133
2024-09-05,86,-0.00703736898076013,-0.0143933414729136
2024-09-05,87,0.00220266672668723,-0.00379548990373202
2024-09-05,88,-0.0270142191349811,-0.0279499381686215
2024-09-05,89,-0.0309541939283577,-0.0302890046458963
2024-09-05,90,-0.0402538528268908,-0.0405551814369258
2024-09-05,91,-0.020061239231306,-0.0190878490422328
2024-09-05,92,-0.0318528748804274,-0.0319254899595971
2024-09-05,93,-0.0287236566519233,-0.026035278799192
2024-09-05,94,-0.0315121351226821,-0.0314935352340413
2024-09-05,95,-0.0312226020021735,-0.0295841624771813
2024-09-05,96,-0.0270344397765712,-0.0253980709122215
2024-09-05,97,-0.0185442535590106,-0.0165635123315409
2024-09-05,98,-0.0217672503796988,-0.0208322781268335
2024-09-05,99,-0.0285463124971819,-0.0272710773755906
2024-09-05,100,-0.0299061519619861,-0.0286786941848822
2024-09-05,101,-0.0189175890778328,-0.0180685561230818
2024-09-05,102,-0.0225998748917928,-0.0214149574460465
2024-09-05,103,-0.0267684261174717,-0.0262975775848564
2024-09-05,104,-0.017719615705583,-0.0166456036896281
2024-09-05,105,-0.0278079774898083,-0.0274259286582135
2024-09-05,106,-0.00894913655256202,-0.00824862939853954
2024-09-05,107,-0.0335632582522574,-0.0329666999300922
2024-09-05,108,-0.000959154815366237,0.00104701849862776
2024-09-05,109,-0.0110216137897194,-0.00911193542696553
2024-09-05,110,-0.0139443146418072,-0.0124373779127502
2024-09-05,111,0.00251962418641583,0.00467030976473559
2024-09-05,112,-0.0146642047703143,-0.0132160807614845
2024-09-05,113,0.00183491590247797,0.00390354485072031
2024-09-05,114,-0.00814997164720843,-0.00680013801971402
2024-09-05,115,-0.0039859569065559,-0.00164958108649316
2024-09-05,116,0.0115357071708102,0.0134720827513606
2024-09-05,117,0.0032384122627418,0.00512377060698377
2024-09-05,118,-1.5676348086302e-05,0.00112501248521024
2024-09-05,119,-0.00098575333706652,-0.00031565054232896
2024-09-05,120,-0.0053825377407275,-0.00581856694980765
2024-09-05,121,0.00712516874262281,0.00844368330265866
2024-09-05,122,-0.00500883543194508,-0.0051802190202288
2024-09-05,123,0.0102659953797719,0.0114596250569061
2024-09-05,124,0.00525498826877424,0.0031978668233883
2024-09-05,125,-0.00205453617504237,-0.00193909255502245
2024-09-05,126,-0.00367152306938046,-0.0039655072188447
2024-09-05,127,0.0141025492075713,0.0141368155694561
2024-09-05,128,-0.00879034802180723,-0.0102369084062977
2024-09-05,129,0.0196373142244068,0.0202866966277746
2024-09-05,130,0.00120821502480428,0.00114032258999863
2024-09-05,131,0.0080198794294164,0.00717325370167998
2024-09-05,132,0.010264553859912,0.00933243949139584
2024-09-05,133,0.00196612558438236,0.000746930797270728
2024-09-05,134,0.0176357817054189,0.0174071385246677
2024-09-05,135,0.00631367189445342,0.00539648219588518
2024-09-05,136,0.0124684673506392,0.0122509150823893
2024-09-05,137,0.0167065436699803,0.0157128759956393
2024-09-05,138,0.0155265386438073,0.0144837217999125
2024-09-05,139,-0.00288664271318151,-0.00432576464429335
2024-09-05,140,0.0127108624069647,0.011221882949112
2024-09-05,141,0.00981443995474507,0.00829673388697749
2024-09-05,142,0.0194176868502192,0.0185814691361585
2024-09-05,143,0.0132949776853826,0.0120818924725894
2024-09-05,144,0.010750596069804,0.00829100357182799
2024-09-06,2,0.0374956409454228,0.036203661600311
2024-09-06,3,0.0181268344699745,0.0170669053520669
2024-09-06,4,0.00412001692101871,0.00218706567989457
2024-09-06,5,0.0390346635558743,0.0372827732688341
2024-09-06,6,0.0231743747545519,0.0216078208021608
2024-09-06,7,0.0223152311840522,0.0218899251469473
2024-09-06,8,0.0272335762081664,0.0259260976020776
2024-09-06,9,0.0224588045956802,0.0207547007312332
2024-09-06,10,0.0508985270432261,0.0527850064208701
2024-09-06,11,0.0223343511869558,0.0295564933538301
2024-09-06,12,0.0244643609463617,0.0323174559058135
2024-09-06,13,0.0297738384004571,0.037560336271615
2024-09-06,14,0.0244098960101615,0.0333567818272513
2024-09-06,15,0.0198329969958424,0.0291065532511547
2024-09-06,16,0.022865054173705,0.030817289150332
2024-09-06,17,0.00483570116063436,0.0144754451527263
2024-09-06,18,0.0204548378251239,0.0298839438759329
2024-09-06,19,-0.00276024203931069,0.0059347580567497
2024-09-06,20,0.0190380788257851,0.0288710504900216
2024-09-06,21,0.00466021880443268,0.0133128662661539
2024-09-06,22,0.0126090806741432,0.0225510570691654
2024-09-06,23,0.0088794795714513,0.0179191396216991
2024-09-06,24,-0.0133540558145864,-0.00513269617972245
2024-09-06,25,0.0157725281007872,0.0246849970840728
2024-09-06,26,0.00379190632064574,0.00848963342779552
2024-09-06,27,0.00743259497082427,0.0127069898850207
2024-09-06,28,-0.00584972775223402,-0.00102676128192236
2024-09-06,29,-0.0111058344911719,-0.00725620714672637
2024-09-06,30,-0.0126159619179598,-0.00761974006035526
2024-09-06,31,-0.0162727053635425,-0.0142905141838838
2024-09-06,32,0.0182786949942493,0.0210221387474165
2024-09-06,33,-0.0202287210118843,-0.0184749930344834
2024-09-06,34,-0.0275949198374166,-0.0270237578474877
2024-09-06,35,0.0191832744834928,0.0220099565185015
2024-09-06,36,-0.0116566429282212,-0.0111529067128977
2024-09-06,37,-0.0158215229784977,-0.0147474848541487
2024-09-06,38,-0.0150814831646606,-0.0140792668442957
2024-09-06,39,0.00778262827951615,0.00863383923659278
2024-09-06,40,-0.0137134262210612,-0.0158865092522129
2024-09-06,41,-0.0013632915373547,-0.00157376038762891
2024-09-06,42,-0.0297097630796257,-0.0308239101061503
2024-09-06,43,-0.0168244817674745,-0.0171158080642009
2024-09-06,44,0.0387253993777437,0.0359462294276662
2024-09-06,45,0.0150542251522214,0.0133505324601915
2024-09-06,46,-0.019045471736125,-0.0221180058863597
2024-09-06,47,0.0278330934354969,0.0259488715723402
2024-09-06,48,0.0186127647595038,0.0165838102992275
2024-09-06,49,-0.156760765718503,-0.149254059445147
2024-09-06,50,0.0249155756362445,0.0243028472601026
2024-09-06,51,-0.0593050699741733,-0.0619592003279026
2024-09-06,52,-0.118263006196597,-0.116357170754286
2024-09-06,53,-0.0912497312689853,-0.089586860497211
2024-09-06,54,-0.065271940737154,-0.0660303397851818
2024-09-06,55,-0.0772668266344079,-0.0770521998474596
2024-09-06,56,0.0346459053295023,0.0299363936140944
2024-09-06,57,0.039226461177253,0.0318471534298039
2024-09-06,58,0.0295148755429535,0.0239947406765788
2024-09-06,59,-0.0587145322409466,-0.0593206855536321
2024-09-06,60,0.0258821350747471,0.0253757486277761
2024-09-06,61,0.0689578851751174,0.0654419240297086
2024-09-06,62,0.0630192882444192,0.0571587976018133
2024-09-06,63,0.0395422323427521,0.038180007953657
2024-09-06,64,0.027227710699492,0.0234636159268762
2024-09-06,65,0.0358628786515762,0.0327155331186049
2024-09-06,66,-0.00541616288383651,-0.0090959298520028
2024-09-06,67,-0.0234185459602196,-0.0222096233896645
2024-09-06,68,-0.00260178678805811,-0.00408600377205648
2024-09-06,69,0.00554651735159783,0.0029376211587433
2024-09-06,70,0.00798599792630839,0.00250676522656956
2024-09-06,71,0.0332818111277282,0.0269332556799347
2024-09-06,72,0.0113393444908167,0.00649263755340179
2024-09-06,73,0.0226133854234662,0.0175102201161472
2024-09-06,74,0.0179210052351566,0.0122454501532658
2024-09-06,75,0.0318816662963526,0.0273946924278023
2024-09-06,76,0.00142945035328879,-0.00351609368586026
2024-09-06,77,0.0265690435855861,0.0216716720903882
2024-09-06,78,0.0142949211801833,0.00881649647688398
2024-09-06,79,-0.00802842133915149,-0.0123409092210958
2024-09-06,80,0.0071929386957228,0.00219470153765311
2024-09-06,81,-0.00562296992860922,-0.0114728668332935
2024-09-06,82,0.00728844082658053,0.0015914674411972
2024-09-06,83,-0.00603211190347164,-0.0126517187713668
2024-09-06,84,-0.00350393562279505,-0.00958403439002886
2024-09-06,85,-0.0107820070816427,-0.0198016216911885
2024-09-06,86,0.0144859170202931,0.007770076671334
2024-09-06,87,-0.0262875019098399,-0.0322847662382375
2024-09-06,88,-0.0140556885989942,-0.0143714563006072
2024-09-06,89,-0.030557955048053,-0.0301424112234159
2024-09-06,90,-0.0282936435242576,-0.0265467685420631
2024-09-06,91,-0.0265158687247817,-0.0261159613118682
2024-09-06,92,-0.0310725915372738,-0.0302246900647325
2024-09-06,93,-0.0278104922801701,-0.027536927311774
2024-09-06,94,-0.0281602271186578,-0.0273194847630465
2024-09-06,95,-0.0199253940252033,-0.0188646584548473
2024-09-06,96,-0.0196026951036155,-0.0189602865157839
2024-09-06,97,-0.0193875134385042,-0.0184829429750799
2024-09-06,98,-0.0353528147304827,-0.0361502839218621
2024-09-06,99,-0.0147788939856284,-0.0140710743810102
2024-09-06,100,-0.0225961302228033,-0.022881456130023
2024-09-06,101,-0.0320225967922418,-0.0330000458630972
2024-09-06,102,-0.0257017714201226,-0.0267992532827175
2024-09-06,103,-0.0256106379588954,-0.0277233430791228
2024-09-06,104,-0.0240976410133609,-0.0248306364121915
2024-09-06,105,-0.0181277844425778,-0.0179066490954809
2024-09-06,106,-0.0256195135847173,-0.0264419499390596
2024-09-06,107,-0.020437125683308,-0.0219986391025557
2024-09-06,108,-0.0275410907491618,-0.0277029059456582
2024-09-06,109,-0.00921029366253157,-0.00947596953367391
2024-09-06,110,-0.0198271828760452,-0.0207128155982383
2024-09-06,111,-0.0108533187553483,-0.0114570142471839
2024-09-06,112,-0.0189204084784249,-0.0194711196500226
2024-09-06,113,-0.016590513003826,-0.0168014456601959
2024-09-06,114,-0.0159339750948746,-0.0158839806349551
2024-09-06,115,-0.00340011043274213,-0.0040875606291646
2024-09-06,116,-0.00901402356059755,-0.00894674437943799
2024-09-06,117,-0.0183235791681069,-0.0193358427736197
2024-09-06,118,0.000930321889403452,0.000898340364166472
2024-09-06,119,-0.00767660307060414,-0.00832709971836021
2024-09-06,120,-0.0104590739213943,-0.0115237154443708
2024-09-06,121,-0.00424520025939046,-0.00422179167729198
2024-09-06,122,-0.000537956656683214,-0.00056287429590185
2024-09-06,123,-0.0135369299018659,-0.0142793086180344
2024-09-06,124,0.00886741043252304,0.00945913711144275
2024-09-06,125,-0.00634543506319929,-0.0078849934887959
2024-09-06,126,0.00866782778078434,0.00965300176622019
2024-09-06,127,0.00102965781514008,0.000162292473691927
2024-09-06,128,-0.00203826680024655,-0.0017887170207338
2024-09-06,129,0.00860525850864668,0.00838435038999563
2024-09-06,130,0.00282861237596244,0.00231487662102392
2024-09-06,131,-0.00161685119244392,-0.00218622591769702
2024-09-06,132,0.00943514997522144,0.0102556271584424
2024-09-06,133,0.00791695474464493,0.00688488190403369
2024-09-06,134,0.0130928015082707,0.0135123892994518
2024-09-06,135,0.00628655795262301,0.00564979494122131
2024-09-06,136,0.00382503657530009,0.00197045121532202
2024-09-06,137,0.00209900386641593,0.000674067801813116
2024-09-06,138,0.0198849046855392,0.0194687654534853
2024-09-06,139,0.0024977194451683,0.00109787864942312
2024-09-06,140,0.0331973557159957,0.0324254040000369
2024-09-06,141,-0.00367279927727981,-0.00538780574549325
2024-09-06,142,0.0151183457509445,0.0140792986736251
2024-09-06,143,0.0232931269879275,0.0221864398277916
2024-09-06,144,0.00416693800078782,0.00275403778250638
2024-09-07,2,0.00981755437483933,0.00782753875805753
2024-09-07,3,0.0236797813924685,0.0228220632797518
2024-09-07,4,0.0179029066476399,0.0157953294067754
2024-09-07,5,0.00929869769054825,0.00638466842362018
2024-09-07,6,0.023723766878943,0.0227280835382304
2024-09-07,7,0.0248812324760159,0.0234239907755889
2024-09-07,8,0.0263787838204159,0.024538504087591
2024-09-07,9,0.0140394091649512,0.0109767685286446
2024-09-07,10,0.0400284627324714,0.0406796937627671
2024-09-07,11,0.0291071680693706,0.0365710586842161
2024-09-07,12,0.0256844153514981,0.0349679220227781
2024-09-07,13,0.0326616554882868,0.0407717052720145
2024-09-07,14,0.0261006569654034,0.0356705709796072
2024-09-07,15,0.022175746612243,0.0310722405162966
2024-09-07,16,0.0216432523501968,0.0315571388355291
2024-09-07,17,0.0273267068929322,0.0381615246402918
2024-09-07,18,0.030168674971006,0.0412034579077325
2024-09-07,19,0.0162430462839644,0.0274512047849615
2024-09-07,20,0.0114960946337863,0.0215006526402783
2024-09-07,21,0.0160745908066424,0.0266375511449297
2024-09-07,22,-0.0048674618127249,0.00709387729805844
2024-09-07,23,0.00846720381652677,0.0208866928773395
2024-09-07,24,-0.00632420038664705,0.00435789606396941
2024-09-07,25,-0.00461109226144618,0.00521181226802447
2024-09-07,26,0.00153552315912542,0.00992948774137137
2024-09-07,27,-0.00195252331271156,0.00555151331516868
2024-09-07,28,-0.00268933859698173,0.00512689711030578
2024-09-07,29,-0.0280657598157106,-0.0216719999333224
2024-09-07,30,-0.0209146020537734,-0.0152445002456032
2024-09-07,31,-0.0192004984210516,-0.0141488309723909
2024-09-07,32,-0.0235655753299229,-0.020133980084168
2024-09-07,33,-0.0278628320411514,-0.0237821171547594
2024-09-07,34,-0.0398216690930209,-0.0379737884493974
2024-09-07,35,-0.0236061989434573,-0.0207456252241123
2024-09-07,36,-0.00289125330526208,7.31659747676972e-05
2024-09-07,37,-0.0329759173605275,-0.0313890243168897
2024-09-07,38,-0.0466159939094384,-0.0451927639782319
2024-09-07,39,-0.00360018508794724,-0.0027615020444749
2024-09-07,40,-0.0244741718662098,-0.0224207177237457
2024-09-07,41,-0.032790144678585,-0.0340123202988956
2024-09-07,42,-0.0326686326411902,-0.0319194548068396
2024-09-07,43,-0.0173032463459366,-0.0177879618735002
2024-09-07,44,0.0178179092806801,0.0174903888650828
2024-09-07,45,-0.00552082474238969,-0.0076959708904436
2024-09-07,46,-0.0367900172268181,-0.0389200882474539
2024-09-07,47,-0.0798140730491923,-0.0792617025093998
2024-09-07,48,-0.0239696740134931,-0.0185795870855676
2024-09-07,49,0.0352782649152417,0.0307493522035385
2024-09-07,50,-0.00145194759770195,-0.00752474981488138
2024-09-07,51,-0.00714812780215279,-0.0101542566538777
2024-09-07,52,-0.00757518102103827,-0.00928440350955828
2024-09-07,53,0.0334280857983282,0.0298460489093575
2024-09-07,54,0.00981923030083909,0.000563973835255638
2024-09-07,55,0.0234281162358077,0.01754404446572
2024-09-07,56,0.022656776372699,0.016231445440722
2024-09-07,57,0.0307444338507352,0.0275788929208813
2024-09-07,58,0.02164925124581,0.0170604052359984
2024-09-07,59,0.034464066058927,0.0325378966708323
2024-09-07,60,0.0257969433763039,0.0196125452108467
2024-09-07,61,0.0546385210823281,0.0502601019453079
2024-09-07,62,0.0506229131130365,0.0489841503199981
2024-09-07,63,0.053609920151624,0.0546808049573118
2024-09-07,64,0.0297638735892747,0.0293999052326237
2024-09-07,65,0.0610219452443985,0.0620607775125919
2024-09-07,66,0.0144151344977077,0.0143909214107225
2024-09-07,67,0.0341359747363379,0.0351306168032455
2024-09-07,68,-0.0241708344421303,-0.0231043955192085
2024-09-07,69,0.00645263305833943,0.00479126185959977
2024-09-07,70,-0.00476389320375059,-0.00704613641472385
2024-09-07,71,0.0134538559634283,0.0123586912134943
2024-09-07,72,-0.0152582275365889,-0.0177044353533207
2024-09-07,73,-0.0495264151483523,-0.0538813295186689
2024-09-07,74,-0.0132306545327374,-0.0186596943095063
2024-09-07,75,-0.0124349787015605,-0.0192181033832446
2024-09-07,76,0.00928700433642415,0.00112789917811806
2024-09-07,77,-6.87060178030663e-05,-0.00885160588809697
2024-09-07,78,-0.00802012916848138,-0.0154359822138241
2024-09-07,79,-0.0103992238192987,-0.0180571610298301
2024-09-07,80,-0.0190200488073433,-0.0261349442812584
2024-09-07,81,-0.0285646433825733,-0.0366208168711424
2024-09-07,82,-0.0127175040560519,-0.0210415120282521
2024-09-07,83,-0.0238197985884603,-0.0327228511356137
2024-09-07,84,-0.0130203546931882,-0.0199747870125329
2024-09-07,85,-0.0140483930545776,-0.0208775326978285
2024-09-07,86,-0.0170789400265225,-0.0241102990139708
2024-09-07,87,-0.0173404904946861,-0.0198885108694582
2024-09-07,88,-0.0179988235453616,-0.0147187220965939
2024-09-07,89,-0.0130385773961659,-0.00978071392360658
2024-09-07,90,-0.0244096868847681,-0.0205868680357697
2024-09-07,91,-0.0182383959620602,-0.0152087480155365
2024-09-07,92,-0.0280128823675754,-0.0261273440796632
2024-09-07,93,-0.014779468524575,-0.0126750748604931
2024-09-07,94,-0.0173619059695347,-0.0153528697428085
2024-09-07,95,-0.0188208986338769,-0.016492246920131
2024-09-07,96,-0.0186397841309054,-0.0170501001920744
2024-09-07,97,-0.013589662343128,-0.011740751331641
2024-09-07,98,-0.0151754902220174,-0.0134084276587356
2024-09-07,99,-0.0169649905398206,-0.0155363475470089
2024-09-07,100,-0.00554890067513591,-0.0038765598214785
2024-09-07,101,-0.00354154914860771,-0.000818038075686367
2024-09-07,102,-0.00962694150345289,-0.00867170106405357
2024-09-07,103,-0.00981452611376898,-0.00785133655671189
2024-09-07,104,-0.0110297986145973,-0.0091413131289535
2024-09-07,105,-0.00583499275767618,-0.00468556100477802
2024-09-07,106,-0.00257285905282689,-0.00147294356746919
2024-09-07,107,-0.0134810754922414,-0.0138461292531646
2024-09-07,108,-0.0105554033638775,-0.0098810350323193
2024-09-07,109,-0.00171722749350245,-0.00216158399735189
2024-09-07,110,-0.015217557767885,-0.0156184357580189
2024-09-07,111,0.000508649440436493,0.00037194586921796
2024-09-07,112,-0.0157481678047047,-0.0173061175579106
2024-09-07,113,-0.00626700617711329,-0.00787748637084196
2024-09-07,114,-0.00875714412143136,-0.00928741393396493
2024-09-07,115,-0.00317876785941085,-0.00448217200990175
2024-09-07,116,-0.00103363573636184,-0.000863122698810059
2024-09-07,117,-0.016288132904017,-0.0183769641622726
2024-09-07,118,-0.000748178817513434,-0.0024826132716953
2024-09-07,119,-0.0128736373165808,-0.0153729758306396
2024-09-07,120,-0.0128369928150951,-0.0157017519660316
2024-09-07,121,-0.00625168253872133,-0.00769462913828622
2024-09-07,122,-0.00459404611561975,-0.00648857627319099
2024-09-07,123,-0.00679326125157775,-0.00865687638649071
2024-09-07,124,-0.0145384359913576,-0.0175242752782401
2024-09-07,125,-0.00272000693492913,-0.0031707354495456
2024-09-07,126,0.00267744173223239,0.000660369929139648
2024-09-07,127,-0.0114893103345128,-0.0131192588207671
2024-09-07,128,0.00241380432127158,0.000327307043435532
2024-09-07,129,-0.00138790531396182,-0.00269242628480093
2024-09-07,130,-0.00286961480391934,-0.00458771294543237
2024-09-07,131,0.0105026429170447,0.00946431302208417
2024-09-07,132,-0.00154589890948476,-0.00333957083108594
2024-09-07,133,-0.00341361849479327,-0.004520693873868
2024-09-07,134,0.0181989530116038,0.0162990258616036
2024-09-07,135,0.00315486896490302,0.00238748354199814
2024-09-07,136,0.00134486937310285,-0.00140617165770873
2024-09-07,137,0.0151839838659678,0.0151171587372225
2024-09-07,138,-0.00263388701477485,-0.00588070702562948
2024-09-07,139,0.00954866740846505,0.00781224199449593
2024-09-07,140,0.0107243194420024,0.00972825307456837
2024-09-07,141,0.013201413181819,0.0110109319737601
2024-09-07,142,-0.00208652582942381,-0.00432039796263606
2024-09-07,143,0.025004827796475,0.0238915132243118
2024-09-07,144,0.00897951336842961,0.00591919187159728
2024-09-08,2,0.0106914542146468,0.00874868924773331
2024-09-08,3,0.0186959210136468,0.0174849163187174
2024-09-08,4,0.0242216558412247,0.0222495610059932
2024-09-08,5,0.0107812544118273,0.00961077822310674
2024-09-08,6,0.0242880835023245,0.0230246564957159
2024-09-08,7,0.0227634908019549,0.021506597368802
2024-09-08,8,0.0042227733052842,0.00131746943175237
2024-09-08,9,0.0237700166989221,0.021553569574464
2024-09-08,10,0.0307312555574519,0.0294075566406704
2024-09-08,11,0.018237525750342,0.0255865844928307
2024-09-08,12,0.0318628991282095,0.0411689836280456
2024-09-08,13,0.0402859801292736,0.0496448480615994
2024-09-08,14,0.0203096027136365,0.0280722189778571
2024-09-08,15,0.0254836611127454,0.0336254531731566
2024-09-08,16,0.0310661763063242,0.0410785656355772
2024-09-08,17,0.017262628563917,0.0268464683178342
2024-09-08,18,0.0239346506289229,0.0330231755558383
2024-09-08,19,0.0129158633249711,0.0229512501990286
2024-09-08,20,0.026032421702781,0.0364588801322911
2024-09-08,21,0.0141237099953457,0.0233118321365531
2024-09-08,22,0.014708426377303,0.0253066257277244
2024-09-08,23,0.0047768440625422,0.0149198505052466
2024-09-08,24,-0.00143259607147161,0.00870916754077378
2024-09-08,25,0.0227076641463855,0.0300453753974796
2024-09-08,26,0.00789129189572346,0.0144784729078937
2024-09-08,27,0.00915520065902609,0.0152380869451738
2024-09-08,28,-0.00699304438944193,-0.000419638803125011
2024-09-08,29,0.00526150851370755,0.0112730575826845
2024-09-08,30,-0.00304562747661485,0.00324877213139274
2024-09-08,31,-0.0213388654053421,-0.0187595797995552
2024-09-08,32,0.00527609352242653,0.00897704281161538
2024-09-08,33,-0.0143635481309392,-0.0117719819556905
2024-09-08,34,0.00506423720077542,0.00776765252240175
2024-09-08,35,-0.0283654934972359,-0.0258550082127478
2024-09-08,36,-0.00208367672157905,-6.476294267177e-05
2024-09-08,37,0.0038837579329396,0.00506521717058295
2024-09-08,38,-0.0132145779321027,-0.0114356998439584
2024-09-08,39,0.00614002909657785,0.00597941584316519
2024-09-08,40,-0.0192644852868264,-0.0180513027316627
2024-09-08,41,-0.012920460228119,-0.0128456371070467
2024-09-08,42,-0.0119745084930782,-0.0111631807479684
2024-09-08,43,-0.00538020926967686,-0.00617905532005647
2024-09-08,44,0.0342977302975758,0.0332929439597578
2024-09-08,45,-0.0182951477853521,-0.0177643446227851
2024-09-08,46,-0.0489516598672699,-0.0471427070641344
2024-09-08,47,0.0668172254913699,0.0620275668976076
2024-09-08,48,0.0371073391989185,0.0306621072918816
2024-09-08,49,0.0287761408517824,0.0260487362058814
2024-09-08,50,-0.0125437418888605,-0.0152579751630473
2024-09-08,51,0.0167555002118096,0.0157076697462006
2024-09-08,52,-0.0453928718111332,-0.0438189822676733
2024-09-08,53,-0.0593999245476899,-0.0531559743069607
2024-09-08,54,0.0415578437106765,0.0418068020198001
2024-09-08,55,0.0350478735372901,0.0321364339064711
2024-09-08,56,-0.0138308633974829,-0.0161730070914556
2024-09-08,57,0.0585371495142697,0.059893381962234
2024-09-08,58,0.00367752303517754,0.00282787179129151
2024-09-08,59,-0.00915919424685541,-0.00727430488842895
2024-09-08,60,-0.0477700446247145,-0.0431921551397219
2024-09-08,61,0.0403197774531368,0.0389195773826705
2024-09-08,62,-0.0208152970967026,-0.0212442733354745
2024-09-08,63,-0.0839070644493392,-0.080917937095089
2024-09-08,64,-0.0978245373929569,-0.0953551620409074
2024-09-08,65,-0.081372418772081,-0.0819556556385779
2024-09-08,66,-0.0940266854196823,-0.0947754755160233
2024-09-08,67,-0.117806394815627,-0.120516695470764
2024-09-08,68,-0.0777253846905728,-0.0813038263283579
2024-09-08,69,-0.014999373941075,-0.0169472935806123
2024-09-08,70,0.0258429332901082,0.0221647874527102
2024-09-08,71,0.0144335725318774,0.013161677658851
2024-09-08,72,0.0100104557491889,0.0064815114818515
2024-09-08,73,0.018798789593899,0.0157859671664431
2024-09-08,74,0.0211131539078799,0.0154187316998877
2024-09-08,75,-0.0114833178959843,-0.0156142693516816
2024-09-08,76,0.0321811522332842,0.0278589493881443
2024-09-08,77,0.0519313309639893,0.0452483357979103
2024-09-08,78,0.0494483221401243,0.0429282097096886
2024-09-08,79,0.0215326827110776,0.0146107868069008
2024-09-08,80,0.00350049888213633,-0.00341093861386366
2024-09-08,81,0.0250134861431723,0.0178365077894505
2024-09-08,82,0.00833957804672725,0.00114555645989256
2024-09-08,83,0.0286020867417847,0.0226856802313842
2024-09-08,84,-0.0236288158909534,-0.032594473293666
2024-09-08,85,-0.0204369641690079,-0.0287048392784959
2024-09-08,86,-0.0261194830880713,-0.0339435848421905
2024-09-08,87,-0.0159303129624178,-0.0174930497947541
2024-09-08,88,-0.0316292772852385,-0.0307020388118553
2024-09-08,89,-0.0275761387511837,-0.0266602570239693
2024-09-08,90,-0.0296124357826559,-0.0289453369125701
2024-09-08,91,-0.0382623681831138,-0.0374990827490302
2024-09-08,92,-0.0235428881113697,-0.0226734417415937
2024-09-08,93,-0.0234144580053939,-0.0237070001660928
2024-09-08,94,-0.037542900797372,-0.0371687770395144
2024-09-08,95,-0.0230405925171104,-0.0232721041087447
2024-09-08,96,-0.0281924500729351,-0.0284519794051161
2024-09-08,97,-0.0235527583760335,-0.0238167365749433
2024-09-08,98,-0.024481444381252,-0.02482638578334
2024-09-08,99,-0.0187224905841972,-0.0180430835831293
2024-09-08,100,-0.0227414130436245,-0.021743750860117
2024-09-08,101,-0.00735105604112407,-0.00678899475707695
2024-09-08,102,-0.0256906796174023,-0.0247503280064949
2024-09-08,103,-0.0241272014038998,-0.023958952187435
2024-09-08,104,-0.0188079718071705,-0.0198113632397794
2024-09-08,105,-0.00989765415564925,-0.00837843043570086
2024-09-08,106,-0.0117010668682376,-0.0112990873312446
2024-09-08,107,-0.0176732837007094,-0.0180232781227332
2024-09-08,108,-0.00591542853391758,-0.00485831205529408
2024-09-08,109,-0.00925348894258349,-0.00924887863936519
2024-09-08,110,-0.0109341820829396,-0.0109396150860421
2024-09-08,111,-0.0235939318437453,-0.024316302440833
2024-09-08,112,-0.00274321758651208,-0.00216577652884453
2024-09-08,113,-0.0205323976119365,-0.0221063013558167
2024-09-08,114,-1.87336924328818e-05,0.00125526261782127
2024-09-08,115,0.00076295421128858,0.000929872895761186
2024-09-08,116,-0.000316578335329609,0.000242744313198706
2024-09-08,117,-0.0145654516429703,-0.0155486802135805
2024-09-08,118,-0.00391241890072358,-0.00455556993897144
2024-09-08,119,-0.00264169845232942,-0.00335265199214252
2024-09-08,120,0.0104178822592047,0.0108849959205237
2024-09-08,121,-0.0182788916186434,-0.0192818586653978
2024-09-08,122,0.0108865547090273,0.0108453699617161
2024-09-08,123,0.00841778562183659,0.0080517792709438
2024-09-08,124,-0.00628690744775273,-0.0076791656413775
2024-09-08,125,0.00286204027775838,0.00173939098105347
2024-09-08,126,0.0104817310121641,0.00897440576616937
2024-09-08,127,-0.000713228862421644,-0.00214045718668121
2024-09-08,128,0.00445379898636489,0.0036732721337609
2024-09-08,129,0.00317251568929411,0.00202884325663089
2024-09-08,130,0.00910346360807424,0.00829528564057558
2024-09-08,131,0.00350986419241206,0.000433136261271727
2024-09-08,132,-0.00321785925723184,-0.00396677765812559
2024-09-08,133,0.00595293111372275,0.00393092128262928
2024-09-08,134,0.00999783000160015,0.00914459950193169
2024-09-08,135,0.00442448047355981,0.00196418486021877
2024-09-08,136,-0.00221055066074705,-0.00427282651397043
2024-09-08,137,0.00954091177597594,0.0085799185328348
2024-09-08,138,0.0181376942259304,0.0171456521293312
2024-09-08,139,-0.00127776081748188,-0.0026098548157556
2024-09-08,140,0.0118331064069794,0.010351810851998
2024-09-08,141,0.0145966189977162,0.0134786784158818
2024-09-08,142,0.0177205967445264,0.0166087298753377
2024-09-08,143,-0.00241840730779685,-0.00384785674675125
2024-09-08,144,0.0242585336104622,0.0233855763855679
2024-09-09,2,0.00462569728699069,0.00348529692790223
2024-09-09,3,0.0113745853667391,0.0101293154836419
2024-09-09,4,0.0126016518067242,0.0105088438730414
2024-09-09,5,0.0115634217165814,0.0107316724923843
2024-09-09,6,0.0115722706087187,0.00940125957671434
2024-09-09,7,0.0196740122923407,0.019146289408547
2024-09-09,8,0.00489315334517482,0.00309843548717748
2024-09-09,9,0.00856217092617495,0.00665746746340368
2024-09-09,10,0.0333739497268493,0.0323060372573689
2024-09-09,11,0.0182957141429858,0.026614193593832
2024-09-09,12,0.0262470947743392,0.0347901807478221
2024-09-09,13,0.00921352364776418,0.0182638756964497
2024-09-09,14,0.0255508892177243,0.0349953680245099
2024-09-09,15,0.031840068891472,0.0396232952048496
2024-09-09,16,0.0165066646582819,0.0258842637464172
2024-09-09,17,0.0320302432033905,0.0427681002631637
2024-09-09,18,0.0358056734059771,0.044840624473756
2024-09-09,19,0.0348833778730517,0.0444070458781427
2024-09-09,20,0.0268817257990932,0.0383527658105312
2024-09-09,21,0.0370133802773944,0.0469593975500837
2024-09-09,22,0.0371918119657906,0.0475889437391741
2024-09-09,23,0.0338019346981868,0.0428349157123602
2024-09-09,24,0.0190363747808915,0.0295436072766337
2024-09-09,25,0.0244822860095519,0.0337567215340115
2024-09-09,26,0.00608049247156117,0.0127640872264454
2024-09-09,27,0.0336527274431644,0.0420676614584892
2024-09-09,28,0.009997695045592,0.0153333422148156
2024-09-09,29,0.0156244249620618,0.0236004749570391
2024-09-09,30,0.00413716718350088,0.00990413757824626
2024-09-09,31,-0.00255585345654108,0.00279502892952888
2024-09-09,32,0.0098024871709459,0.0138397236023353
2024-09-09,33,-0.0102456788925345,-0.007934572078792
2024-09-09,34,0.0220516090829737,0.0258281453357272
2024-09-09,35,0.00780330006943508,0.0106240693764938
2024-09-09,36,-0.0419292242096319,-0.0411174961949587
2024-09-09,37,0.018864758428772,0.025330618727379
2024-09-09,38,-0.020691275898514,-0.0187585939686059
2024-09-09,39,-0.0173744160125189,-0.0147230641694183
2024-09-09,40,-0.0533321744828568,-0.0470615659727764
2024-09-09,41,-0.0289531358196209,-0.0251019429804424
2024-09-09,42,-0.0545093674338961,-0.0491185293723664
2024-09-09,43,-0.0300710696971889,-0.0226948930745055
2024-09-09,44,-0.0415095643740839,-0.0382701777155612
2024-09-09,45,0.00299438401238117,0.00729799583958002
2024-09-09,46,-0.0438111284942959,-0.0403181793614404
2024-09-09,47,-0.0144289998890654,-0.0099486037561265
2024-09-09,48,0.0261298484404175,0.031225502494391
2024-09-09,49,0.0121732830573418,0.0126350351088886
2024-09-09,50,-0.0874571019512178,-0.0822198995684325
2024-09-09,51,-0.0205329887700456,-0.0210608096060172
2024-09-09,52,-0.0604756206918582,-0.0535912507292933
2024-09-09,53,-0.0226864393432642,-0.0173186449615779
2024-09-09,54,-0.0284259440289052,-0.0264349209924601
2024-09-09,55,-0.0622537039991666,-0.0616978304683835
2024-09-09,56,-0.048587238046994,-0.0453901515009338
2024-09-09,57,-0.0667141173519843,-0.062824142546698
2024-09-09,58,-0.0270877780663863,-0.0275688142640576
2024-09-09,59,-0.0678268008533758,-0.0669078394320444
2024-09-09,60,0.0086252333265584,0.0101817970992437
2024-09-09,61,-0.0264654053969071,-0.0287927358906135
2024-09-09,62,-0.0247027473887975,-0.022309242626366
2024-09-09,63,-0.0100570908278774,-0.0113278972461757
2024-09-09,64,-0.000565038233398596,-0.00329363382139558
2024-09-09,65,0.0138251722214164,0.0115905906884679
2024-09-09,66,0.00453659657970107,-0.000512076626582925
2024-09-09,67,-0.00279926285723242,-0.00718771748972546
2024-09-09,68,-0.0153269561664677,-0.0229799592740383
2024-09-09,69,0.0434426184646206,0.0378225817743223
2024-09-09,70,0.00164520057259487,-0.00625017290666108
2024-09-09,71,0.006474819292281,-0.00118457485498702
2024-09-09,72,0.0213481692443125,0.013127648193981
2024-09-09,73,0.00602759281204079,-0.00314649199839412
2024-09-09,74,0.0339202628011579,0.0250503432948008
2024-09-09,75,0.0386794455197563,0.0292949333598855
2024-09-09,76,0.0263647147624644,0.0181900491406424
2024-09-09,77,0.0276473352263364,0.0193744404950236
2024-09-09,78,0.0273227765456827,0.018528060188034
2024-09-09,79,0.0223600853599777,0.012536684057288
2024-09-09,80,0.0103424517975705,0.00264044970841848
2024-09-09,81,-0.00146179712436023,-0.0109913662198995
2024-09-09,82,-0.00283847388364933,-0.0111294788296306
2024-09-09,83,0.000338645527007131,-0.00649356874910278
2024-09-09,84,0.00310172258763597,-0.00411363373375728
2024-09-09,85,0.00020855427783939,-0.00866476415949613
2024-09-09,86,-0.0264995860554658,-0.0342484633662288
2024-09-09,87,0.0018596098152317,0.00297309174166571
2024-09-09,88,-0.00936448734274897,-0.00743048612686792
2024-09-09,89,-0.0257061238264198,-0.0235031303203845
2024-09-09,90,-0.0197531044973998,-0.017706578742982
2024-09-09,91,-0.0175513125149518,-0.0167117441635591
2024-09-09,92,-0.0121471962479243,-0.0106870698347521
2024-09-09,93,-0.0352256240193514,-0.0349622729168981
2024-09-09,94,-0.028398049582913,-0.0293638063927801
2024-09-09,95,-0.0127816380452206,-0.0106657593767938
2024-09-09,96,-0.026804368177257,-0.0271570762196465
2024-09-09,97,-0.0166924547043976,-0.0170280133910268
2024-09-09,98,-0.0168928738316367,-0.0161023928520221
2024-09-09,99,-0.0221174287579133,-0.0213662910607724
2024-09-09,100,-0.0207621074589932,-0.0208115215361264
2024-09-09,101,-0.0317193155829294,-0.0330076853336152
2024-09-09,102,-0.0108825999688653,-0.00986273224934653
2024-09-09,103,-0.0120179428268816,-0.0121874192774625
2024-09-09,104,-0.0326664868526949,-0.0333041238534744
2024-09-09,105,0.00169498082976194,0.00258939257331559
2024-09-09,106,-0.0311036286994435,-0.0329763825887017
2024-09-09,107,-0.0172147993781762,-0.017127013814739
2024-09-09,108,-0.0043189980395173,-0.00311831097693993
2024-09-09,109,-0.0204063061617159,-0.0200138101401128
2024-09-09,110,-0.0206957375875856,-0.0216107555176661
2024-09-09,111,-0.0022199382965935,-0.00193732927972512
2024-09-09,112,-0.0183697871268844,-0.0188724101352227
2024-09-09,113,-0.00389986475605486,-0.00369117948579234
2024-09-09,114,-0.0144029696554782,-0.0145929522188446
2024-09-09,115,-0.00767570860114564,-0.00712631981399969
2024-09-09,116,-0.0239590789286526,-0.024645325710015
2024-09-09,117,0.00704423799670018,0.00788693878302382
2024-09-09,118,0.00200274142148782,0.00280980876571579
2024-09-09,119,-0.014540656255285,-0.0153680277415624
2024-09-09,120,-0.00857744199875565,-0.00947689902469229
2024-09-09,121,0.0018973023246307,0.00300292868245755
2024-09-09,122,0.0126181785699364,0.0140747214160148
2024-09-09,123,-0.00678150129555632,-0.00700141592727022
2024-09-09,124,0.00241659565854135,0.00210273509948067
2024-09-09,125,-0.00762965642215985,-0.00750415206282895
2024-09-09,126,0.0126304014121228,0.0138713149445557
2024-09-09,127,-0.0182877644652963,-0.0207905988126251
2024-09-09,128,0.0108444791389504,0.0120199358311393
2024-09-09,129,-0.00841358965765782,-0.0101837853324493
2024-09-09,130,0.0134088573413358,0.0132195644355555
2024-09-09,131,0.000223001031850245,-0.000773534479405313
2024-09-09,132,0.00637531656425327,0.00528552770742685
2024-09-09,133,0.00218686971266013,0.000737803861492026
2024-09-09,134,0.00627389931442845,0.00518024279335894
2024-09-09,135,0.00639575387101399,0.00609710913688577
2024-09-09,136,-0.00841461934018373,-0.0108649290538194
2024-09-09,137,0.0211133264931576,0.0215734367750287
2024-09-09,138,-0.00633395557313321,-0.00759520699880589
2024-09-09,139,0.018409551848305,0.0179442698695729
2024-09-09,140,0.00592853267570881,0.00367616330085418
2024-09-09,141,0.00659994597497171,0.00648570791461012
2024-09-09,142,0.0139626958046044,0.0125080007308558
2024-09-09,143,-0.0103504560258454,-0.0127006004933126
2024-09-09,144,0.0287789522042496,0.0271729731333101
2024-09-10,2,0.0255647576366362,0.0238430095348541
2024-09-10,3,0.0276512663735131,0.0250324929936809
2024-09-10,4,0.0346528783652049,0.0332900213035785
2024-09-10,5,0.0217931180747266,0.0195605785550006
2024-09-10,6,0.0386410653379317,0.0367842731396752
2024-09-10,7,0.0233065538658979,0.0210363421218274
2024-09-10,8,0.039582242094137,0.0371854487635535
2024-09-10,9,0.0243792202294744,0.0216384229501179
2024-09-10,10,0.0392341794575515,0.0359751309505736
2024-09-10,11,0.0386826267308997,0.0436533042199647
2024-09-10,12,0.0320848162824801,0.0405118340043131
2024-09-10,13,0.037136532437958,0.0456566689449973
2024-09-10,14,0.0458271905527496,0.0545664745897376
2024-09-10,15,0.0503273494509795,0.0592903291865925
2024-09-10,16,0.0421818933084959,0.0525524634314269
2024-09-10,17,0.0334725577927939,0.0427306267929994
2024-09-10,18,0.0585902237438249,0.0672225117055296
2024-09-10,19,0.038261867655522,0.048989015981153
2024-09-10,20,0.0593071970533465,0.0700758898099147
2024-09-10,21,0.0328761987949724,0.0429807800407911
2024-09-10,22,0.0318279111087909,0.0425186434044713
2024-09-10,23,0.0185767580300151,0.0301645336121723
2024-09-10,24,0.00776848627650484,0.019304907658471
2024-09-10,25,-0.018694573098923,-0.0063679706148152
2024-09-10,26,0.0113335748929568,0.0235676716323594
2024-09-10,27,0.0149284663260376,0.025286409622665
2024-09-10,28,0.0172665628701782,0.0279577495528214
2024-09-10,29,0.00828061613538011,0.0178773131371486
2024-09-10,30,0.00157129708447012,0.0110525622699571
2024-09-10,31,0.017040424816047,0.0263137273236049
2024-09-10,32,-0.00111821665825218,0.00709778235401348
2024-09-10,33,-0.00646191341518776,0.00195358189588646
2024-09-10,34,-0.0144948437005263,-0.00926077357701072
2024-09-10,35,-0.0293109682678763,-0.0222744036015428
2024-09-10,36,-0.0141891925973523,-0.00763465086661785
2024-09-10,37,-0.00603667472932568,-0.000889825611692707
2024-09-10,38,-0.0110728874850139,-0.00650410610820362
2024-09-10,39,-0.00721194237304523,-0.00318745032317036
2024-09-10,40,-0.0136355287511787,-0.0110980687458042
2024-09-10,41,-0.0400332832383983,-0.0387131043470621
2024-09-10,42,-0.00929942233990921,-0.00732090089994397
2024-09-10,43,-0.0204807020041198,-0.0188631043672762
2024-09-10,44,-0.0152131552449299,-0.0143884383246684
2024-09-10,45,-0.00722916049253364,-0.00454560562771267
2024-09-10,46,-0.0328789139756633,-0.0302039072284472
2024-09-10,47,-0.0403610005682999,-0.0366929305674564
2024-09-10,48,0.0126663702360066,0.0141424149199674
2024-09-10,49,0.0203889506646258,0.0177990864581066
2024-09-10,50,-0.0237737201126391,-0.0287457417068762
2024-09-10,51,-0.0142791903202655,-0.0183988399737887
2024-09-10,52,0.0141986898310051,0.0116474863045504
2024-09-10,53,-0.00101756040715006,-0.0050514072149701
2024-09-10,54,0.0092674758067437,0.00647740181236856
2024-09-10,55,0.00580874296396061,0.00241508674333435
2024-09-10,56,-0.00325568802754361,-0.00694431327780975
2024-09-10,57,0.0390905030958386,0.0351908216134458
2024-09-10,58,0.000857486685213793,-0.00408039019318185
2024-09-10,59,-0.00750299678241717,-0.010583458429239
2024-09-10,60,-0.0300347519982287,-0.0294494463885453
2024-09-10,61,0.0262404876762243,0.0247551251524047
2024-09-10,62,-0.0817618799346223,-0.08032805415331
2024-09-10,63,-0.052875528690369,-0.0505129874653596
2024-09-10,64,0.0563019476461974,0.0523756738181582
2024-09-10,65,0.009647160013591,0.00327681424792381
2024-09-10,66,0.00213826923908655,-0.00261713112570572
2024-09-10,67,-0.0585620783219696,-0.0622546900858651
2024-09-10,68,-0.0212688953739937,-0.0243376868043752
2024-09-10,69,-0.0201792009896202,-0.0253414780963643
2024-09-10,70,-0.00916231283305269,-0.0161571090559196
2024-09-10,71,-0.0100446052333583,-0.0144156648587304
2024-09-10,72,-0.03968415939074,-0.047007402408962
2024-09-10,73,-0.0335851945381798,-0.0395615430021214
2024-09-10,74,-0.0150218986806188,-0.020777783948013
2024-09-10,75,-0.0174582816547799,-0.0242741649085527
2024-09-10,76,-0.00257008451604257,-0.00807139577245586
2024-09-10,77,-0.0368817626569431,-0.0449742339044841
2024-09-10,78,-0.00810958070220469,-0.0147924239358641
2024-09-10,79,-0.0110833656427696,-0.0173034651619188
2024-09-10,80,0.00576214548214171,-0.000701642801073099
2024-09-10,81,0.00418298157079278,-0.00438785314911705
2024-09-10,82,0.00193562648732026,-0.00616943058951058
2024-09-10,83,-0.0120007898219834,-0.0220707912541478
2024-09-10,84,-0.0139546969532933,-0.0233876703397708
2024-09-10,85,-0.00660523362311061,-0.0157734319760277
2024-09-10,86,-0.00183525629155445,-0.00952080536900102
2024-09-10,87,-0.0198266214122365,-0.0195941017040484
2024-09-10,88,-0.0242046187579792,-0.0225371003053372
2024-09-10,89,-0.0270219867987631,-0.0259477334222811
2024-09-10,90,-0.0314110014064632,-0.03108713321696
2024-09-10,91,-0.018230888840864,-0.0168422864209679
2024-09-10,92,-0.0308513584106982,-0.0298321394425107
2024-09-10,93,-0.0187303005853234,-0.0177518504421577
2024-09-10,94,-0.0231732834988758,-0.0207984672183557
2024-09-10,95,-0.0217264079587243,-0.0197612344201792
2024-09-10,96,-0.0333132916564751,-0.0324281845873586
2024-09-10,97,-0.0277532242790262,-0.0265607365531988
2024-09-10,98,-0.0191491703882911,-0.0190123832601503
2024-09-10,99,-0.0301817638799644,-0.0294588821535573
2024-09-10,100,-0.0140082521056972,-0.01220971398185
2024-09-10,101,-0.0225726078065152,-0.0208882722466726
2024-09-10,102,-0.0237066427782442,-0.0227262659686143
2024-09-10,103,-0.0127748809835317,-0.011143233484654
2024-09-10,104,-0.0245058743707203,-0.0236606506604717
2024-09-10,105,-0.00703553925732958,-0.00553293848731773
2024-09-10,106,-0.0187349228767042,-0.0180151688854826
2024-09-10,107,-0.02246353245134,-0.0210562758098085
2024-09-10,108,-0.00353155868949617,-0.00149718702324542
2024-09-10,109,-0.0100384258985606,-0.00908810876724964
2024-09-10,110,-0.00839709604520955,-0.00783481044913703
2024-09-10,111,-0.0167541396353847,-0.0162652383063291
2024-09-10,112,-0.00500942897404677,-0.00385905397518638
2024-09-10,113,-0.00711485673410905,-0.00638918668145738
2024-09-10,114,-0.00247756627404261,-0.00145248489167571
2024-09-10,115,-0.0163316564424472,-0.016032905053633
2024-09-10,116,-0.00856507096009906,-0.00837286010450189
2024-09-10,117,0.00171737353892176,0.0022567431198528
2024-09-10,118,0.00604514281187107,0.0065406645380115
2024-09-10,119,-0.0117613858104013,-0.0127802131014123
2024-09-10,120,-0.011295947495686,-0.0112569255056103
2024-09-10,121,0.0161029859639541,0.0175737537876151
2024-09-10,122,-0.0276127541980529,-0.0298758298443209
2024-09-10,123,0.0131720282004721,0.0137975929579293
2024-09-10,124,0.0019274527140043,-0.000796855940284225
2024-09-10,125,-0.0241129107239217,-0.025717205377398
2024-09-10,126,0.00619742646551735,0.00635187872355747
2024-09-10,127,-0.00238015545283687,-0.002996837342784
2024-09-10,128,-0.0031874179996727,-0.00389657383938591
2024-09-10,129,0.0104634677484574,0.00903289859178535
2024-09-10,130,0.00208270998288373,0.00134446505124775
2024-09-10,131,-0.0154413105702025,-0.017392104539768
2024-09-10,132,0.0101832810399696,0.0101012271350847
2024-09-10,133,-0.000731380814620763,-0.00313919421509912
2024-09-10,134,-0.00252128251737105,-0.00420316412910715
2024-09-10,135,-9.8526086103945e-05,-0.00145827651940689
2024-09-10,136,-0.0029368147503881,-0.00548051833922614
2024-09-10,137,-0.000983933911221868,-0.00315359223138945
2024-09-10,138,-0.00100323479865949,-0.00286837584633304
2024-09-10,139,0.0039683018383414,0.00205602559773066
2024-09-10,140,0.00472271860303497,0.0019833894185588
2024-09-10,141,-0.00882098550304544,-0.0115026852443245
2024-09-10,142,8.9296297442587e-05,-0.00306999882693049
2024-09-10,143,0.00955426396568271,0.00679965029744878
2024-09-10,144,0.00080619155991446,-0.00190610068490393
2024-09-11,2,0.0250505175351412,0.022399617518901
2024-09-11,3,0.0281777609506086,0.0261208389926146
2024-09-11,4,0.0157139309008043,0.012476990350228
2024-09-11,5,0.0165572045937141,0.0133479285551346
2024-09-11,6,0.0156132661006163,0.0123446182313511
2024-09-11,7,0.0150981746775951,0.0132101890244192
2024-09-11,8,0.0358026512395035,0.0329096371411861
2024-09-11,9,0.0274833057671211,0.02405508225453
2024-09-11,10,0.0130241750738245,0.0105427114083909
2024-09-11,11,0.0328022580952316,0.0345145860512961
2024-09-11,12,0.016350340420721,0.0202110864286782
2024-09-11,13,0.0349906850836019,0.0404410571407565
2024-09-11,14,0.0316533610082059,0.0371180442165295
2024-09-11,15,0.0346984718112031,0.0400421847451256
2024-09-11,16,0.0148108321425102,0.0203515639800917
2024-09-11,17,0.0384929693760858,0.0457299603239862
2024-09-11,18,0.0174274335599218,0.0237799872944651
2024-09-11,19,0.0221857490364066,0.0294191468709268
2024-09-11,20,0.00157121024778117,0.00895559818588776
2024-09-11,21,0.000928928723682887,0.00966220154294817
2024-09-11,22,-0.0171665637977876,-0.00963025230648551
2024-09-11,23,-0.0182513960373951,-0.0096550425741091
2024-09-11,24,-0.018795468097176,-0.00932924065085672
2024-09-11,25,0.00691215476023732,0.0155230235333255
2024-09-11,26,0.0385288080092243,0.0484696953469088
2024-09-11,27,-0.000353595191762146,0.0084385806991456
2024-09-11,28,0.0384635724679567,0.0479611517593295
2024-09-11,29,0.037393035278166,0.0467985685553849
2024-09-11,30,0.00529484430192628,0.0155079606524291
2024-09-11,31,0.0869768854125468,0.0955247950761677
2024-09-11,32,0.0577404583015078,0.0631418451038623
2024-09-11,33,0.0331709451934747,0.0366438520470265
2024-09-11,34,0.0687154946623032,0.0709232637576651
2024-09-11,35,0.0487124659102349,0.0504534106721843
2024-09-11,36,0.0554948246185329,0.0577808977083567
2024-09-11,37,0.0553697362739216,0.0557767578177017
2024-09-11,38,0.00650504263919771,0.00617098975950814
2024-09-11,39,0.0536382813686966,0.0573601650685349
2024-09-11,40,-0.0177811342529015,-0.0154562861295382
2024-09-11,41,-0.0113528131499807,-0.00450479852953656
2024-09-11,42,-0.0140674234427491,-0.00758234123884627
2024-09-11,43,0.0148196349253276,0.0220764781443332
2024-09-11,44,0.0637384724379331,0.0660028741687801
2024-09-11,45,0.032789443882252,0.03689757518889
2024-09-11,46,-0.00269915512520935,-0.000769730806516655
2024-09-11,47,0.0158825521735366,0.0214101897243006
2024-09-11,48,-0.013258633463729,-0.00831016623519965
2024-09-11,49,-0.0178639577298041,-0.0115715333928899
2024-09-11,50,-0.0143469185822465,-0.00822369449232419
2024-09-11,51,0.0254575264994692,0.0303794525321708
2024-09-11,52,0.0135024699441457,0.0161889165374047
2024-09-11,53,0.00454775396531737,0.00814759689461919
2024-09-11,54,0.020335945872068,0.0210092311014467
2024-09-11,55,-0.0249828157349317,-0.0221018401533968
2024-09-11,56,-0.0482795233982785,-0.0454813775914742
2024-09-11,57,-0.0507465045878046,-0.0477906656485283
2024-09-11,58,-0.0315508227334744,-0.028595971111069
2024-09-11,59,0.0014745763973476,0.00380371791426981
2024-09-11,60,0.156769688191447,0.152135650609813
2024-09-11,61,0.128322820445594,0.119299653465183
2024-09-11,62,0.0456536489323272,0.0352049256933853
2024-09-11,63,0.03241441846738,0.0222918464044843
2024-09-11,64,-0.00594522835591249,-0.00997481991604943
2024-09-11,65,0.0824027446014508,0.0792266984810865
2024-09-11,66,0.0262517122931003,0.0213900311343886
2024-09-11,67,0.0166869109554622,0.0119111204845845
2024-09-11,68,-0.0159424365271672,-0.0217443848234833
2024-09-11,69,-0.117826177987125,-0.122816215119483
2024-09-11,70,-0.116125461850133,-0.116927680637386
2024-09-11,71,-0.133318515804887,-0.133301009350777
2024-09-11,72,-0.119332282765549,-0.118761004377184
2024-09-11,73,-0.110283663454188,-0.109712194821245
2024-09-11,74,-0.0852430076338679,-0.0847704576291051
2024-09-11,75,-0.0921774323177242,-0.0898013852420387
2024-09-11,76,-0.0750554683040976,-0.0732966495825629
2024-09-11,77,-0.0824924971649343,-0.0811691311119942
2024-09-11,78,-0.0683765311691777,-0.0673880459462146
2024-09-11,79,-0.0740938382236327,-0.0746278180362023
2024-09-11,80,-0.0626606952461852,-0.0634786385029775
2024-09-11,81,-0.0599808850791144,-0.0614787367959515
2024-09-11,82,-0.0365112380088743,-0.0383954543573681
2024-09-11,83,-0.0372857206835313,-0.0406884778876679
2024-09-11,84,-0.0221829032577081,-0.0257816457879976
2024-09-11,85,-0.0151372193066188,-0.0206425185521164
2024-09-11,86,-0.0195002301162415,-0.0238171855356515
2024-09-11,87,-0.00808728083128596,-0.00676747670600308
2024-09-11,88,-0.0230625418894839,-0.02263618731142
2024-09-11,89,-0.019393134367665,-0.0176866926409049
2024-09-11,90,-0.0331844052229786,-0.0335725638916777
2024-09-11,91,-0.0105813883214139,-0.00897416075234192
2024-09-11,92,-0.0179859007813996,-0.0161467835659983
2024-09-11,93,-0.0214435637290702,-0.0211091552987921
2024-09-11,94,-0.0165866506094767,-0.0153602451878858
2024-09-11,95,-0.00886875412509092,-0.00736528321349894
2024-09-11,96,-0.0230971552094736,-0.0231965464580792
2024-09-11,97,-0.0188556218380556,-0.0177256509205117
2024-09-11,98,-0.0157313323280404,-0.0143221592071772
2024-09-11,99,-0.00114669620465024,0.000540815885425427
2024-09-11,100,-0.0137903911396959,-0.0131651058357782
2024-09-11,101,-0.0172054547937144,-0.0169430983778067
2024-09-11,102,-0.010289887011492,-0.00915129236342604
2024-09-11,103,-0.0129592642002452,-0.0127752741182707
2024-09-11,104,0.00267243171959564,0.00373034430233687
2024-09-11,105,-0.00792845692061839,-0.00674321476806838
2024-09-11,106,-0.0120550678056217,-0.0109036331384305
2024-09-11,107,0.0039870785364009,0.00419885064026104
2024-09-11,108,-0.00487027104946147,-0.00390920065087563
2024-09-11,109,-0.00282860560214093,-0.00191546929047881
2024-09-11,110,0.00826673477061224,0.00943280299305727
2024-09-11,111,-0.00204995652857676,-0.00253364265068967
2024-09-11,112,-0.0206290005322911,-0.0205279580734574
2024-09-11,113,0.0059400946902235,0.00638085420711931
2024-09-11,114,-0.00263224858248989,-0.00354970060451976
2024-09-11,115,-0.0088050723839963,-0.00944574260760334
2024-09-11,116,-0.0152477561223963,-0.0159313939867429
2024-09-11,117,0.00656940559377972,0.00654431638909614
2024-09-11,118,-0.00357693568298156,-0.00431470898517983
2024-09-11,119,-0.00407503681412802,-0.00391919017429032
2024-09-11,120,0.00308494748043486,0.00255058306678091
2024-09-11,121,0.004544663938856,0.00491830064285548
2024-09-11,122,-0.00149656369056839,-0.00149306947840344
2024-09-11,123,-0.00920618095218462,-0.00988641919477296
2024-09-11,124,-0.0130792042466954,-0.0140705145507658
2024-09-11,125,0.0142358808099079,0.0145284849880829
2024-09-11,126,-0.00199902149229114,-0.0028091455534982
2024-09-11,127,-0.00623454170626658,-0.00776038932817791
2024-09-11,128,0.00460119727820363,0.00505688271644189
2024-09-11,129,-0.00285183043579451,-0.00377865814124334
2024-09-11,130,-0.00529429583619212,-0.00592289234023102
2024-09-11,131,0.0185514578425394,0.0182608700021314
2024-09-11,132,0.0130052541618086,0.0134631178780253
2024-09-11,133,0.00155666665132692,0.000292416860806277
2024-09-11,134,-0.00172493656724271,-0.00273904353615606
2024-09-11,135,0.0110909777340149,0.0104461590920355
2024-09-11,136,-0.0022740431147783,-0.00234575485305566
2024-09-11,137,0.0175520728876268,0.0168600247666086
2024-09-11,138,-0.00355961346644573,-0.00477475035093189
2024-09-11,139,0.00769545507739,0.00582446297062056
2024-09-11,140,0.00406349150735608,0.00212662636351357
2024-09-11,141,0.00855630654761175,0.00753609764079144
2024-09-11,142,0.0169461598431138,0.015868572828925
2024-09-11,143,0.00402107624653425,0.00355748938857392
2024-09-11,144,0.00595950394915068,0.00411000797433658
2024-09-12,2,-0.00203488183945488,-0.00177284430681013
2024-09-12,3,-0.0343215498706968,-0.03512263488836
2024-09-12,4,-0.0149393781511833,-0.0138456510382268
2024-09-12,5,-0.0227057140595797,-0.0233403194384056
2024-09-12,6,-0.0204425024084438,-0.0203109519010329
2024-09-12,7,-0.0127290902283885,-0.0134667321156661
2024-09-12,8,-0.0179930136338422,-0.0181461640416867
2024-09-12,9,-0.0284516729736177,-0.0299326168437632
2024-09-12,10,0.00643084569522578,0.00693419848308707
2024-09-12,11,-0.0409071641513687,-0.038872894911437
2024-09-12,12,-6.90152894478047e-05,0.00761070690912913
2024-09-12,13,-0.0135256973040638,-0.00711052840453785
2024-09-12,14,3.66405782674661e-05,0.00760782925202097
2024-09-12,15,-0.004870213329637,0.000999211820923662
2024-09-12,16,-0.0080716709122699,-0.0021479325866105
2024-09-12,17,0.0348982763142001,0.0421031794233349
2024-09-12,18,0.00452312419519707,0.0100200454986314
2024-09-12,19,0.00586728101384182,0.011449607779408
2024-09-12,20,0.030257463568427,0.0369858872804256
2024-09-12,21,0.0361616369059181,0.040915453620368
2024-09-12,22,0.035363239324111,0.0409664940525918
2024-09-12,23,0.0520294054452792,0.0589423809034804
2024-09-12,24,0.0103097377371846,0.0147049582689522
2024-09-12,25,0.0393765037167206,0.0469895099809827
2024-09-12,26,0.00352855402783359,0.00945364036102703
2024-09-12,27,-0.0343772819898627,-0.029253060346587
2024-09-12,28,0.00247525080460509,0.00697787042705134
2024-09-12,29,0.0060454708757316,0.00997097735902486
2024-09-12,30,-0.0363071015603227,-0.0296634987151654
2024-09-12,31,-0.0363304065548196,-0.031181348174945
2024-09-12,32,-0.00896994202451573,-0.00343572857308239
2024-09-12,33,-0.0821255286609537,-0.0786611163291511
2024-09-12,34,-0.0238128680501291,-0.0192722322425007
2024-09-12,35,0.00632470071000046,0.00782913065230595
2024-09-12,36,0.0205361580105681,0.0232224129429772
2024-09-12,37,-0.0382556282416262,-0.0368027415576213
2024-09-12,38,-0.0565367394808698,-0.0534897777320698
2024-09-12,39,0.00728098111682662,0.0101030111498694
2024-09-12,40,0.0166098492855911,0.01665930149563
2024-09-12,41,0.0471203965787899,0.0454000883850965
2024-09-12,42,0.000150150371839075,0.00162954002440685
2024-09-12,43,-0.00485211134536279,-0.0011808165101419
2024-09-12,44,0.00458273619664418,0.00397827423881658
2024-09-12,45,0.00327087233814183,0.00301246391813947
2024-09-12,46,-0.0152211531273458,-0.0151360009079804
2024-09-12,47,0.0125556462743255,0.0116731718700214
2024-09-12,48,0.0374122881594836,0.0350371091816886
2024-09-12,49,0.0529679380504051,0.0471570617167636
2024-09-12,50,-0.0327340508875134,-0.0345312504961806
2024-09-12,51,-0.019392667254186,-0.0210323479848835
2024-09-12,52,-0.0155365484252963,-0.0165563089820742
2024-09-12,53,-0.00609324588201954,-0.00766255800151949
2024-09-12,54,0.0190207149750314,0.0186312718648178
2024-09-12,55,-0.0756496946841603,-0.0792072631306704
2024-09-12,56,-0.0445470332718889,-0.0480648437586702
2024-09-12,57,-0.0785613083399799,-0.079838187431303
2024-09-12,58,-0.112823730801877,-0.114406377194132
2024-09-12,59,-0.0818347337101164,-0.0830851266840877
2024-09-12,60,0.0295598138994402,0.0238238842022138
2024-09-12,61,-0.00570155839062103,-0.0113638301458119
2024-09-12,62,-0.0590378840725583,-0.0627749675731399
2024-09-12,63,-0.0361762478677949,-0.0401048225281819
2024-09-12,64,-0.0515749381394333,-0.055799788285535
2024-09-12,65,0.0486399881670723,0.0431727403277096
2024-09-12,66,0.0030253309069348,-0.00214184903366643
2024-09-12,67,-0.00494768078644636,-0.00928589406172176
2024-09-12,68,0.0152212559885445,0.0116994441578182
2024-09-12,69,0.0320272894920661,0.0271166846114133
2024-09-12,70,0.0481279578003493,0.0451506152188514
2024-09-12,71,0.0545417929645211,0.0505512008900162
2024-09-12,72,0.0950648089286599,0.0902682482858346
2024-09-12,73,0.047544723605407,0.0449982198000445
2024-09-12,74,0.0018847649373912,0.000498739468999254
2024-09-12,75,0.0137306492222464,0.0098095047067801
2024-09-12,76,0.0482568930599561,0.0467000570223828
2024-09-12,77,0.0268096910179167,0.0220600727422875
2024-09-12,78,0.000619365575992958,-0.00156112019042798
2024-09-12,79,-0.000404278273700598,-0.00540296426988895
2024-09-12,80,-0.00148436279537201,-0.00691073694845112
2024-09-12,81,-0.0103891119662887,-0.0156006215993942
2024-09-12,82,0.0155818506611363,0.012115431383295
2024-09-12,83,-0.0134218760861868,-0.018757130429508
2024-09-12,84,-0.00819511568412512,-0.0138170280878978
2024-09-12,85,-0.0153003445243076,-0.0217266604447044
2024-09-12,86,0.00538882729039081,0.0047525838134943
2024-09-12,87,-0.024105366964327,-0.0211540104927535
2024-09-12,88,0.00350922190699254,0.00668840165987206
2024-09-12,89,-0.0203683979681193,-0.0191838573265324
2024-09-12,90,0.00878225620082151,0.0117676451171871
2024-09-12,91,-0.0125095141080278,-0.0109340886411777
2024-09-12,92,0.0106369537777136,0.0127510281120147
2024-09-12,93,-0.00779964631526298,-0.006106901050833
2024-09-12,94,-0.0148707564817103,-0.0150580505488964
2024-09-12,95,0.001532264337893,0.00241312710833075
2024-09-12,96,-0.00483258885440474,-0.00391079153593576
2024-09-12,97,-0.00838842117367911,-0.00885139515883626
2024-09-12,98,-0.00863906409305581,-0.00829600270348241
2024-09-12,99,0.00331703077843493,0.00355465153548895
2024-09-12,100,-0.0115776332202442,-0.0116759450947725
2024-09-12,101,0.0025234336147637,0.00270607535132683
2024-09-12,102,-0.00899311738308839,-0.00876254847414426
2024-09-12,103,0.00514294995617881,0.0048545096746162
2024-09-12,104,-0.00496490522638737,-0.00475365415462115
2024-09-12,105,-0.00265559521339753,-0.00248002100165934
2024-09-12,106,0.000329053900054888,0.000425431513801477
2024-09-12,107,-0.00110233804814008,-0.000969570303270828
2024-09-12,108,0.00083077884956051,-0.000864281443757164
2024-09-12,109,0.00154957479054829,0.00215289520067685
2024-09-12,110,0.00848610494336555,0.00903287010463583
2024-09-12,111,-0.000294941948246752,-0.0005159727899402
2024-09-12,112,-0.00347697929178992,-0.00460332854380052
2024-09-12,113,0.0023365499244985,0.00335046440047204
2024-09-12,114,0.00795177896035959,0.00669871688890655
2024-09-12,115,-0.00703348847752405,-0.00767944014515187
2024-09-12,116,0.0147762229214914,0.0156823493602571
2024-09-12,117,-0.00916959649733773,-0.0102787971066114
2024-09-12,118,0.00572222551942048,0.00486969519485658
2024-09-12,119,0.00369278815334528,0.00333939023934526
2024-09-12,120,0.000164308951118741,-0.00233457535239534
2024-09-12,121,0.00780626642100923,0.00800398333487085
2024-09-12,122,0.0103021981991605,0.0105076629348249
2024-09-12,123,0.0111303999573593,0.0104317781851835
2024-09-12,124,-0.00931125037983804,-0.00988764990629765
2024-09-12,125,0.00870451882915457,0.00790972170507676
2024-09-12,126,0.00118039969181094,0.0013342402422829
2024-09-12,127,0.00722651239128513,0.00503133488528285
2024-09-12,128,0.00561815973212276,0.00623978209361375
2024-09-12,129,0.00305306502126967,0.00132359728241127
2024-09-12,130,0.0117473015528011,0.0109696493939335
2024-09-12,131,0.00182959125031346,0.00159657378174938
2024-09-12,132,0.000572028525829715,-0.000700936725342771
2024-09-12,133,0.0122403215012303,0.0117861949693827
2024-09-12,134,0.00137632598353221,0.000157154913713597
2024-09-12,135,0.0235702020531976,0.0236002739824146
2024-09-12,136,0.00603022070372106,0.00487674842778585
2024-09-12,137,0.000970403493675498,-0.000205908852651149
2024-09-12,138,0.00641577203112309,0.00562106082698133
2024-09-12,139,0.0159570863833132,0.0164736047681027
2024-09-12,140,0.0105023631614189,0.00926646362632244
2024-09-12,141,-0.00307896222395776,-0.0047935536205097
2024-09-12,142,0.0207660409487094,0.0194544872699272
2024-09-12,143,0.00349452228481084,0.00277847637665563
2024-09-12,144,0.0106293142417835,0.00932760758472639
2024-09-13,2,0.00756767219987875,0.00487528988990782
2024-09-13,3,0.00265619214438573,-0.000242556597153332
2024-09-13,4,0.00365524289765506,0.00221337692786694
2024-09-13,5,-0.00832459588783419,-0.0126076308665395
2024-09-13,6,-0.00644297739684774,-0.00975618686985502
2024-09-13,7,-0.00344297739684762,-0.00729032069597046
2024-09-13,8,-0.000196848683919448,-0.00160763086653848
2024-09-13,9,-0.00794759666834022,-0.0113998831436302
2024-09-13,10,0.0108684525407972,0.00789256406693362
2024-09-13,11,-0.00512313764686123,-0.00381741579186645
2024-09-13,12,-0.00844137005918455,-0.0021718559733257
2024-09-13,13,-0.0180126290352458,-0.012577290797962
2024-09-13,14,0.0190730887074491,0.0251261506404408
2024-09-13,15,-0.00709412750907479,-0.00158095474712638
2024-09-13,16,0.0289029058962331,0.0364095249748679
2024-09-13,17,0.0147400617978235,0.0199030761674113
2024-09-13,18,0.0271111085685147,0.0350648712833221
2024-09-13,19,0.00520121278669361,0.0116445465756954
2024-09-13,20,0.00241248805693761,0.0105063361669
2024-09-13,21,0.00825813954936017,0.0158508899166012
2024-09-13,22,-0.00855109358548756,-0.00124933343534916
2024-09-13,23,0.0238354359719599,0.03053309789395
2024-09-13,24,-0.00674838307581194,1.18479516375558e-05
2024-09-13,25,-0.00772714741340153,-0.00195305780834065
2024-09-13,26,0.0146129328315396,0.0193912972991201
2024-09-13,27,-0.00473629915664286,0.00315721019530457
2024-09-13,28,0.00365082529336025,0.00832339830530859
2024-09-13,29,0.000808459997063693,0.00371663067636696
2024-09-13,30,0.0393388925261711,0.0408155721182402
2024-09-13,31,0.0057206795898912,0.00602974297333159
2024-09-13,32,-0.00485473855160556,-0.00428596093576772
2024-09-13,33,-0.0177051820916487,-0.0159883864508474
2024-09-13,34,-0.0225306524797269,-0.0178411522953486
2024-09-13,35,-0.0224307284876373,-0.0198333899540204
2024-09-13,36,-0.022275024147981,-0.0190477391924642
2024-09-13,37,0.0148435926116903,0.0176805280251076
2024-09-13,38,0.00863441156408129,0.00907156434452894
2024-09-13,39,-0.0222318494903142,-0.0220866967582705
2024-09-13,40,-0.0272714323207444,-0.0274521208133782
2024-09-13,41,-0.0138700281129189,-0.0145662809191993
2024-09-13,42,-0.0222414135195059,-0.0226415247951204
2024-09-13,43,-0.0244586947418401,-0.0272654880810572
2024-09-13,44,0.00692121615550167,0.000607303121377356
2024-09-13,45,0.0776841546060227,0.068750377384017
2024-09-13,46,-0.0966676091650482,-0.101136344616583
2024-09-13,47,-0.0565249331224829,-0.0591658677337543
2024-09-13,48,-0.0189379525571773,-0.0194755140384055
2024-09-13,49,-0.0102716433437751,-0.00976228875670593
2024-09-13,50,-0.025014088891175,-0.0275074154945241
2024-09-13,51,0.0182572745164817,0.0182957939565078
2024-09-13,52,-0.0377836743158424,-0.034752301915983
2024-09-13,53,-0.0221548806552443,-0.0201207636479506
2024-09-13,54,-0.00156312552799154,-0.00168193668492211
2024-09-13,55,-0.0317509970474292,-0.0286232118365124
2024-09-13,56,0.075427107151306,0.0730924964040547
2024-09-13,57,0.0110540111039743,0.00728462516930328
2024-09-13,58,0.0116432932980057,0.00972856524043753
2024-09-13,59,-0.0366440573700579,-0.0372699054537664
2024-09-13,60,0.0077685850493987,0.00635440629886386
2024-09-13,61,0.0289153820714381,0.0312128840542716
2024-09-13,62,0.0112170444793698,0.0119685119090684
2024-09-13,63,0.0330978168453351,0.0304402519743023
2024-09-13,64,-0.0129109985136928,-0.0178683160896433
2024-09-13,65,-0.0115151311236588,-0.0162553522880344
2024-09-13,66,0.00924748761862393,0.00299281334308077
2024-09-13,67,-0.00691991015307458,-0.0157241087244442
2024-09-13,68,0.016741937434662,0.013330392165618
2024-09-13,69,-0.00302753571295256,-0.00915361248318725
2024-09-13,70,0.0587464938429525,0.0526059087070019
2024-09-13,71,0.0359436292390907,0.0334725878779922
2024-09-13,72,0.00144356392200162,-0.000762660732195997
2024-09-13,73,0.00918754556680668,0.00811787847757639
2024-09-13,74,-0.0123240511341676,-0.0125710736874174
2024-09-13,75,-0.0120882845940988,-0.00968617159133256
2024-09-13,76,-0.0214865099254311,-0.021104421140878
2024-09-13,77,-0.00789080490957694,-0.00756446128928268
2024-09-13,78,-0.0128587364966872,-0.0157190631764257
2024-09-13,79,0.0128889469381415,0.00899613367160423
2024-09-13,80,0.00402457352521246,-0.00152720415098351
2024-09-13,81,0.00455381823424528,-0.00022543423686372
2024-09-13,82,0.0106845042694337,0.00670520892474524
2024-09-13,83,0.0152440704477446,0.0119564016199201
2024-09-13,84,0.00724423840459565,0.00109924115573978
2024-09-13,85,0.0099342082033278,0.00583326851663912
2024-09-13,86,-0.00773940422730757,-0.00799432059846517
2024-09-13,87,0.00745674152312592,0.0135119257719705
2024-09-13,88,-0.0156541955394998,-0.0118675427596173
2024-09-13,89,-0.0128051017948838,-0.00790253834458543
2024-09-13,90,-0.0121603594883064,-0.00828601306438159
2024-09-13,91,-0.0215232568453549,-0.017216236930488
2024-09-13,92,-0.0106906626796945,-0.00783712198611131
2024-09-13,93,-0.0137432215403059,-0.0102170027194637
2024-09-13,94,-0.00380615468379997,-0.00059387857652915
2024-09-13,95,-0.0250922076614888,-0.023711221466681
2024-09-13,96,-0.011759709366137,-0.0107020528126487
2024-09-13,97,-0.0069446277887204,-0.00544903485725001
2024-09-13,98,-0.0220783067078196,-0.0214985632259461
2024-09-13,99,-0.0186525954138368,-0.0178259660552449
2024-09-13,100,-0.00670110414454417,-0.00516848310679041
2024-09-13,101,-0.013230732792203,-0.0129689666272172
2024-09-13,102,-0.00219939027676652,-0.000652539669854235
2024-09-13,103,-0.0165015059220597,-0.015818951926887
2024-09-13,104,-0.00417626424804673,-0.00321639429471965
2024-09-13,105,-0.00460229773187049,-0.0026585567514763
2024-09-13,106,0.00227853534246947,0.00459165758256219
2024-09-13,107,0.00357876074243713,0.00503270806325329
2024-09-13,108,-0.00483897229724661,-0.00287629309788162
2024-09-13,109,-0.00950840078596471,-0.00770953217670378
2024-09-13,110,0.00633520295151246,0.00749827168701689
2024-09-13,111,-0.00611166079687031,-0.00479552036245767
2024-09-13,112,0.00612729980784987,0.00724419962332856
2024-09-13,113,0.0117590922859119,0.0134128316454696
2024-09-13,114,-0.00793395987639656,-0.00701372960232671
2024-09-13,115,0.0170531635987334,0.0199858171813396
2024-09-13,116,-0.0109782235459051,-0.0116304120025159
2024-09-13,117,0.0163108245698478,0.0187006014364766
2024-09-13,118,-0.00831284868011739,-0.00901212403307294
2024-09-13,119,0.00573047522312464,0.00571219758164521
2024-09-13,120,0.0152837856364405,0.0172138409480276
2024-09-13,121,-0.00734826853122605,-0.00908245290815568
2024-09-13,122,0.00169605101455428,0.0021615635683867
2024-09-13,123,0.00118094866790486,0.000662537095653448
2024-09-13,124,0.0139423263469229,0.0128918955169022
2024-09-13,125,-0.00817870583744806,-0.00861939909073506
2024-09-13,126,0.00120589377096536,-0.000371524650910615
2024-09-13,127,0.00357533354399386,0.00437014079707776
2024-09-13,128,-0.00179538563984138,-0.00356836376001191
2024-09-13,129,0.0113505112661176,0.0115062581366532
2024-09-13,130,0.0106620295924067,0.00984095191740053
2024-09-13,131,0.00374741669500267,0.00253110945649659
2024-09-13,132,0.00447564188048055,0.00364998314586362
2024-09-13,133,-0.00566992753756512,-0.00849378190279371
2024-09-13,134,0.00619660424495372,0.00575111171283638
2024-09-13,135,0.00364221271087484,0.000661079386802044
2024-09-13,136,0.00857165326273712,0.00714646541820496
2024-09-13,137,-0.00754569912831737,-0.0108726457073063
2024-09-13,138,0.0139623501694768,0.0129288591322538
2024-09-13,139,-0.00637694058686211,-0.00927635356725798
2024-09-13,140,0.00432904058932948,0.0022158143963189
2024-09-13,141,0.00214379701072964,-0.000423446082995049
2024-09-13,142,0.0184107998303507,0.0167544419077821
2024-09-13,143,0.00307359362329507,0.000703901423153575
2024-09-13,144,0.00641151884133073,0.00441166836408424
2024-09-14,2,0.0332435472668537,0.0313550973078325
2024-09-14,3,0.00987985788172807,0.00616541569219464
2024-09-14,4,0.0110194027032939,0.00910312391124002
2024-09-14,5,0.0333880067280585,0.0308006106142331
2024-09-14,6,0.00245832063078666,-0.00190199078567144
2024-09-14,7,0.0273944611653816,0.0248545824936448
2024-09-14,8,0.0195934046288206,0.0165699021105992
2024-09-14,9,0.0198063574844767,0.0167464547883949
2024-09-14,10,0.0320267325085233,0.0299195827816234
2024-09-14,11,0.00767461482029663,0.00475332093298508
2024-09-14,12,0.0123838517234871,0.0201297901407633
2024-09-14,13,0.0411300630572988,0.0501232343360831
2024-09-14,14,0.0256000592452388,0.0329524365034279
2024-09-14,15,0.0192934266916867,0.0260937772228402
2024-09-14,16,0.0205037137083535,0.0285342261529395
2024-09-14,17,0.0314323906938174,0.0403862720158852
2024-09-14,18,0.0281747506815853,0.0356948003103952
2024-09-14,19,0.019822619464116,0.027500823626025
2024-09-14,20,0.0379780122047757,0.0460755939661279
2024-09-14,21,0.0283983305019184,0.0358004714632507
2024-09-14,22,0.0138335448060687,0.0204647272188785
2024-09-14,23,0.00702359252998086,0.0152503458937066
2024-09-14,24,0.0341745221260625,0.045765891874507
2024-09-14,25,-0.00510749086650009,0.000740659027973933
2024-09-14,26,0.0169687585827907,0.0240969449227055
2024-09-14,27,0.0155583251827487,0.0196292992678879
2024-09-14,28,-0.0163130112848027,-0.013072895722984
2024-09-14,29,0.00682087548935151,0.0120534133883243
2024-09-14,30,0.00521846893717015,0.0109564898914929
2024-09-14,31,-0.0334422671911208,-0.029850450358107
2024-09-14,32,-0.0262575116322541,-0.0229043919820002
2024-09-14,33,-0.00134032582338861,0.00158798558805273
2024-09-14,34,-0.013925121076614,-0.0137774903614405
2024-09-14,35,-0.0314205947355344,-0.0298267356210351
2024-09-14,36,-0.0104856238282585,-0.00632299054186003
2024-09-14,37,-0.00874336951993193,-0.00611184825481104
2024-09-14,38,-0.0108538683277191,-0.0112662233028642
2024-09-14,39,-0.0161537740973925,-0.0135565911101407
2024-09-14,40,-0.0155007085685863,-0.0162521432813287
2024-09-14,41,-0.00970262584775483,-0.00607337785158002
2024-09-14,42,-0.0768549892262929,-0.0728652118061914
2024-09-14,43,0.03336461897144,0.0362964144440392
2024-09-14,44,-0.0139344851887815,-0.0128456456579249
2024-09-14,45,0.043717068416445,0.0434866620575534
2024-09-14,46,-0.0611108129666897,-0.0660098510795626
2024-09-14,47,0.000358768912319007,-0.00229084823100756
2024-09-14,48,0.0197777830084567,0.0180932978054633
2024-09-14,49,0.0250330582961267,0.0250263774872366
2024-09-14,50,-0.0721163219015981,-0.0739752992894287
2024-09-14,51,-0.026760808907679,-0.0264057049163977
2024-09-14,52,0.0239111884958234,0.0199540671861973
2024-09-14,53,0.0116131810872568,0.00784161046735043
2024-09-14,54,-0.0218859991504772,-0.0249454887613414
2024-09-14,55,0.0147369919292544,0.011007192822313
2024-09-14,56,0.0160395167958018,0.0109322031994799
2024-09-14,57,0.0118025031458098,0.00877618813519998
2024-09-14,58,-0.00465893210429957,-0.00770662281298762
2024-09-14,59,0.0818303653423857,0.0790042535445634
2024-09-14,60,-0.0101772080176996,-0.014075001891916
2024-09-14,61,-0.036339485301502,-0.0359285395256972
2024-09-14,62,0.00280087402958618,0.00223920732603577
2024-09-14,63,0.0438923010416659,0.039376644794638
2024-09-14,64,-0.000562936665106761,-0.00235238662053572
2024-09-14,65,-0.0403897258539692,-0.0415919772032067
2024-09-14,66,-0.0575715278687801,-0.057743840042769
2024-09-14,67,-0.0505947056797913,-0.054240332097236
2024-09-14,68,-0.00181531613740038,-0.00787510536464442
2024-09-14,69,-0.00880201397111602,-0.0111111751142783
2024-09-14,70,-0.0379588838423537,-0.0399152625757146
2024-09-14,71,-0.0123034751840603,-0.0130381169658369
2024-09-14,72,0.0121077488991785,0.00901506452238454
2024-09-14,73,0.0400088496151385,0.0370444981828157
2024-09-14,74,-0.0449566372814747,-0.0496943667278913
2024-09-14,75,0.0109518203678709,0.00692186967507702
2024-09-14,76,0.0063344035475632,0.00156608149077897
2024-09-14,77,0.0243018943249984,0.0212299813386103
2024-09-14,78,-0.0175893243097631,-0.0207654066594971
2024-09-14,79,-0.00128453292288722,-0.00477583308666674
2024-09-14,80,0.0104763810090951,0.00668140133597639
2024-09-14,81,0.0120765176342505,0.00628577957163845
2024-09-14,82,0.000895425183517595,-0.00481547383443015
2024-09-14,83,-0.0157493617376439,-0.0227434565863449
2024-09-14,84,-0.00878144187084029,-0.0151145091093143
2024-09-14,85,-0.00284529175943948,-0.00967934326073738
2024-09-14,86,-0.024095162685227,-0.023224747567669
2024-09-14,87,-0.0174097659593002,-0.0154973895710961
2024-09-14,88,-0.0181557177868914,-0.0174914819249468
2024-09-14,89,-0.0456679059146774,-0.0458607239583335
2024-09-14,90,-0.0190082515358423,-0.0194607542324201
2024-09-14,91,-0.049104072386104,-0.0497134523432514
2024-09-14,92,-0.0305843093214744,-0.0320775077412438
2024-09-14,93,-0.026101118307003,-0.0261716523179514
2024-09-14,94,-0.0414908954489217,-0.0429244824617152
2024-09-14,95,-0.0224725588720016,-0.0221447957028271
2024-09-14,96,-0.0336626136162446,-0.0341725650077489
2024-09-14,97,-0.0203102543111147,-0.019405123138494
2024-09-14,98,-0.0177260274391839,-0.0180448255989578
2024-09-14,99,-0.0135034990070153,-0.0121687589785102
2024-09-14,100,-0.0213827437524516,-0.0200194430669702
2024-09-14,101,-0.0159889769032997,-0.0152086946874368
2024-09-14,102,-0.0166255538426974,-0.0154325105617197
2024-09-14,103,-0.015137120053101,-0.0144089520211885
2024-09-14,104,-0.00923318958477548,-0.00773098225356161
2024-09-14,105,0.000199597722563283,0.00253599198051191
2024-09-14,106,-0.024698370525261,-0.0239462680438836
2024-09-14,107,-0.00297493469150911,-0.000820406772381155
2024-09-14,108,-0.0137844884876168,-0.0141359298448993
2024-09-14,109,0.0046113596531292,0.00556582473402667
2024-09-14,110,-0.012634482986277,-0.0115026067312298
2024-09-14,111,-0.0124835898342317,-0.0127262179847643
2024-09-14,112,0.00300366707593724,0.00435349835107157
2024-09-14,113,-0.00870625733307229,-0.00727845396162152
2024-09-14,114,-0.00532922692641069,-0.00532358198046889
2024-09-14,115,-0.0027495595054452,-0.00230662324875297
2024-09-14,116,0.00126510768763843,0.00167152692458394
2024-09-14,117,-0.00612370489169223,-0.00565025197417057
2024-09-14,118,-0.00424688916259353,-0.00518645141737561
2024-09-14,119,-0.0190210277240928,-0.0190974609843595
2024-09-14,120,-0.00973837794390331,-0.0105007504991574
2024-09-14,121,0.013330992768565,0.0133602095243806
2024-09-14,122,0.0087054770795918,0.00893979232328324
2024-09-14,123,-0.0168364676752812,-0.0186327844971501
2024-09-14,124,0.0104485763172795,0.0109778656787292
2024-09-14,125,-0.0131115903256651,-0.0146208610813749
2024-09-14,126,0.00674513173934344,0.00546627776668718
2024-09-14,127,-0.00150460532769081,-0.00174426031644259
2024-09-14,128,6.91719169196858e-05,-0.000308845088619059
2024-09-14,129,0.00761803930592908,0.00761930796505705
2024-09-14,130,-0.000697281664886695,-0.00113591970744231
2024-09-14,131,0.00167694271636076,0.000231445954776532
2024-09-14,132,0.00658054662868057,0.00601902326151205
2024-09-14,133,-0.0050563179455656,-0.00601823360095022
2024-09-14,134,0.0155307978620121,0.0143498935060693
2024-09-14,135,0.00187038377250293,0.00181329873480518
2024-09-14,136,0.0156927795761561,0.0145559816660281
2024-09-14,137,1.69069009814393e-06,-0.000500102923881585
2024-09-14,138,0.00636032821862642,0.0047565877490241
2024-09-14,139,0.00323853303655675,0.00158869756442037
2024-09-14,140,0.0162773908672733,0.0155440726838156
2024-09-14,141,0.00879666088974496,0.00859567381008386
2024-09-14,142,0.0188941174339394,0.0180946107854947
2024-09-14,143,0.0138913753202479,0.012327603613941
2024-09-14,144,0.00279148136504315,0.00168577698529937
2024-09-15,2,0.0218601962627503,0.0203430910059579
2024-09-15,3,0.0289295209334179,0.0283557986195513
2024-09-15,4,0.0376035353422859,0.0360443997945721
2024-09-15,5,0.00868489385240867,0.00732823095437052
2024-09-15,6,0.0451750752430469,0.0434391438061548
2024-09-15,7,0.0223901728751281,0.0214381292341557
2024-09-15,8,0.0460692680274368,0.0459295013769783
2024-09-15,9,0.0209464398364494,0.0190285984550993
2024-09-15,10,0.0135960978583078,0.00957824221977166
2024-09-15,11,0.0518094884294147,0.0515047491001281
2024-09-15,12,0.0104719372963142,0.0188149875452712
2024-09-15,13,0.0425498257121228,0.0506873602472284
2024-09-15,14,0.0506689638589402,0.0602313421680014
2024-09-15,15,0.0281155718136654,0.0363209915889984
2024-09-15,16,0.0384682617388741,0.0484410905057464
2024-09-15,17,0.0356109188475617,0.0455395002241303
2024-09-15,18,0.013644903631139,0.0219702251879479
2024-09-15,19,0.0283229649858399,0.0379238763851397
2024-09-15,20,0.0341666426961025,0.0423538050746561
2024-09-15,21,0.0376709374035178,0.0501729095997776
2024-09-15,22,0.00790425809956563,0.0172456172497713
2024-09-15,23,0.0186761930672636,0.0282640439536008
2024-09-15,24,0.0300607494708958,0.0385227438655367
2024-09-15,25,0.011222435215255,0.0219398295648334
2024-09-15,26,0.0238502739485238,0.0343034590301095
2024-09-15,27,-0.00376481716847277,0.00553578673325195
2024-09-15,28,0.00164016499511632,0.0119869543871056
2024-09-15,29,-0.0138048125416361,-0.00436703954118478
2024-09-15,30,-0.0199555476625495,-0.0104901683145409
2024-09-15,31,-0.0213559408879371,-0.0120117715399592
2024-09-15,32,0.00260093941977857,0.010370092827336
2024-09-15,33,0.0337313525347707,0.040226142271151
2024-09-15,34,0.0453151926410671,0.0458623960665516
2024-09-15,35,-0.0278973777218061,-0.0269767255272422
2024-09-15,36,0.0246159633259291,0.0281456397363478
2024-09-15,37,0.0236622767996844,0.0260794004169353
2024-09-15,38,-0.0250283854215709,-0.0265538652130282
2024-09-15,39,-0.0543259655295047,-0.0533583907446715
2024-09-15,40,-0.0278507184854462,-0.0249313685717327
2024-09-15,41,-0.0392643006956481,-0.035673114560363
2024-09-15,42,-0.124592421803986,-0.118019176064023
2024-09-15,43,-0.00119870065720296,-0.0040200385962299
2024-09-15,44,0.0915459256322091,0.0862299370591177
2024-09-15,45,0.0194966929073672,0.0082044772902039
2024-09-15,46,-0.0450350817027143,-0.0505693210729028
2024-09-15,47,0.0188127256452715,0.0118912893911585
2024-09-15,48,0.0732121031032591,0.0661201226848771
2024-09-15,49,0.0353069904477588,0.0307422317818888
2024-09-15,50,-0.0531752778795891,-0.0557595521274648
2024-09-15,51,-0.0403678366084836,-0.0418108293953416
2024-09-15,52,0.0111054486659352,0.0087872391267636
2024-09-15,53,0.0136836658384363,0.00840544811308153
2024-09-15,54,-0.012693481134006,-0.0156512340472705
2024-09-15,55,0.0333200089880163,0.0322923203983674
2024-09-15,56,0.0713970116828655,0.0673365690462102
2024-09-15,57,-0.00644884532657208,-0.00361569453890986
2024-09-15,58,-0.0541120256908316,-0.0525239983770218
2024-09-15,59,0.0234361710588438,0.0274200651444723
2024-09-15,60,-0.0418920115714663,-0.0427476341714463
2024-09-15,61,0.0563698155493428,0.0562369011097301
2024-09-15,62,0.00497525647104613,0.00216361223101735
2024-09-15,63,0.0322519221889186,0.0312237918815752
2024-09-15,64,-0.020681807452112,-0.0201005501203841
2024-09-15,65,-0.00559840103425024,-0.00528223972620623
2024-09-15,66,-0.104848775944443,-0.103288150523443
2024-09-15,67,-0.0323622745518417,-0.0377142792988652
2024-09-15,68,-0.0298080237140681,-0.0340021885961574
2024-09-15,69,-0.0702772721603973,-0.0738495842747389
2024-09-15,70,-0.0399724914475375,-0.0451397052561884
2024-09-15,71,-0.0134401564442586,-0.0187195039363512
2024-09-15,72,0.0417306666435842,0.0316160272581723
2024-09-15,73,0.0107618571229633,0.00181098143922487
2024-09-15,74,-0.0340112830216466,-0.0395349753216685
2024-09-15,75,-0.0375886689897564,-0.045825975240227
2024-09-15,76,-0.0439086915211755,-0.0526043069474342
2024-09-15,77,-0.0201042411654901,-0.0279028099665499
2024-09-15,78,-0.0213572180431187,-0.0305348256323841
2024-09-15,79,-0.0178036596090765,-0.024894264346166
2024-09-15,80,0.00020474150424743,-0.00742674568171076
2024-09-15,81,0.0213297693030734,0.0139207637173309
2024-09-15,82,0.0107754759891456,0.00443765666566343
2024-09-15,83,0.00381564781278421,-0.00405640453985878
2024-09-15,84,-0.00440656176574539,-0.0131310268040723
2024-09-15,85,-0.0059688864531342,-0.0133920718086866
2024-09-15,86,-0.0195977272736734,-0.0182233484939474
2024-09-15,87,-0.0100419905031259,-0.00593952298857925
2024-09-15,88,-0.0463953342181016,-0.04438931248687
2024-09-15,89,-0.0116560401147972,-0.00894289646584667
2024-09-15,90,-0.027841758796046,-0.0265070394399958
2024-09-15,91,-0.0311143828580942,-0.0305655923668384
2024-09-15,92,-0.0336770471999355,-0.0326778645129524
2024-09-15,93,-0.0324741400149762,-0.0318339095853739
2024-09-15,94,-0.0165492886891032,-0.0153009486840645
2024-09-15,95,-0.0274509517590502,-0.0274287013288745
2024-09-15,96,-0.0269858338756039,-0.0266673585317312
2024-09-15,97,-0.0266964837396753,-0.0268141225204888
2024-09-15,98,-0.0167134980451555,-0.0173327094535534
2024-09-15,99,-0.024106419977981,-0.0238405989055916
2024-09-15,100,-0.0296897670824832,-0.0295629684880234
2024-09-15,101,-0.00154467155533755,-0.00150205335915299
2024-09-15,102,-0.0353078106856302,-0.0358703946245438
2024-09-15,103,-0.00319157718225149,-0.00159711699458853
2024-09-15,104,-0.0181046211522444,-0.0192079558602796
2024-09-15,105,-0.0163038137422715,-0.0161981333896284
2024-09-15,106,-0.00823045161488611,-0.00697882080437751
2024-09-15,107,-0.0177929357761855,-0.0177250548225381
2024-09-15,108,-0.0222786785198172,-0.0223202291781606
2024-09-15,109,0.0106527302836135,0.0120809366653374
2024-09-15,110,-0.032981160526643,-0.034107743274002
2024-09-15,111,-0.0169600101867911,-0.0175613348805044
2024-09-15,112,-0.00410093028034808,-0.00354102709699333
2024-09-15,113,-0.0034897581703639,-0.0032698432625855
2024-09-15,114,0.00478147203634727,0.0059011610955011
2024-09-15,115,-0.023893657093339,-0.0250791769528149
2024-09-15,116,-0.00680772789998318,-0.0070402377486154
2024-09-15,117,-0.00221254793960313,-0.00202365366326607
2024-09-15,118,-0.00846922382979365,-0.00945348557768533
2024-09-15,119,-0.00910947288655883,-0.00883655199522071
2024-09-15,120,-0.00850550368622649,-0.0096277677419998
2024-09-15,121,0.00664013218796367,0.0059689183193834
2024-09-15,122,-0.0202791674750493,-0.0212340222076897
2024-09-15,123,-0.00369260512216663,-0.00361902425153016
2024-09-15,124,0.00602143969036817,0.00479590951200226
2024-09-15,125,-0.00186585891037616,-0.00248218714290349
2024-09-15,126,-0.000468426009851974,-0.00195687451651327
2024-09-15,127,-0.00192666996047031,-0.00249831314676818
2024-09-15,128,0.00767003020297974,0.0075042787089874
2024-09-15,129,-0.00207226095376356,-0.00354821374255287
2024-09-15,130,-0.00573244946013229,-0.00635309904791459
2024-09-15,131,0.0280208915113542,0.0281389930463689
2024-09-15,132,-0.0316730785249488,-0.0355490427710965
2024-09-15,133,0.0163133517687326,0.0163656337963163
2024-09-15,134,-0.00485438366952806,-0.00728502255287466
2024-09-15,135,0.0089096032592888,0.0073205789065538
2024-09-15,136,0.000480378702254924,-0.00140273049390327
2024-09-15,137,0.0147470321869019,0.0136528617368024
2024-09-15,138,0.00990881393688614,0.00940695934638391
2024-09-15,139,-3.75318673944136e-05,-0.00106230470867175
2024-09-15,140,0.00734893072118226,0.00536029536046367
2024-09-15,141,0.00411409019927511,0.00257327863073353
2024-09-15,142,0.00203511474535478,0.00138075622031941
2024-09-15,143,0.0101373286964996,0.00792334830324481
2024-09-15,144,0.00651010066853708,0.0048738004239528
2024-09-16,2,0.0228169058626051,0.0223101299586732
2024-09-16,3,0.0200504866974036,0.0186903058178975
2024-09-16,4,0.00791212475677128,0.00661954259711628
2024-09-16,5,0.0275456187881984,0.0261328893333728
2024-09-16,6,0.0114177438038725,0.00974246075973006
2024-09-16,7,0.0151240193743787,0.0119616875432644
2024-09-16,8,0.0156117137797125,0.0144268980966773
2024-09-16,9,0.0157505620688907,0.0130866856121958
2024-09-16,10,0.0147736151456446,0.0130263277978155
2024-09-16,11,0.0272207409142338,0.0277667337102336
2024-09-16,12,0.0181183084042784,0.0275911637251998
2024-09-16,13,0.0129869141507832,0.0233350926641505
2024-09-16,14,0.0050995783496921,0.014069545389737
2024-09-16,15,-0.000802473451364527,0.00914838737049006
2024-09-16,16,0.0341847489512528,0.043644230378387
2024-09-16,17,0.018196586259223,0.0268191932245117
2024-09-16,18,0.0528805563506198,0.0638028455321402
2024-09-16,19,0.0368506785703788,0.0477363150208978
2024-09-16,20,0.0397780050293495,0.0502713004572355
2024-09-16,21,0.0489582762582899,0.0600024466211755
2024-09-16,22,0.0320733520494869,0.0423183605011284
2024-09-16,23,0.0458317057547486,0.0579971873149194
2024-09-16,24,0.0420736073968895,0.0516282699973853
2024-09-16,25,0.0326922225041786,0.0443713871188534
2024-09-16,26,0.00350961833895624,0.0138053870778929
2024-09-16,27,0.0207380737970091,0.0278026966170932
2024-09-16,28,0.00359619349455631,0.0109573046480289
2024-09-16,29,-0.00877317851088311,-0.00238877583014574
2024-09-16,30,-0.00351609941512976,0.00268123565226563
2024-09-16,31,-5.0070590333462e-05,0.00504047756385084
2024-09-16,32,0.0115679578373138,0.0156796005450435
2024-09-16,33,-0.00483976087331506,-0.00195503696540111
2024-09-16,34,0.0138069887964347,0.0166337567915589
2024-09-16,35,0.00884866519837146,0.0118468221220711
2024-09-16,36,0.0179188732646418,0.018713038104365
2024-09-16,37,0.0724224027984697,0.0760703763692323
2024-09-16,38,0.0407046431423614,0.0408057257038354
2024-09-16,39,-0.00980763689033459,-0.00717708209253676
2024-09-16,40,0.051078913051926,0.053219710631379
2024-09-16,41,-0.0134524021182019,-0.00888072477023893
2024-09-16,42,-0.00842102683603585,-0.00354626881879216
2024-09-16,43,-0.106322726588338,-0.0959554560699027
2024-09-16,44,-0.167094132331125,-0.157457808643813
2024-09-16,45,-0.101341868877242,-0.092636966595335
2024-09-16,46,-0.185231095294629,-0.177726824499755
2024-09-16,47,-0.175303343180429,-0.169151356223621
2024-09-16,48,-0.0129067624646577,-0.0128837122813632
2024-09-16,49,0.0368470590448329,0.0383350584278679
2024-09-16,50,-0.0567615154841778,-0.0551411532440582
2024-09-16,51,-0.108926781528498,-0.105350895592286
2024-09-16,52,-0.110134727026994,-0.105311348616432
2024-09-16,53,0.0699351540998334,0.0630108534602849
2024-09-16,54,-0.085900620588208,-0.0872261550062232
2024-09-16,55,0.119502982119289,0.114188528147174
2024-09-16,56,0.036029002863784,0.0235964167428993
2024-09-16,57,0.0113305554719929,0.00885268100224312
2024-09-16,58,0.0779727253024696,0.0754082664053621
2024-09-16,59,0.0620278648988659,0.0595470624775807
2024-09-16,60,0.057374555764417,0.056695122915567
2024-09-16,61,-0.0584309699991303,-0.0575367205921964
2024-09-16,62,0.0411422872013834,0.040445915675619
2024-09-16,63,-0.0552906354198379,-0.0555412841200686
2024-09-16,64,-0.0141487873752588,-0.014293869551012
2024-09-16,65,0.0250681137216118,0.0245001007400578
2024-09-16,66,0.0082627900693204,0.00636533781946635
2024-09-16,67,0.0261071203791179,0.0240717561018222
2024-09-16,68,-0.0237770393123657,-0.027706790615059
2024-09-16,69,-0.0182401486311594,-0.0230530667847813
2024-09-16,70,-0.0073480067642917,-0.0106803626229173
2024-09-16,71,-0.0552505343098222,-0.0587177292884977
2024-09-16,72,-0.028912200289815,-0.0334786586716431
2024-09-16,73,0.0401209468063266,0.0339532860439213
2024-09-16,74,0.0521480152893199,0.0447427513201246
2024-09-16,75,0.0933455743751646,0.0865627571810279
2024-09-16,76,0.0421841428208749,0.0356290456293671
2024-09-16,77,0.033676436172545,0.0241810305675809
2024-09-16,78,0.01806002121267,0.00961401280706919
2024-09-16,79,-0.0340440291504303,-0.0408105592645072
2024-09-16,80,-0.0709662948672101,-0.0802017370728256
2024-09-16,81,-0.0643300868534524,-0.062812578842057
2024-09-16,82,-0.0207346695201247,-0.0200470838629156
2024-09-16,83,-0.02012175385177,-0.0279264984721275
2024-09-16,84,-0.0195733462258376,-0.026923301355815
2024-09-16,85,-0.0159370151485083,-0.0158424102591317
2024-09-16,86,0.0162253474577083,0.0209465971728644
2024-09-16,87,-0.0315756403630152,-0.0352961517946326
2024-09-16,88,-0.0287727058960447,-0.0297528183079638
2024-09-16,89,-0.00468770834116938,-0.00342976842158293
2024-09-16,90,-0.0439431481593422,-0.0452583528488759
2024-09-16,91,-0.0221058136449237,-0.024567012714094
2024-09-16,92,-0.0227765741515542,-0.0223089804184511
2024-09-16,93,-0.0280955852542419,-0.02862379121862
2024-09-16,94,-0.0112146452588568,-0.0111153070636343
2024-09-16,95,-0.0113665987572542,-0.011190426149712
2024-09-16,96,-0.0112640303835159,-0.00980724161254098
2024-09-16,97,-0.0107625366414599,-0.00977406721750462
2024-09-16,98,-0.0204335860378002,-0.0203087431454021
2024-09-16,99,-0.0130648366409929,-0.0138652043027001
2024-09-16,100,-0.0139150626603062,-0.0134771848085897
2024-09-16,101,-0.0167771525374381,-0.0176513104321279
2024-09-16,102,0.00190348510393257,0.00146376143681071
2024-09-16,103,-0.0293741770591414,-0.0309712762397156
2024-09-16,104,-0.00563083702020517,-0.00565599508247949
2024-09-16,105,-0.00119026065028738,-0.00165926259813709
2024-09-16,106,-0.0199924671403764,-0.0216279303937501
2024-09-16,107,-0.00467003327482551,-0.00423741858502513
2024-09-16,108,-0.00153782141843806,-0.00322206225111987
2024-09-16,109,-0.0213268332270227,-0.0229945218090215
2024-09-16,110,-0.00116357849690729,-0.00161923797170438
2024-09-16,111,-0.00758039093115848,-0.00850544214406401
2024-09-16,112,-0.00715312466480444,-0.00718341018039848
2024-09-16,113,-0.00260574719498408,-0.00356483435262867
2024-09-16,114,-0.0109592408441834,-0.0110043178583608
2024-09-16,115,-0.0125102290691013,-0.0127008685243988
2024-09-16,116,0.00692584852230116,0.00662311394764536
2024-09-16,117,-0.0170791797307634,-0.0176928772838858
2024-09-16,118,-0.00484889645765829,-0.00472795477016863
2024-09-16,119,0.000339454069928635,0.000346888553787394
2024-09-16,120,-0.0146256427775819,-0.0172716757169686
2024-09-16,121,0.0123331857921514,0.0140807864709016
2024-09-16,122,-0.0175683318491444,-0.0201709180511411
2024-09-16,123,-0.000447515294830225,-0.000109388741064365
2024-09-16,124,-0.000298013609581815,-0.00176564087007947
2024-09-16,125,-0.0112161459722797,-0.0130612199149578
2024-09-16,126,-0.00301931846979997,-0.00318569629499788
2024-09-16,127,-0.00332890211066328,-0.00443916958618207
2024-09-16,128,0.00111815787268466,-1.24690150453688e-05
2024-09-16,129,0.0101211177414253,0.00938010008567502
2024-09-16,130,-0.0129019088606803,-0.0156304443576625
2024-09-16,131,0.0137363305158242,0.0126562845508635
2024-09-16,132,-0.00751832887325854,-0.00850105419014735
2024-09-16,133,0.00461410407159679,0.00220345474593397
2024-09-16,134,-0.00217130630698836,-0.00452521103148573
2024-09-16,135,-0.00344334329798368,-0.00447000629482996
2024-09-16,136,0.00119802999801699,-0.000837837336780112
2024-09-16,137,0.0117619024702043,0.0119745706042558
2024-09-16,138,0.00168499608102302,-0.00165568807922689
2024-09-16,139,0.00435777122511016,0.00279763833112678
2024-09-16,140,-0.00541075997936691,-0.0078600372768749
2024-09-16,141,0.0134302017874699,0.0127125712327123
2024-09-16,142,0.0037781949248723,0.00170606925337591
2024-09-16,143,-0.0109548755514091,-0.0129806795087131
2024-09-16,144,0.017529869425263,0.0165881999827464
2024-09-17,2,-0.0145100294940717,-0.0133899180591692
2024-09-17,3,0.00360083109983744,0.00421112028359971
2024-09-17,4,0.00160014380913154,0.00265668148354781
2024-09-17,5,-0.0047262303577682,-0.00323138332975148
2024-09-17,6,-0.0158683851279084,-0.0161446541664256
2024-09-17,7,-0.00424983362649467,-0.00292118866332913
2024-09-17,8,0.0131137719648926,0.0148720232511215
2024-09-17,9,-0.0109081324670148,-0.0108765173213072
2024-09-17,10,0.0141278181025921,0.0158161213039136
2024-09-17,11,-0.0131978392321175,-0.0131769401298101
2024-09-17,12,0.0124284284450882,0.0186027256715571
2024-09-17,13,0.00343550966943518,0.00964812161372475
2024-09-17,14,0.0382071399610924,0.0449085046281521
2024-09-17,15,0.0175537123943244,0.0240633876924026
2024-09-17,16,0.0192442509700257,0.024996662876231
2024-09-17,17,0.0254335686353135,0.0300001365845635
2024-09-17,18,0.0317785912089459,0.0382416596302235
2024-09-17,19,0.01321186479655,0.0198550405344964
2024-09-17,20,-0.0138534761831863,-0.0081075365064196
2024-09-17,21,-0.000246289318612369,0.00633434909405128
2024-09-17,22,0.00594055469789811,0.0124747348626135
2024-09-17,23,0.00109182109440553,0.00764123822517693
2024-09-17,24,0.00838880536420383,0.0139815851725169
2024-09-17,25,-0.0294550103935958,-0.0228810760472138
2024-09-17,26,-0.0548071641372907,-0.0498385501322192
2024-09-17,27,-0.00179229053243013,0.00465299441349476
2024-09-17,28,-0.0162843385164377,-0.012485356552042
2024-09-17,29,-0.0490671998512777,-0.0448391998926656
2024-09-17,30,-0.0535189677958936,-0.0485910420635225
2024-09-17,31,-0.0426460968960498,-0.0375315054238579
2024-09-17,32,0.077063989082701,0.0811973349036466
2024-09-17,33,0.0194076587657497,0.0222573547639371
2024-09-17,34,-0.0232988038099924,-0.0183482388499989
2024-09-17,35,-0.013167788338726,-0.00841030796243558
2024-09-17,36,0.000636555560155294,0.0047949171426378
2024-09-17,37,-0.000894101603065245,0.00472501044606943
2024-09-17,38,-0.0919768688865545,-0.088329583625975
2024-09-17,39,-0.0382482186114164,-0.0335539914854994
2024-09-17,40,-0.0029177877393618,7.92090876764462e-05
2024-09-17,41,0.0516394805867071,0.0524371076789869
2024-09-17,42,0.0477717555911488,0.0495262285452638
2024-09-17,43,0.0815972374772569,0.081333068624958
2024-09-17,44,0.071477405839909,0.0722076783899519
2024-09-17,45,0.0713406453456153,0.0713700192605238
2024-09-17,46,0.0759739594112085,0.0764014414741814
2024-09-17,47,0.0840686035325309,0.0822398816658447
2024-09-17,48,0.0472308499722027,0.045791577400724
2024-09-17,49,0.0153037513624819,0.0156683424821118
2024-09-17,50,0.0468974484172175,0.047898999067864
2024-09-17,51,0.0519399675127179,0.0511387703424102
2024-09-17,52,0.0188272652686896,0.0197875190981351
2024-09-17,53,-0.00193733024350173,0.000218862881617099
2024-09-17,54,0.0232269637366471,0.0223067720375996
2024-09-17,55,0.0576548086187536,0.0575236641940009
2024-09-17,56,-0.0218389636929954,-0.0220018797325103
2024-09-17,57,-0.0415988829820728,-0.0414511719998965
2024-09-17,58,-0.0561093965260344,-0.055065536300388
2024-09-17,59,-0.0553189053169021,-0.0549149666758018
2024-09-17,60,-0.0600743391474099,-0.0609565327229609
2024-09-17,61,-0.0981521870248505,-0.0994109870896667
2024-09-17,62,-0.0710713474306699,-0.0703474460316453
2024-09-17,63,-0.0974093181806692,-0.100685734803054
2024-09-17,64,-0.0754882520573839,-0.077037985851347
2024-09-17,65,-0.0622289733100851,-0.0633167668780237
2024-09-17,66,-0.0310959288262174,-0.0342143232765624
2024-09-17,67,-0.0137068375583977,-0.0165979209171478
2024-09-17,68,0.00496279405109235,0.00210559165887414
2024-09-17,69,0.0130788560138404,0.00983288088525303
2024-09-17,70,0.0466067803608246,0.0432526880553556
2024-09-17,71,0.00978685211652142,0.00471508111797192
2024-09-17,72,0.0369416811708092,0.0349250117056936
2024-09-17,73,-0.00305493219752595,-0.00568137264232149
2024-09-17,74,0.00232460062367057,-0.00145466270432948
2024-09-17,75,-0.00239495055741124,-0.00689798138344511
2024-09-17,76,0.0143842258065758,0.011939614685903
2024-09-17,77,-0.00383759755657476,-0.00826695647352427
2024-09-17,78,0.0163903710695283,0.0125931134819623
2024-09-17,79,-0.0218418334884793,-0.0265628936851039
2024-09-17,80,-0.00658727540082094,-0.00996411137268272
2024-09-17,81,0.00304422723653275,-0.00234867646682257
2024-09-17,82,0.00362491560801814,-0.000583822780010124
2024-09-17,83,-0.000575612017278182,-0.00621668520773611
2024-09-17,84,-0.00325574812934626,-0.00775354110288617
2024-09-17,85,0.00721145990742222,0.00493033020946676
2024-09-17,86,0.00279288080148632,0.00326197533060668
2024-09-17,87,0.00168158679498376,0.00251282801592989
2024-09-17,88,-0.0103328336866761,-0.0100510308671495
2024-09-17,89,-0.0212309099381667,-0.0240616976946395
2024-09-17,90,-0.00798166374836118,-0.00697039953003387
2024-09-17,91,0.014783093996666,0.0156865202490453
2024-09-17,92,-0.0101350854953139,-0.0109786868734778
2024-09-17,93,-0.00928885771307009,-0.0101401886934136
2024-09-17,94,-0.000523301889058025,0.000283943569809431
2024-09-17,95,0.00224271514702767,0.00256715219142212
2024-09-17,96,-0.00950076112344966,-0.0100506644467506
2024-09-17,97,0.00267175350739546,0.00335394018110691
2024-09-17,98,-0.00749346497043213,-0.00729794301653985
2024-09-17,99,0.00556153566528117,0.00611168216050295
2024-09-17,100,-0.0129169667168716,-0.0136724548322968
2024-09-17,101,0.0144318334044353,0.0153493024343936
2024-09-17,102,-0.0205367608642906,-0.0217170145647163
2024-09-17,103,0.0117765560971677,0.0117730462890497
2024-09-17,104,-0.00310918337952337,-0.00306388146330949
2024-09-17,105,0.00174979019592314,0.00218266410423951
2024-09-17,106,0.00164882394255095,0.000259679931992274
2024-09-17,107,-0.00750229805578417,-0.00620178707821939
2024-09-17,108,0.00682264050463033,0.00579679811760059
2024-09-17,109,0.00339256980143965,0.00334009821072012
2024-09-17,110,-0.00258519112147404,-0.00315242349790168
2024-09-17,111,0.00705107488963108,0.00735412336714791
2024-09-17,112,0.000398725054274074,0.000284066192172361
2024-09-17,113,-0.00242900886757269,-0.00309318826949578
2024-09-17,114,-0.00551381966195841,-0.00658907900932881
2024-09-17,115,0.0150823506258106,0.0156503800966972
2024-09-17,116,-0.00325919841976052,-0.00391531060159966
2024-09-17,117,-0.00517337176989496,-0.0059035749732752
2024-09-17,118,0.00528502236962414,0.0048925162031237
2024-09-17,119,0.0101816536088455,0.00984869560994017
2024-09-17,120,-0.00426694042878673,-0.00639516494498338
2024-09-17,121,0.00641235350007374,0.00739090363299155
2024-09-17,122,0.00476322793711415,0.00392768081667416
2024-09-17,123,0.00339183213034655,0.00164215844778326
2024-09-17,124,-0.00239135903722065,-0.00237464171186907
2024-09-17,125,0.0012068827700098,0.000748251879486794
2024-09-17,126,0.0162527940977641,0.0143265092178213
2024-09-17,127,-0.0137779106884794,-0.0146676848382699
2024-09-17,128,0.00540871945934196,0.00439062691647063
2024-09-17,129,0.0108613776229358,0.0103253489413486
2024-09-17,130,0.0102766741229656,0.00878929196385947
2024-09-17,131,-0.0129804767829205,-0.0143857804156342
2024-09-17,132,-0.000315178801170823,-0.0018713168258353
2024-09-17,133,0.01768489930335,0.0170588122446889
2024-09-17,134,0.00452217819378209,0.00297646309027577
2024-09-17,135,-0.00107082943378245,-0.00168166362048527
2024-09-17,136,-0.00386907443112516,-0.00637206177232663
2024-09-17,137,0.00939587535764375,0.00821649840543159
2024-09-17,138,0.000628510710527941,-0.000480633071502368
2024-09-17,139,0.00191795087976399,0.000695285639729093
2024-09-17,140,0.00292238445252213,0.000338894455190086
2024-09-17,141,0.0075835604385972,0.00637637230116805
2024-09-17,142,0.0132811376315649,0.0120564691447154
2024-09-17,143,0.00239474617952329,0.000797430142724487
2024-09-17,144,-0.00720056656049106,-0.00978314182498163
2024-09-18,2,-0.0206382995133341,-0.0214427600539731
2024-09-18,3,-0.00923016241559882,-0.0106220703074129
2024-09-18,4,0.00369384808050555,0.00273273747468572
2024-09-18,5,-0.018698990441683,-0.0195405051842572
2024-09-18,6,-0.0103020821246798,-0.0112995308032726
2024-09-18,7,0.0104376666660091,0.0103872892184356
2024-09-18,8,-0.0263168317773967,-0.0292027210109085
2024-09-18,9,0.0105357649218494,0.011879523843203
2024-09-18,10,-0.0134958012121986,-0.0149635499258816
2024-09-18,11,-0.000535440613282034,-0.0011329497079231
2024-09-18,12,-0.00611832734112561,-0.00501237897853457
2024-09-18,13,-0.00745966029095246,-0.0055928624844821
2024-09-18,14,-0.00402834094412441,-0.00168608957949523
2024-09-18,15,0.0100618487232493,0.0110784160883757
2024-09-18,16,0.00372020458100408,0.00730994374452365
2024-09-18,17,0.0148204036360875,0.0156186452449978
2024-09-18,18,0.00786817207960233,0.00988666345183287
2024-09-18,19,0.0164156230007357,0.0200174695807984
2024-09-18,20,0.00327648280885295,0.0045559524866583
2024-09-18,21,0.000211869357810812,0.0031169876487489
2024-09-18,22,-0.00673345316776341,-0.00529637851656339
2024-09-18,23,0.0134152336442002,0.0164254439069742
2024-09-18,24,0.00248528319668928,0.00456623296198799
2024-09-18,25,0.0241728106013976,0.0268777194427674
2024-09-18,26,0.0104721352251023,0.0114241257178298
2024-09-18,27,0.00926446824015059,0.0117193587936812
2024-09-18,28,0.015207909621564,0.0182695815492799
2024-09-18,29,0.0124598606477591,0.0146277442226248
2024-09-18,30,0.0103029587134724,0.0130742472436376
2024-09-18,31,0.00759431848569125,0.00839563896444773
2024-09-18,32,0.0124858227170828,0.0158647102213294
2024-09-18,33,-0.00226823347703498,-0.00091193024095304
2024-09-18,34,0.0235317971099258,0.0269007459769988
2024-09-18,35,-0.00650135061824564,-0.00505135120201583
2024-09-18,36,-0.00423338885684377,-0.00031391955382265
2024-09-18,37,0.00265836145112708,0.00534186660956237
2024-09-18,38,-0.0474495705791256,-0.046814266756666
2024-09-18,39,-0.00279314965847188,-0.000116144272178431
2024-09-18,40,-0.0107915684437758,-0.0096436902343715
2024-09-18,41,0.00373193040049546,0.00531813742977949
2024-09-18,42,-0.00487233167829793,-0.00394066857339048
2024-09-18,43,-0.0194361773624969,-0.0179484734253341
2024-09-18,44,-0.0120388259117226,-0.0117242403863864
2024-09-18,45,0.0114379454794804,0.0116126205942351
2024-09-18,46,-0.0171619717439704,-0.0167898121818419
2024-09-18,47,0.0132075649391963,0.0134185493210124
2024-09-18,48,0.00354439370605952,0.00293614818371779
2024-09-18,49,0.00361755294970134,0.00491750570119187
2024-09-18,50,0.014689764356203,0.0137884751110926
2024-09-18,51,-0.00199504907930859,-0.00232248408251579
2024-09-18,52,-0.0320319066867452,-0.0333843872047366
2024-09-18,53,-0.022371001277218,-0.0231860172013274
2024-09-18,54,-0.0243590693793871,-0.0252531569420098
2024-09-18,55,-0.0164638982535577,-0.0171628829182806
2024-09-18,56,-0.00758833801923231,-0.0110009110957892
2024-09-18,57,0.00444390432347674,0.00250433124709293
2024-09-18,58,0.00524952033995252,0.00378606290227701
2024-09-18,59,0.000463916619766636,-0.000989170098415926
2024-09-18,60,-0.0143575206736362,-0.0164327244193219
2024-09-18,61,-0.017764938122526,-0.0210928494737672
2024-09-18,62,0.0048007515575188,0.00477439288449499
2024-09-18,63,-0.00960091912249528,-0.0118145217033536
2024-09-18,64,-0.0358570997320875,-0.0382782907252395
2024-09-18,65,-0.00113549346743191,-0.00345849697777378
2024-09-18,66,-0.020989504874187,-0.0238881662170902
2024-09-18,67,0.000874787009817801,-0.000803767468501526
2024-09-18,68,-0.000282476591015879,-0.00151999280707127
2024-09-18,69,-0.00857380198659996,-0.0112972346252453
2024-09-18,70,-0.0176648995727531,-0.021035766291333
2024-09-18,71,-0.00641864463578745,-0.0105380479841637
2024-09-18,72,0.00565793152946981,0.00333145811732116
2024-09-18,73,0.00744419261883511,0.00503679825223635
2024-09-18,74,0.0140435514137103,0.0115322306305163
2024-09-18,75,0.00712264336734769,0.00507082421722149
2024-09-18,76,0.0100398178612222,0.00686639312784898
2024-09-18,77,0.00223194056778642,-4.0767497374361e-05
2024-09-18,78,0.0119056509385569,0.00904383133895514
2024-09-18,79,0.0224498164989262,0.0208293701909525
2024-09-18,80,0.00169162172654058,-0.000550174754878618
2024-09-18,81,-0.000834150767367703,-0.00467790959020231
2024-09-18,82,0.0176995552723085,0.0151618719155069
2024-09-18,83,0.00949328080745016,0.00829090519453946
2024-09-18,84,0.00732697636350466,0.0048582203718821
2024-09-18,85,0.00199588953021568,0.00105176785782479
2024-09-18,86,-0.00568174732521598,-0.00516494856150373
2024-09-18,87,0.00245894974953664,0.0024384006519913
2024-09-18,88,-0.0154423661102223,-0.0145597512594131
2024-09-18,89,0.00433288683471122,0.00504472121162181
2024-09-18,90,-0.000143440924790461,0.000537164628290121
2024-09-18,91,0.000484704971252192,0.00112761730082589
2024-09-18,92,0.0141250473004355,0.0151440588591996
2024-09-18,93,-0.0170994428567086,-0.0178469891945827
2024-09-18,94,-0.0164875878853232,-0.0159174408611893
2024-09-18,95,0.00849944865409569,0.00894224819020462
2024-09-18,96,-0.00610477835014933,-0.00562615440210212
2024-09-18,97,-0.0149898743151109,-0.0150299843882156
2024-09-18,98,0.00540350277341783,0.00625496617757904
2024-09-18,99,-0.00492430911834685,-0.00502868816126867
2024-09-18,100,0.00589623659608662,0.00675444790376556
2024-09-18,101,0.00531762025793636,0.00522012985721698
2024-09-18,102,-0.00687964590635026,-0.00596888657363159
2024-09-18,103,-0.0100236220196877,-0.0101107428845104
2024-09-18,104,0.00252963789000393,0.00327204769958733
2024-09-18,105,-0.00309958803038946,-0.00188650240209576
2024-09-18,106,-0.000626166866533495,9.15983548122057e-05
2024-09-18,107,-0.00856555189331853,-0.00879024958901464
2024-09-18,108,0.0181329316957592,0.0192492841787217
2024-09-18,109,-0.0188562302000275,-0.0186012112953629
2024-09-18,110,0.0124612360707053,0.0130717747987932
2024-09-18,111,-0.00685950809284019,-0.00667846009465656
2024-09-18,112,-0.00561632742950557,-0.0040742973500878
2024-09-18,113,0.00941028546873746,0.00993819858729061
2024-09-18,114,0.0130285293249832,0.0145156245355942
2024-09-18,115,-0.00554840036190374,-0.00545383010049783
2024-09-18,116,0.00425431875467019,0.00614137383517654
2024-09-18,117,0.00975745291678987,0.0107173469005586
2024-09-18,118,0.00497774932243455,0.0072902477510457
2024-09-18,119,0.00294507278167444,0.00333927808122692
2024-09-18,120,-0.0122481186825629,-0.0123790720206554
2024-09-18,121,0.000126010549609923,0.000902570367562916
2024-09-18,122,0.00393962499606992,0.00369834275002745
2024-09-18,123,0.00898321080535691,0.0101824548027922
2024-09-18,124,0.0176088291070311,0.0192695168586994
2024-09-18,125,-0.0126983661409348,-0.0133737458108838
2024-09-18,126,0.0124136371058947,0.0116955932099385
2024-09-18,127,-0.00834497520299049,-0.00905142350993948
2024-09-18,128,0.0111499587013304,0.0108950223310584
2024-09-18,129,0.00946946587171116,0.00924069939588001
2024-09-18,130,0.00178304837240262,-0.000302567082370864
2024-09-18,131,-0.000151927482801462,-0.000360128129917037
2024-09-18,132,0.00970571303424084,0.00948224481736926
2024-09-18,133,-0.00270463612082583,-0.00431831662915894
2024-09-18,134,0.00420872992503796,0.00304255490369254
2024-09-18,135,-0.0101358794928768,-0.0112980933947675
2024-09-18,136,0.00634963932602339,0.00608065886595099
2024-09-18,137,0.0212133382733217,0.0228668366614322
2024-09-18,138,-0.00962241123435614,-0.0108149348895559
2024-09-18,139,0.012808928090533,0.0115433411615573
2024-09-18,140,0.00266885455495292,0.00339985179541991
2024-09-18,141,0.0196892906586319,0.019840132229664
2024-09-18,142,0.00396597722179592,0.00274279284978718
2024-09-18,143,0.00553879401193225,0.00574279284978729
2024-09-18,144,0.0042519673633068,0.00491912005566775
2024-09-19,2,0.0268155007456121,0.0252452231608338
2024-09-19,3,0.0172857961053987,0.0164824830850492
2024-09-19,4,0.0285945429144272,0.0264251290496773
2024-09-19,5,0.0275386558616333,0.0262437872503831
2024-09-19,6,0.0202043517149297,0.0196334870688242
2024-09-19,7,0.0459782995930755,0.0453422476931236
2024-09-19,8,0.00963848950156976,0.0101517915183207
2024-09-19,9,0.0167110381995768,0.0147942005343404
2024-09-19,10,0.0162543935258643,0.0157123248682058
2024-09-19,11,0.0404734147347652,0.0392325983441486
2024-09-19,12,0.00684524184673663,0.0121438475283719
2024-09-19,13,0.0157908598106191,0.0241440570988276
2024-09-19,14,0.00768476584454358,0.0169449748352202
2024-09-19,15,0.00525206017876911,0.0123095802762574
2024-09-19,16,-0.0295931261027143,-0.0214671393030219
2024-09-19,17,-0.015414380124569,-0.0102243936805806
2024-09-19,18,-0.00565579376254988,-3.15163079740444e-05
2024-09-19,19,-0.0249296812995112,-0.0198691781110014
2024-09-19,20,0.00120160961241744,0.00522668180864994
2024-09-19,21,0.012491870747998,0.0175493834122147
2024-09-19,22,0.00468765254845316,0.00700247236563811
2024-09-19,23,0.0322590404404943,0.0393855107848644
2024-09-19,24,0.00538087230798645,0.0109429777105774
2024-09-19,25,-0.00402979049070229,0.00248120968598808
2024-09-19,26,-0.0211684043812159,-0.0156414934199924
2024-09-19,27,0.00465709134613235,0.010855423555288
2024-09-19,28,-0.0142231186561119,-0.00859089534229174
2024-09-19,29,0.0188285273136737,0.0233872917778895
2024-09-19,30,-0.0304839149925513,-0.0264133457554223
2024-09-19,31,-0.0492934501980731,-0.0457059597576892
2024-09-19,32,-0.0406548052195435,-0.0332318418875834
2024-09-19,33,0.0699411872290341,0.0677919151997886
2024-09-19,34,0.0505169036637687,0.0484384408062297
2024-09-19,35,-0.0680923102916822,-0.0668844910561859
2024-09-19,36,0.0997613133525865,0.0964365851607871
2024-09-19,37,0.0245927700357926,0.023873378849518
2024-09-19,38,-0.0234554585303695,-0.024835580105905
2024-09-19,39,-0.0110740453811591,-0.0108787381412867
2024-09-19,40,0.0721106399851967,0.0709504983746436
2024-09-19,41,-0.0116040587974036,-0.00846141243007281
2024-09-19,42,0.0184889181676091,0.0195914698045749
2024-09-19,43,0.0586570383208107,0.0597189482745986
2024-09-19,44,0.0773917888717621,0.0802358431908115
2024-09-19,45,0.0384224546133094,0.0440237880509988
2024-09-19,46,-0.0352378456082025,-0.027530132365535
2024-09-19,47,0.0493565453391733,0.0548568521996007
2024-09-19,48,0.127622753556692,0.136774581123457
2024-09-19,49,0.015815133049025,0.0288646422851402
2024-09-19,50,-0.00956527432447363,0.003531250234313
2024-09-19,51,0.00848558252028653,0.0182753079183602
2024-09-19,52,-0.000610548589366822,0.00218704169738615
2024-09-19,53,0.0444106924069043,0.0387190407458124
2024-09-19,54,0.0102405522623634,0.00447791242306028
2024-09-19,55,0.071923779999393,0.0685977487564768
2024-09-19,56,0.152092557329706,0.149228410848749
2024-09-19,57,-0.0674766351632732,-0.067083954364473
2024-09-19,58,0.0697954778942984,0.0664894944432479
2024-09-19,59,0.0568086682419535,0.0522038142118806
2024-09-19,60,-0.0460940304601101,-0.050077757849408
2024-09-19,61,0.0293647979536722,0.0281535885910404
2024-09-19,62,-0.0287758070354975,-0.0345303984040681
2024-09-19,63,0.0704343149754187,0.07098065269785
2024-09-19,64,-0.154893520240504,-0.151824883124961
2024-09-19,65,0.030727741338473,0.0281222825640004
2024-09-19,66,-0.0380215655407117,-0.0365139895903726
2024-09-19,67,0.00430213678415736,0.00120988642702446
2024-09-19,68,-0.038023556704589,-0.043061359879756
2024-09-19,69,0.00354602202467635,0.000372604404809351
2024-09-19,70,-0.0355340083750741,-0.0378847685654113
2024-09-19,71,-0.0948115122935906,-0.100651173235971
2024-09-19,72,-0.0945446790452085,-0.10288114135544
2024-09-19,73,-0.0827722924110255,-0.0933920273090569
2024-09-19,74,-0.0662090607529731,-0.0763571824314324
2024-09-19,75,-0.0308278651359517,-0.0428180087604844
2024-09-19,76,-0.0215894733479178,-0.0325637123658078
2024-09-19,77,-0.032449419515622,-0.0413203163401583
2024-09-19,78,-0.0232556642319617,-0.0297489277567049
2024-09-19,79,-0.00526695200812011,-0.0121752418349725
2024-09-19,80,-0.0301011426416915,-0.0378719191815522
2024-09-19,81,-0.0127759150621989,-0.0192865810707179
2024-09-19,82,-0.013319545098164,-0.0201316038815706
2024-09-19,83,0.00457707434198262,-0.000571338339298677
2024-09-19,84,0.00389373511772728,-0.00111198437876059
2024-09-19,85,-0.0151742669300345,-0.00914194747050967
2024-09-19,86,-0.015315148512399,-0.00932894519600325
2024-09-19,87,-0.0231541888739528,-0.0176392959275873
2024-09-19,88,-0.0164704433866447,-0.0132543967315888
2024-09-19,89,-0.0211463959417131,-0.0176427081082728
2024-09-19,90,-0.0263982145690527,-0.0239044055833046
2024-09-19,91,-0.0183001052951424,-0.0159367159566814
2024-09-19,92,-0.051622941466051,-0.0499462435718332
2024-09-19,93,-0.0064882676439959,-0.00517697187035004
2024-09-19,94,-0.0291507009257161,-0.0294557359417293
2024-09-19,95,-0.0153207796983832,-0.0150943245249877
2024-09-19,96,-0.0330927337392168,-0.034289199589181
2024-09-19,97,-0.0230926582538205,-0.0233918346578568
2024-09-19,98,-0.0145833718286745,-0.0153487996380095
2024-09-19,99,-0.025200328868717,-0.0256908149280131
2024-09-19,100,-0.0125690236225946,-0.0135905816012691
2024-09-19,101,-0.0184057686613563,-0.0175892277064564
2024-09-19,102,-0.0145717440379372,-0.0142663246445807
2024-09-19,103,-0.0118174529404946,-0.0114921150460656
2024-09-19,104,-0.000604673853348281,0.00178136804477358
2024-09-19,105,-0.0172264934102335,-0.0171121833430199
2024-09-19,106,-0.0176025288080837,-0.016877093374899
2024-09-19,107,-0.0117797556783463,-0.0112190799978675
2024-09-19,108,0.00202342865059268,0.0041599196986013
2024-09-19,109,-0.0112610477221429,-0.0114117898946144
2024-09-19,110,-0.0161261542287789,-0.0129437261698575
2024-09-19,111,-0.00312116976185983,-0.00381660270034612
2024-09-19,112,-0.0125407634251529,-0.0125744392694909
2024-09-19,113,-0.00420473013771083,-0.00391007615852779
2024-09-19,114,0.0171664019316298,0.017550112266937
2024-09-19,115,-0.0177610184089909,-0.0179778973277083
2024-09-19,116,-0.0116239239631106,-0.0118561653873055
2024-09-19,117,-0.0148481564165284,-0.0148521251907283
2024-09-19,118,-0.00374645633249848,-0.00484041753884146
2024-09-19,119,0.0036268689955854,0.0030688413876403
2024-09-19,120,-0.00541145452159775,-0.00700068916733354
2024-09-19,121,0.0133174614825142,0.0131513449941938
2024-09-19,122,0.00470892501894582,0.00445307389575333
2024-09-19,123,-0.00798388387615034,-0.00893825783172275
2024-09-19,124,0.00915145798201245,0.0088184265140816
2024-09-19,125,-0.0135776236767118,-0.0136282131602634
2024-09-19,126,0.00715734607575769,0.00660403992081005
2024-09-19,127,-0.00477300246030232,-0.00517587715952139
2024-09-19,128,0.0159871687841466,0.014561525486771
2024-09-19,129,-0.00051705207097541,-0.000572236402433646
2024-09-19,130,0.0246182219671667,0.0243514546347505
2024-09-19,131,-0.00988271964479015,-0.0113374065784164
2024-09-19,132,0.0185000091263321,0.0189151969538903
2024-09-19,133,-0.00257988146413091,-0.00234271104803341
2024-09-19,134,0.00674161662734729,0.00701208275504683
2024-09-19,135,0.0249205495870122,0.023791706462311
2024-09-19,136,-0.00168627021210543,-0.00183660649435691
2024-09-19,137,-0.00131732795938788,-0.000463263483429621
2024-09-19,138,-0.00864796488670194,-0.00869216298381303
2024-09-19,139,0.0258461569551685,0.0243330351252933
2024-09-19,140,-0.00791621958713495,-0.0096910589596586
2024-09-19,141,0.00490568739184383,0.00367993926847454
2024-09-19,142,0.00358174320284554,0.00183763049024854
2024-09-19,143,0.0348755884548568,0.0340524481981603
2024-09-19,144,0.0152168795932628,0.0137810599516071
2024-09-20,2,-0.00250025400295861,-0.00502124782574764
2024-09-20,3,0.0281263543977497,0.0258638179031081
2024-09-20,4,-0.000383901818123533,-0.00300791303251291
2024-09-20,5,0.0159933152156677,0.0136899536252626
2024-09-20,6,0.0097681974047843,0.00814522850753541
2024-09-20,7,-0.00725231683551986,-0.0108979211920222
2024-09-20,8,0.0251538742999067,0.0236712074463687
2024-09-20,9,-0.00195381089234559,-0.0046380000270787
2024-09-20,10,0.0209621816190761,0.0180393798238976
2024-09-20,11,0.0188122451855346,0.0166410330408668
2024-09-20,12,0.02372596035001,0.0275259664850509
2024-09-20,13,0.0205862011793565,0.0304089941196519
2024-09-20,14,0.0259191597627977,0.0340815867341071
2024-09-20,15,0.0161825752659395,0.0239789177078151
2024-09-20,16,0.0254829956471365,0.0348454636317523
2024-09-20,17,0.0155011891053922,0.0246201292858688
2024-09-20,18,0.00836111067441525,0.0150500063394983
2024-09-20,19,0.0275711938422241,0.0360858790352525
2024-09-20,20,0.0257948226424549,0.0338959138013104
2024-09-20,21,0.00228706467849982,0.010038231656341
2024-09-20,22,-0.00105604601867526,0.00837203001821596
2024-09-20,23,-0.000545383989056347,0.00838392724651094
2024-09-20,24,-0.00977288073207916,-0.00192567814062183
2024-09-20,25,-0.0274622078897915,-0.0216119814036952
2024-09-20,26,0.00522068236768636,0.00924240090319195
2024-09-20,27,0.00612787353475852,0.00850376546613596
2024-09-20,28,0.00244571106447733,0.00635081533938475
2024-09-20,29,-0.0130348071044866,-0.0082950524541392
2024-09-20,30,-0.0180969577798598,-0.0174317705355129
2024-09-20,31,0.010106347049434,0.0122539962793997
2024-09-20,32,-0.0146488409327894,-0.0135791970518477
2024-09-20,33,0.0981280042597774,0.0980101832359672
2024-09-20,34,0.0541652108799688,0.0529636031327243
2024-09-20,35,-0.044156293899495,-0.0404223954771936
2024-09-20,36,0.100371043426575,0.0985506493661328
2024-09-20,37,0.0594144483692336,0.065792035233236
2024-09-20,38,-0.00487645871285913,0.000946227639320618
2024-09-20,39,-0.0196322273018552,-0.00991364984174492
2024-09-20,40,-0.11300932847861,-0.107637873546644
2024-09-20,41,0.103823160936694,0.107493772223726
2024-09-20,42,0.0450166122905049,0.0421302400297598
2024-09-20,43,-0.0631854799250773,-0.0570896696930285
2024-09-20,44,-0.062821770864165,-0.0552409775783351
2024-09-20,45,0.00853821078869466,0.0116950522997614
2024-09-20,46,-0.0195954990586946,-0.019101023886785
2024-09-20,47,-0.0434581792548636,-0.0388329697576735
2024-09-20,48,0.00493081647214666,0.0075471716978246
2024-09-20,49,-0.117900434712035,-0.121822872983357
2024-09-20,50,0.0227610901862549,0.0224314766446847
2024-09-20,51,-0.0555061797714052,-0.0622442678921633
2024-09-20,52,-0.00651341835645347,-0.00633331949976057
2024-09-20,53,0.0774714769212297,0.0733825109184831
2024-09-20,54,-0.0730248393356918,-0.0763587957809451
2024-09-20,55,-0.0036143577538672,-0.0023532566806157
2024-09-20,56,-0.0639418917429424,-0.0652145377575861
2024-09-20,57,-0.0230564277064396,-0.0202892662885734
2024-09-20,58,-0.0468711099421686,-0.04498388498543
2024-09-20,59,-0.00519768326260817,-0.00812563595741445
2024-09-20,60,0.0588928800593846,0.05558511462299
2024-09-20,61,-0.044367851803095,-0.0461088802488332
2024-09-20,62,-0.0272773326395086,-0.0304936667470832
2024-09-20,63,0.0196693038261184,0.0146456591407569
2024-09-20,64,-0.00381046094367665,-0.00635753612296863
2024-09-20,65,-0.00582396270798569,-0.00842291147747343
2024-09-20,66,0.051358004123041,0.0515432871511834
2024-09-20,67,0.00143062544353256,6.61926520120204e-05
2024-09-20,68,0.0218045938819849,0.0187268717282487
2024-09-20,69,0.0275249653357816,0.0215814794748956
2024-09-20,70,0.0053725183989286,0.00408841029502671
2024-09-20,71,0.0106388112266327,0.00990369665534008
2024-09-20,72,0.0265851429043051,0.0241326902300063
2024-09-20,73,-0.0246426865022347,-0.0245645928274634
2024-09-20,74,0.0144874588147408,0.0123699998148181
2024-09-20,75,-0.00858033738658825,-0.0106399478711063
2024-09-20,76,0.00441659024897323,0.00133226962302579
2024-09-20,77,-0.0313188179983426,-0.0343314567335389
2024-09-20,78,-0.0124250183289707,-0.0172511840159668
2024-09-20,79,-0.008631847986452,-0.0146072085318618
2024-09-20,80,-0.0088480336319563,-0.0139067382364653
2024-09-20,81,-0.00597060103934055,-0.0133650576221962
2024-09-20,82,-0.0170146190444429,-0.022255923033776
2024-09-20,83,-0.0123244124019166,-0.0196512562055107
2024-09-20,84,-0.0140478995388333,-0.0196806917611809
2024-09-20,85,-0.0192049098594689,-0.0157513788003154
2024-09-20,86,-0.029551843500931,-0.0270195110833447
2024-09-20,87,-0.0357719062226369,-0.0333562617916572
2024-09-20,88,-0.0215459864081691,-0.0192553463332779
2024-09-20,89,-0.043174015492859,-0.0431439861872418
2024-09-20,90,-0.0314782840679486,-0.0313446064017704
2024-09-20,91,-0.0342939028281064,-0.0349337132965042
2024-09-20,92,-0.0615443697762803,-0.0620556263393413
2024-09-20,93,-0.00555244022007351,-0.00816002615913103
2024-09-20,94,-0.0213068555301641,-0.0224554261904784
2024-09-20,95,-0.0278847458210842,-0.028954270044057
2024-09-20,96,-0.0220426932268634,-0.0236421767718484
2024-09-20,97,-0.0351384501026057,-0.0362621392543145
2024-09-20,98,-0.0429644030963674,-0.0430988248373385
2024-09-20,99,-0.024394756240123,-0.0254490054417955
2024-09-20,100,0.0106055484756968,0.0108245945070156
2024-09-20,101,-0.0203940540200724,-0.0198738634065245
2024-09-20,102,-0.0117160760386152,-0.0109594672940787
2024-09-20,103,0.00283810128639583,0.00319510822214664
2024-09-20,104,-0.0086811697173852,-0.00875643566020745
2024-09-20,105,-0.00148610543582528,0.000631027362143044
2024-09-20,106,-0.0147241263022959,-0.0142723048497357
2024-09-20,107,-0.00468704245739815,-0.00359696001381238
2024-09-20,108,-0.0025172383844545,-0.00270278311340455
2024-09-20,109,-0.0027948304191785,-0.0023855763584324
2024-09-20,110,0.00485037928250254,0.00485675464073854
2024-09-20,111,-0.0121518033300552,-0.0118159852596023
2024-09-20,112,-0.0124596121985139,-0.0129075219476018
2024-09-20,113,-0.00512219589383722,-0.00618548539209574
2024-09-20,114,-0.0161391735201528,-0.0188857817973274
2024-09-20,115,0.00191008264671577,0.00168728689356268
2024-09-20,116,-0.00379684581124096,-0.00513493247315289
2024-09-20,117,-0.00779674960822518,-0.00994498439964531
2024-09-20,118,-0.00491568178344437,-0.00533359845708237
2024-09-20,119,0.0152584886657356,0.014359326227189
2024-09-20,120,-0.0164504870112303,-0.0172979660401325
2024-09-20,121,-0.000281168912943386,-0.00109050192670246
2024-09-20,122,0.0035844225008077,0.00277048964061066
2024-09-20,123,-0.0054247754800798,-0.00653450576128911
2024-09-20,124,0.00807911984096243,0.00771678494842298
2024-09-20,125,-0.00594948578759436,-0.00616024782567948
2024-09-20,126,-0.00217882420075277,-0.00216786074517028
2024-09-20,127,0.0057781327221047,0.00379336830983856
2024-09-20,128,0.0294373359374624,0.0285829917088147
2024-09-20,129,0.0106589526561889,0.0109373648372086
2024-09-20,130,0.00603135705861835,0.00536198196160864
2024-09-20,131,-0.0102736485744055,-0.00870813452502617
2024-09-20,132,0.0121147009979596,0.0121157814540016
2024-09-20,133,0.0171087478617036,0.0167031631009324
2024-09-20,134,0.00970526154677653,0.00955167313444871
2024-09-20,135,0.0155127021796,0.0148210844980854
2024-09-20,136,0.0245705288359321,0.0258750798218763
2024-09-20,137,0.0069960454677771,0.00702553699662456
2024-09-20,138,0.00673575715630648,0.00749302062015822
2024-09-20,139,0.0317915707883669,0.0303934817970601
2024-09-20,140,0.0265419831385358,0.027559668406524
2024-09-20,141,0.0161213197324033,0.0163296460329514
2024-09-20,142,0.0278518438487572,0.0288952397359363
2024-09-20,143,0.0269325657802613,0.0275429855786884
2024-09-20,144,0.0277476115790281,0.0279996246468537
2024-09-21,2,0.00868326032564948,0.00743556732192197
2024-09-21,3,0.0117241966658339,0.0104553584394109
2024-09-21,4,-0.00486214619195557,-0.00605799019821873
2024-09-21,5,0.018860168214891,0.0174035244978974
2024-09-21,6,0.0169841190767759,0.0175635351963264
2024-09-21,7,0.002240056495455,-1.73877697440261e-05
2024-09-21,8,0.0199079858606437,0.0185167217510998
2024-09-21,9,0.0123132426185801,0.0101034785827601
2024-09-21,10,0.00261421172460352,0.00235761426286452
2024-09-21,11,0.0129608435890596,0.0105472018961166
2024-09-21,12,0.0257179613137621,0.0281087515376548
2024-09-21,13,0.0195727946871651,0.0272581666575435
2024-09-21,14,0.0301245494420339,0.0378625294009503
2024-09-21,15,0.00178858269313942,0.00909733413204883
2024-09-21,16,0.0107630971854675,0.0194070777048347
2024-09-21,17,0.00549549385510506,0.0128627754791131
2024-09-21,18,0.00290523589393032,0.0115067021571358
2024-09-21,19,-0.0121127908677945,-0.00340788677652704
2024-09-21,20,-0.00126894699245916,0.00532866068784887
2024-09-21,21,-0.0084122564412139,-0.000387449064661816
2024-09-21,22,-0.0103631256837495,-0.00212543172339963
2024-09-21,23,-0.0289209833986224,-0.0215262946064598
2024-09-21,24,-0.0086311986300025,-0.000257660871660903
2024-09-21,25,0.00034464278596591,0.0065036105336187
2024-09-21,26,-0.00364337819172089,0.000757527496645594
2024-09-21,27,0.0221868122640974,0.0229223545101371
2024-09-21,28,-0.0171733772700353,-0.0140900472214209
2024-09-21,29,-0.00780511796071259,-0.00366322606102543
2024-09-21,30,-0.000441430382871921,0.00321189106209019
2024-09-21,31,-0.0106389763941319,-0.00988356101790799
2024-09-21,32,-0.0036852283495632,0.000226640481876039
2024-09-21,33,0.0380612445151423,0.037740549990243
2024-09-21,34,-0.00176118722279295,-0.000256828951141763
2024-09-21,35,-0.0403245586771801,-0.0363883134231324
2024-09-21,36,0.0753555978000602,0.0734924089114912
2024-09-21,37,-0.0162226840776256,-0.00982629610977614
2024-09-21,38,-0.00103633819735816,0.000131957047990738
2024-09-21,39,0.00440002220048807,0.00784728301146398
2024-09-21,40,0.0437267812256081,0.041416967396243
2024-09-21,41,-0.0262496055240327,-0.0233396827700458
2024-09-21,42,0.0304679648757817,0.0331255198504765
2024-09-21,43,0.0638765627191775,0.064779065620991
2024-09-21,44,0.0447625625423544,0.0464857944436101
2024-09-21,45,-0.019193903457416,-0.0152542560666475
2024-09-21,46,-0.0181386217604285,-0.0152495082981732
2024-09-21,47,0.0398076086907997,0.0412234346311715
2024-09-21,48,0.114556132822148,0.114643653389711
2024-09-21,49,-0.0104928143512533,-0.00948658395290902
2024-09-21,50,-0.0247499859745233,-0.0210039586954709
2024-09-21,51,-0.0177332467972731,-0.0168984301691752
2024-09-21,52,0.0232374751430973,0.0245050561718667
2024-09-21,53,-0.026114275670845,-0.0274899044676618
2024-09-21,54,0.056918854994362,0.0578292481199547
2024-09-21,55,0.108404023342272,0.106739948366799
2024-09-21,56,0.0723155626672645,0.0723100222548707
2024-09-21,57,-0.0577302747590256,-0.055494960009411
2024-09-21,58,0.0259933718651277,0.02732880273307
2024-09-21,59,0.00705848459912772,0.00780982632625271
2024-09-21,60,0.118889487461792,0.11970729553593
2024-09-21,61,-0.0255769056128168,-0.025577021394553
2024-09-21,62,0.0904895579460581,0.0932473276374868
2024-09-21,63,0.0420034524717563,0.0444989767798578
2024-09-21,64,-0.168843865177522,-0.163322008460224
2024-09-21,65,-0.0538938416408747,-0.0525196937562136
2024-09-21,66,-0.0281792321804639,-0.030187835149845
2024-09-21,67,-0.030519045615355,-0.0340924674665946
2024-09-21,68,-0.0218084164218375,-0.0260909276280028
2024-09-21,69,-0.0352931411762718,-0.0382055937235846
2024-09-21,70,-0.0641516195957754,-0.0652854728891334
2024-09-21,71,-0.0337602820322296,-0.0348166069432452
2024-09-21,72,-0.0569846145590764,-0.0603367757991897
2024-09-21,73,-0.0410175180294079,-0.0458453294213355
2024-09-21,74,-0.0212435121389554,-0.0262837882940996
2024-09-21,75,-0.0336497527922841,-0.039736721719569
2024-09-21,76,-0.0159016092838167,-0.0207824752842711
2024-09-21,77,-0.0140446428498837,-0.0208112044807738
2024-09-21,78,-0.0296155118780677,-0.0369353118226003
2024-09-21,79,0.00341422111977341,-0.00193805546713399
2024-09-21,80,-0.00946460175014963,-0.0165635352264264
2024-09-21,81,-0.0144243704212279,-0.0206000759210809
2024-09-21,82,0.00029937691472437,-0.00665610518696003
2024-09-21,83,-0.00759785905136834,-0.0127657817925746
2024-09-21,84,-0.00859092158563435,-0.0135465180846834
2024-09-21,85,-0.00817143459237535,-0.00497136850840718
2024-09-21,86,-0.0303995906877113,-0.0276551590000356
2024-09-21,87,-0.03471881236465,-0.0331540814615616
2024-09-21,88,-0.0161553526289362,-0.0136841136974679
2024-09-21,89,-0.027386498972553,-0.0256015357004982
2024-09-21,90,-0.0428811982043298,-0.0431029355089763
2024-09-21,91,-0.030397178281758,-0.0298939032856822
2024-09-21,92,-0.027826922795378,-0.0259129689711877
2024-09-21,93,-0.0299971694305006,-0.029977498295799
2024-09-21,94,-0.0312112019442408,-0.0305510003534648
2024-09-21,95,-0.0280140933093795,-0.0267571810169303
2024-09-21,96,-0.0348605549200238,-0.035386036088985
2024-09-21,97,-0.0377449382904791,-0.0380159327495937
2024-09-21,98,0.00417616675431809,0.00361399062147161
2024-09-21,99,-0.0315956112918148,-0.0320103112672809
2024-09-21,100,-0.0227610245756731,-0.0229363596777477
2024-09-21,101,-0.00686051390152898,-0.00668179735907692
2024-09-21,102,-0.00638530233913848,-0.00604832328389637
2024-09-21,103,-0.00422756059705875,-0.00416554738304153
2024-09-21,104,-0.0159267085257824,-0.0161314259756837
2024-09-21,105,-0.0206739317219018,-0.0193336920214016
2024-09-21,106,-0.00970163867060769,-0.00900315079578107
2024-09-21,107,-0.00843599487352176,-0.0081727343905813
2024-09-21,108,0.010947454286387,0.012054674194018
2024-09-21,109,-0.00113214517647187,-0.000142672776513031
2024-09-21,110,0.00615508021464528,0.00800191803917816
2024-09-21,111,-0.00154227707172083,-0.00219392349734626
2024-09-21,112,0.00142900642471666,0.00253073937421
2024-09-21,113,0.000980203436237836,0.00206297376574582
2024-09-21,114,-0.00643898807870169,-0.00669671608272804
2024-09-21,115,0.0174342135149033,0.0188114181019996
2024-09-21,116,-0.0055392415947173,-0.00661870451637459
2024-09-21,117,0.00482166280255836,0.00410925514555416
2024-09-21,118,-0.00381609506822578,-0.00314569073609761
2024-09-21,119,0.00193214841523925,0.00108260116700265
2024-09-21,120,0.00399872674979473,0.00406480838292556
2024-09-21,121,0.0129103963515886,0.0125076503987458
2024-09-21,122,-0.000911667309170028,-0.00073058857286945
2024-09-21,123,-0.00684022263662154,-0.00812199780471534
2024-09-21,124,0.0166420789441029,0.0164950395064993
2024-09-21,125,0.0249275815988836,0.0245828156335595
2024-09-21,126,0.00481125247199277,0.00518859405898286
2024-09-21,127,0.000621554430048299,0.000880499476177299
2024-09-21,128,0.000290035120981358,-0.000164401336544273
2024-09-21,129,0.0185513938639525,0.0174961295870908
2024-09-21,130,0.0032948734004643,0.00286448102925263
2024-09-21,131,0.00619149334162472,0.0047412528391586
2024-09-21,132,0.0208802460495816,0.0212226045577992
2024-09-21,133,0.00605673456616884,0.00420979907253738
2024-09-21,134,0.0105079323835557,0.0104586386573189
2024-09-21,135,0.0130527375337559,0.0119994308447851
2024-09-21,136,0.0135568950493843,0.0129236294762878
2024-09-21,137,0.00540251061048824,0.0033694333831269
2024-09-21,138,0.0324521315529909,0.0331186480833967
2024-09-21,139,0.00575752111069061,0.00434128368700115
2024-09-21,140,0.00919724119297616,0.00804249357693454
2024-09-21,141,0.0215320594512143,0.0193537814929297
2024-09-21,142,0.00638680050057161,0.00623742791848514
2024-09-21,143,0.0169298127162651,0.0156104863824087
2024-09-21,144,0.0173872628974863,0.0155321488271998
2024-09-22,2,0.0373014259642392,0.0371160304498712
2024-09-22,3,0.01516735943106,0.0132646568146821
2024-09-22,4,0.0109770532779887,0.00988381002157812
2024-09-22,5,0.0296325647757412,0.027976119594018
2024-09-22,6,0.0174751398546542,0.0144547266670987
2024-09-22,7,0.0219146316896843,0.0202328592219976
2024-09-22,8,0.0112310123654078,0.00953891089014736
2024-09-22,9,0.0298126254179065,0.0266263998837282
2024-09-22,10,0.0286535031983686,0.027867735044758
2024-09-22,11,0.004951329530547,0.00224476353946201
2024-09-22,12,0.0289946914586743,0.0295239006129346
2024-09-22,13,0.0342982152484259,0.0392743446279926
2024-09-22,14,0.0184544183620599,0.0249455939579279
2024-09-22,15,0.0313701774598663,0.0390706573787067
2024-09-22,16,0.00946936676322707,0.0161134643727836
2024-09-22,17,0.030555240526347,0.0388773023757043
2024-09-22,18,0.0116210009822204,0.0196370304003777
2024-09-22,19,-0.00298769446500646,0.00399147203615424
2024-09-22,20,0.00177426600828756,0.00859720793672203
2024-09-22,21,0.012329058703779,0.0205636511252223
2024-09-22,22,-0.0149580651107817,-0.00666091893580578
2024-09-22,23,0.00349232618026196,0.0115195953319445
2024-09-22,24,-0.00572140793873199,0.00378459042176438
2024-09-22,25,-0.00124948118185308,0.00561352468251108
2024-09-22,26,0.00222909518008052,0.00576556944077655
2024-09-22,27,0.0271641204169883,0.0319483197745063
2024-09-22,28,0.00140711762892565,0.00676903054469769
2024-09-22,29,-0.00423778162237465,-0.000436334027869911
2024-09-22,30,-0.000134924899930056,0.00379587722091035
2024-09-22,31,-0.0332298805844164,-0.0312078689836417
2024-09-22,32,-0.000822098349609668,0.000907954490765306
2024-09-22,33,0.0432850367888218,0.045191108039278
2024-09-22,34,-0.0201399516658798,-0.0173447240269251
2024-09-22,35,-0.0424740038807396,-0.0421814834628655
2024-09-22,36,0.0570759384567552,0.0579016112825368
2024-09-22,37,-0.0319063814489873,-0.0296476630373972
2024-09-22,38,-0.0231297470236811,-0.0220353096227139
2024-09-22,39,0.025480210615858,0.0270554748535057
2024-09-22,40,0.0241869828350225,0.0239261566842597
2024-09-22,41,0.00201628316697189,0.00156874296413356
2024-09-22,42,-0.00928807941967236,-0.00878072209956215
2024-09-22,43,0.0593191071457682,0.060123841230058
2024-09-22,44,0.0100657039825567,0.00917848299940882
2024-09-22,45,-0.0215130214333996,-0.0211538878847026
2024-09-22,46,0.012287379113479,0.0141261632249199
2024-09-22,47,0.016743994249051,0.0172569373653033
2024-09-22,48,0.0607663565058827,0.0590433521930791
2024-09-22,49,-0.010134219360336,-0.0113986118915816
2024-09-22,50,0.00846918454011902,0.00942063843212804
2024-09-22,51,-0.0093482559197593,-0.00982837484724985
2024-09-22,52,0.00529162225652691,0.00428693707180283
2024-09-22,53,0.00133299008570731,0.000766235308051755
2024-09-22,54,0.0448545179531319,0.0418273435117626
2024-09-22,55,0.0821679790709844,0.0807239529533854
2024-09-22,56,0.0682520637061419,0.0637923161190601
2024-09-22,57,-0.0432759649655843,-0.0422563113841932
2024-09-22,58,0.031334341119206,0.0307786904335945
2024-09-22,59,0.0328912103690779,0.0335272050706594
2024-09-22,60,0.0580210949847251,0.0561839234915222
2024-09-22,61,0.0083026120422609,0.00745874177690986
2024-09-22,62,0.0629293396719621,0.0623116731334257
2024-09-22,63,0.0123828732214912,0.0130423468926191
2024-09-22,64,-0.152576167070026,-0.149085289501953
2024-09-22,65,-0.031571314534669,-0.0321650718715594
2024-09-22,66,-0.0303836390996528,-0.0326565012343458
2024-09-22,67,-0.0199395213823079,-0.0216110977204638
2024-09-22,68,-0.0208735279260797,-0.0240881746819923
2024-09-22,69,-0.0459652956967105,-0.0476099961157885
2024-09-22,70,-0.0523596121154295,-0.0526712892096866
2024-09-22,71,-0.0495982858724755,-0.0500317025838672
2024-09-22,72,-0.0449679801042642,-0.0490728778391984
2024-09-22,73,-0.0344498353215252,-0.0380124635228709
2024-09-22,74,-0.0340749490088887,-0.039943168683112
2024-09-22,75,-0.005735765000078,-0.0105178154875691
2024-09-22,76,-0.0249110559504953,-0.030885861409593
2024-09-22,77,-0.0203069025241485,-0.0267135931075151
2024-09-22,78,-0.0106554045106231,-0.0167465818733863
2024-09-22,79,0.00577442107413795,0.00031889979087385
2024-09-22,80,-0.011056349105881,-0.0172159083999031
2024-09-22,81,-0.00477601329603417,-0.0098226573357616
2024-09-22,82,-0.00344208577540162,-0.00935151271996837
2024-09-22,83,0.00199496850075143,-0.0044670151499675
2024-09-22,84,-0.000724517670248837,-0.00251038299072981
2024-09-22,85,-0.00850370781134124,-0.00568709883750973
2024-09-22,86,-0.0238834154333043,-0.021772348254907
2024-09-22,87,-0.0265845383668797,-0.0243400483648424
2024-09-22,88,-0.0297350482242944,-0.0287134064686736
2024-09-22,89,-0.0205640629202248,-0.0182836125767167
2024-09-22,90,-0.0263573414097005,-0.0254922904790957
2024-09-22,91,-0.0240074546771902,-0.0221386578693741
2024-09-22,92,-0.0491165410122525,-0.0493563941660575
2024-09-22,93,-0.023766595251308,-0.0231158793217023
2024-09-22,94,-0.0158585129710485,-0.0164407464037328
2024-09-22,95,-0.0304353592337154,-0.0309136277648898
2024-09-22,96,-0.0145191128404107,-0.0143826207915865
2024-09-22,97,-0.0272806910633152,-0.0274384911285299
2024-09-22,98,-0.028381096203911,-0.0286489110281902
2024-09-22,99,-0.0172143234986457,-0.0168283689097777
2024-09-22,100,-0.0210552619711315,-0.021867083885792
2024-09-22,101,-0.00620607737509715,-0.00501239503681195
2024-09-22,102,-0.0206518563451432,-0.0206341216819803
2024-09-22,103,-0.0118930295067781,-0.0111315913579118
2024-09-22,104,-0.0137248854950638,-0.0122172364263831
2024-09-22,105,-0.0164900329488384,-0.0166210446379917
2024-09-22,106,-0.0110900092236195,-0.0112952690142389
2024-09-22,107,-0.00986399806851779,-0.00884492748049759
2024-09-22,108,-0.0176300018802413,-0.0174935870397315
2024-09-22,109,0.0104469623217369,0.011712203546054
2024-09-22,110,-0.0156770788198992,-0.0146842933736302
2024-09-22,111,0.00190856643346216,0.00233472518982314
2024-09-22,112,-0.0126572732023522,-0.0129647928223902
2024-09-22,113,-0.00652313062224241,-0.00648816021499599
2024-09-22,114,-0.0206285974032552,-0.021896737759759
2024-09-22,115,0.0025562399050516,0.00241073074883857
2024-09-22,116,-0.00945561971170328,-0.0108097510612204
2024-09-22,117,-0.00058292558350459,-0.000279443389739953
2024-09-22,118,0.00261012326132626,0.00167671087140508
2024-09-22,119,-0.00282211686681766,-0.00284185538895354
2024-09-22,120,0.00267633797051392,0.00215521001499752
2024-09-22,121,0.00176105418819983,0.00171539796613551
2024-09-22,122,-0.0225097930910625,-0.0246609117792556
2024-09-22,123,0.0145213381655482,0.0142262242457392
2024-09-22,124,-0.0131892384133412,-0.0128858027338072
2024-09-22,125,-0.0146664052627852,-0.0163034979493402
2024-09-22,126,0.022032537308851,0.0210776191630195
2024-09-22,127,-0.0162951728504783,-0.0169173466917227
2024-09-22,128,0.0175031181129839,0.017411034337802
2024-09-22,129,-0.00166772200472121,-0.00288259282540526
2024-09-22,130,0.00876584704765193,0.0079316561712357
2024-09-22,131,0.00743153753132564,0.00663935020220308
2024-09-22,132,-0.00838388517993494,-0.00832417750859182
2024-09-22,133,0.0168499434400857,0.0153372705229291
2024-09-22,134,-0.00455730213719097,-0.00584907990288208
2024-09-22,135,0.0140252926180553,0.0125901707241463
2024-09-22,136,0.00216308922238184,0.00122164376961909
2024-09-22,137,0.00935194641546655,0.00746770594161816
2024-09-22,138,-0.00512525832959021,-0.00692845269512343
2024-09-22,139,0.002446711130486,0.00128595954299726
2024-09-22,140,0.0150419454896706,0.0117356456152153
2024-09-22,141,-0.00378233147245499,-0.00431105363241802
2024-09-22,142,0.00689902767554251,0.00565377226829256
2024-09-22,143,-0.00313748296670013,-0.00617516496835968
2024-09-22,144,0.0166868246854479,0.0153824009007391
2024-09-23,2,0.0200474120853098,0.0187772385171936
2024-09-23,3,0.00180407256770909,-0.00124747958802196
2024-09-23,4,0.00305041250834126,-7.6247066234103e-05
2024-09-23,5,0.01978210203053,0.0174836569462453
2024-09-23,6,0.00913409171294788,0.00695755316439506
2024-09-23,7,0.00922507541215545,0.00561421834550835
2024-09-23,8,0.0143389798423197,0.0134927218769016
2024-09-23,9,0.0171210344221358,0.013872881971043
2024-09-23,10,0.00354594816033327,-9.82562678606413e-05
2024-09-23,11,0.0287670229113104,0.025097358021779
2024-09-23,12,0.00859083808027172,0.00771808295621579
2024-09-23,13,0.0171873469185275,0.0250827451127646
2024-09-23,14,0.0237018976101879,0.0318218070915517
2024-09-23,15,0.0210412153017376,0.0295563973800173
2024-09-23,16,0.0181626380460145,0.0247443531421201
2024-09-23,17,0.0501803251326223,0.0573450803004434
2024-09-23,18,0.0319846511958986,0.0420385623635209
2024-09-23,19,0.0112747626952334,0.0213696651437383
2024-09-23,20,0.0261985805489271,0.0362351581915572
2024-09-23,21,0.0125103700890437,0.0206391660129244
2024-09-23,22,0.0158548326936536,0.028552504047421
2024-09-23,23,0.00201516740237739,0.0131128900828781
2024-09-23,24,0.00789016056003966,0.0182805934744943
2024-09-23,25,0.0275856241501033,0.0374330881002161
2024-09-23,26,0.0209278193303151,0.0256750537275812
2024-09-23,27,0.0241197278358216,0.031884358403901
2024-09-23,28,-0.00967470853714314,-0.00127016796119417
2024-09-23,29,0.0102267064062316,0.0177788574405175
2024-09-23,30,0.0272199883502049,0.0336409496794179
2024-09-23,31,0.0117183012313244,0.014028894809516
2024-09-23,32,0.0132943466247797,0.0180278795857589
2024-09-23,33,-0.000913347961911448,0.00669321574171544
2024-09-23,34,-0.036161904263273,-0.0296299316777926
2024-09-23,35,-0.00841913556105123,-0.000279508766342751
2024-09-23,36,-0.0288903107258163,-0.0229963473817714
2024-09-23,37,-0.0366773097111226,-0.0288704254144783
2024-09-23,38,-0.00956664329070644,-0.00529288242151793
2024-09-23,39,-0.0190002378030938,-0.0146826632688386
2024-09-23,40,0.0201577304288216,0.0212393805435118
2024-09-23,41,-0.0147837627668208,-0.012635873282453
2024-09-23,42,-0.0244378995471912,-0.0240925039319837
2024-09-23,43,-0.0157934076292445,-0.01668021793932
2024-09-23,44,-0.0220600694389228,-0.0205258038788925
2024-09-23,45,-0.0157072513510785,-0.0136280328155669
2024-09-23,46,-0.00993264340709654,-0.0108235305017379
2024-09-23,47,-0.0358223254175556,-0.0375812590633293
2024-09-23,48,0.0536587037739418,0.0523463536084154
2024-09-23,49,-0.0538732719992829,-0.0549443909678198
2024-09-23,50,-0.0334101321491449,-0.0345262361440106
2024-09-23,51,0.0212710010889907,0.0214437477225031
2024-09-23,52,-0.0454549173079872,-0.0479624172362048
2024-09-23,53,-0.011257729254484,-0.0122493330380475
2024-09-23,54,0.00263721194347522,0.000670654490409817
2024-09-23,55,0.0311043366752868,0.0262379456311468
2024-09-23,56,0.0179022980684813,0.0146752476073901
2024-09-23,57,-0.0373646701210912,-0.0381801615930808
2024-09-23,58,0.00231984337778002,9.77559943429185e-05
2024-09-23,59,0.00424245014032376,0.00137703107530474
2024-09-23,60,0.00506432199893059,0.00194872167744187
2024-09-23,61,0.00352110711643849,0.00223117699995079
2024-09-23,62,0.0441342143367356,0.0421074182056351
2024-09-23,63,-0.0385416983720459,-0.0405129765670988
2024-09-23,64,-0.102214770193934,-0.10114103810598
2024-09-23,65,-0.0107637200489119,-0.0136183128043035
2024-09-23,66,-0.00280529302825006,-0.00701472913881318
2024-09-23,67,-0.0146381770024693,-0.01715054656347
2024-09-23,68,0.0102147948813842,0.00793126132692912
2024-09-23,69,-0.0143784315293187,-0.0181203628952664
2024-09-23,70,-0.0500523761453122,-0.0527176305713546
2024-09-23,71,-0.00761380015578883,-0.0121999030792406
2024-09-23,72,0.0158497607785399,0.0115858226587333
2024-09-23,73,-0.00736633320860491,-0.0150047366074242
2024-09-23,74,0.031246275710382,0.0251352665587392
2024-09-23,75,0.0150808338813393,0.00691848744730006
2024-09-23,76,0.0287369675273137,0.0215780655819477
2024-09-23,77,0.0226086122328484,0.0175567140921791
2024-09-23,78,-0.0125123248919508,-0.0183923037741174
2024-09-23,79,-0.0176015132150518,-0.0230831587962896
2024-09-23,80,-0.012345120464424,-0.0191543062632684
2024-09-23,81,-0.00456297590039956,-0.0116177493549259
2024-09-23,82,-0.00718653408186576,-0.0145341586095018
2024-09-23,83,-0.00621564003034347,-0.0129889826330016
2024-09-23,84,-0.000959741925537827,-0.00157298326631672
2024-09-23,85,-0.0127057225061318,-0.0104279021931681
2024-09-23,86,-0.0152642574095889,-0.0122305950054793
2024-09-23,87,-0.0241286881514977,-0.0223597627112166
2024-09-23,88,-0.0252187960241388,-0.0239017889081445
2024-09-23,89,-0.035838727566496,-0.0336421229882706
2024-09-23,90,-0.019730505467205,-0.0182772128075559
2024-09-23,91,-0.0307367204784423,-0.0306533679840442
2024-09-23,92,-0.0211404909481248,-0.021272713008984
2024-09-23,93,-0.0362345638249044,-0.0356447583277752
2024-09-23,94,-0.0332129114696142,-0.0333033547109727
2024-09-23,95,-0.0175879261557368,-0.0177941649193007
2024-09-23,96,-0.010351178715192,-0.0109568712890358
2024-09-23,97,-0.0257950223669852,-0.0254902589136954
2024-09-23,98,-0.0316505024814235,-0.0322700870331518
2024-09-23,99,-0.02625003605419,-0.0273989124326768
2024-09-23,100,-0.0138566894239194,-0.013423752888138
2024-09-23,101,-0.0276429961586047,-0.0268370419750061
2024-09-23,102,-0.0152833254737148,-0.0162340417443323
2024-09-23,103,-0.0113765303086941,-0.0118689081809089
2024-09-23,104,-0.0180752561434439,-0.018474117176293
2024-09-23,105,-0.0112490800544167,-0.0112467845370707
2024-09-23,106,-0.0194195240549835,-0.0198402968403446
2024-09-23,107,-0.0034906305344995,-0.00237518137862835
2024-09-23,108,-0.0145410603282219,-0.0133855047350258
2024-09-23,109,-0.00173166867724817,-0.00152123304947871
2024-09-23,110,-0.00985069261238536,-0.00874216236406422
2024-09-23,111,-0.00627027606684116,-0.00521204580332579
2024-09-23,112,-0.000145637802370757,-0.000826646843477441
2024-09-23,113,-7.12834647407234e-05,0.000250895293856246
2024-09-23,114,-0.00997073302173757,-0.0101146626591095
2024-09-23,115,-0.0106071830357122,-0.0108017860611076
2024-09-23,116,0.00808934283646234,0.00947690973169557
2024-09-23,117,-0.00671042806898914,-0.00822764526403486
2024-09-23,118,-0.016512525948051,-0.0184410290566372
2024-09-23,119,0.0136315500975517,0.0132487568545754
2024-09-23,120,-0.0102821204012971,-0.011287590284482
2024-09-23,121,0.00684105896137144,0.00736946259577742
2024-09-23,122,-0.019653665398919,-0.0211889723487992
2024-09-23,123,0.00655856789059683,0.00560502792478523
2024-09-23,124,0.00461055876731731,0.00335623599408308
2024-09-23,125,0.00371679182577633,0.00335925651596014
2024-09-23,126,0.00878178185209588,0.00797629060732596
2024-09-23,127,-0.00343256039663764,-0.00507640430940981
2024-09-23,128,0.00880916332845061,0.00839420415826453
2024-09-23,129,-0.00051048399367648,-0.00133901355372146
2024-09-23,130,0.0147672181272531,0.0138372744809834
2024-09-23,131,-0.0057084576968709,-0.00735871367417307
2024-09-23,132,0.0132800214946363,0.0118738027014356
2024-09-23,133,-0.013989093730598,-0.0166056960109078
2024-09-23,134,0.0119057976719388,0.0103826167318166
2024-09-23,135,0.00763149457755219,0.00665842545360906
2024-09-23,136,0.00205772757661471,0.00105002067819449
2024-09-23,137,0.00155802965709828,-0.000901694894016813
2024-09-23,138,0.000851053169951044,-0.00163064242145428
2024-09-23,139,0.024247877004254,0.0244037995363815
2024-09-23,140,0.00613847669528678,0.00326400345381028
2024-09-23,141,0.0162944037707566,0.0161780404465022
2024-09-23,142,-0.000864786723138167,-0.0042067304485176
2024-09-23,143,0.000318923979321539,-0.000800104798543089
2024-09-23,144,0.0294478418119146,0.0289915319600489
2024-09-24,2,0.026644505012583,0.0235196803843225
2024-09-24,3,0.019167863786171,0.0177562373076139
2024-09-24,4,0.0146836235890833,0.0106663194270364
2024-09-24,5,0.0265543389087322,0.0250160490490421
2024-09-24,6,0.0197239656397539,0.0164503540919538
2024-09-24,7,0.0249438021393367,0.0229040922392478
2024-09-24,8,0.0256594195531203,0.0231868139445508
2024-09-24,9,0.0287420160682634,0.0258450434709179
2024-09-24,10,0.0134796732236691,0.00927954924648056
2024-09-24,11,0.0312255351700603,0.0286394345581469
2024-09-24,12,0.0274447595039478,0.0250348944404388
2024-09-24,13,0.0390905072608687,0.0453000228312135
2024-09-24,14,0.0227605609552093,0.028347036695771
2024-09-24,15,0.0294071463304277,0.0373588866542676
2024-09-24,16,0.0108143011756114,0.0181922744518523
2024-09-24,17,0.0217263878092879,0.0306122306743246
2024-09-24,18,0.0196406796491599,0.0294971309340424
2024-09-24,19,0.00460044414414096,0.0134012172828877
2024-09-24,20,-0.0117732339866636,-0.003306626816725
2024-09-24,21,0.0113983543631155,0.0227757585223607
2024-09-24,22,-0.000743012035540502,0.010306250624617
2024-09-24,23,-0.0234208460268297,-0.013077325082441
2024-09-24,24,-0.00904299073595904,0.00311696442904807
2024-09-24,25,0.00246993368233639,0.0118795516129753
2024-09-24,26,0.0184659629487145,0.0272539729865908
2024-09-24,27,0.0346870242634658,0.0403806872725001
2024-09-24,28,0.00888149560420715,0.0166379489690049
2024-09-24,29,0.00179745074902016,0.00818776924201803
2024-09-24,30,-0.0144266608325507,-0.00846838445255926
2024-09-24,31,0.0108659876095514,0.0181321774474537
2024-09-24,32,0.0093017428143165,0.0137177063472809
2024-09-24,33,0.0179294237006342,0.022122776497989
2024-09-24,34,-0.000955723603089709,0.00359556355033508
2024-09-24,35,0.00731035459358509,0.0111679825795479
2024-09-24,36,0.0397647428908732,0.0446875086657323
2024-09-24,37,-0.0108041839455,-0.00713920524115874
2024-09-24,38,-0.0383440322773669,-0.0351215143363426
2024-09-24,39,0.0270471458310553,0.030054443981463
2024-09-24,40,0.0395033926313042,0.0411611770964226
2024-09-24,41,0.0347922668576697,0.0365083503893091
2024-09-24,42,-0.0156667726813025,-0.0139937575048892
2024-09-24,43,0.0434890150670899,0.0457747719064736
2024-09-24,44,0.0120061612475704,0.0125619171735165
2024-09-24,45,-0.0136221964292584,-0.012469255358905
2024-09-24,46,0.0165181781940982,0.0192812777402951
2024-09-24,47,0.0412423764898229,0.0427309329005263
2024-09-24,48,0.0492713792350399,0.048848902075183
2024-09-24,49,-0.0195197226593864,-0.0193896566133365
2024-09-24,50,0.0121850967438455,0.0113471749609193
2024-09-24,51,0.0352000096175349,0.0369919510556738
2024-09-24,52,-0.000155100863773683,-0.00188823408709471
2024-09-24,53,0.0206322871270768,0.0205352593986241
2024-09-24,54,0.0307627202349199,0.0282798528984314
2024-09-24,55,0.0638683682623684,0.0616369211126768
2024-09-24,56,0.0384578861624219,0.0347189870120648
2024-09-24,57,-0.0208186198893303,-0.0222687885595594
2024-09-24,58,0.0746736925385374,0.0734949279187855
2024-09-24,59,0.00167968645515781,-0.00181673478012634
2024-09-24,60,0.0457157649955171,0.0463587052206744
2024-09-24,61,0.0250776466569027,0.0215407264504019
2024-09-24,62,0.0302217564645915,0.0294703178657274
2024-09-24,63,-0.0831408886952598,-0.083662789437736
2024-09-24,64,-0.074943466647837,-0.0747178235658268
2024-09-24,65,-0.0387603963000585,-0.0402998151654801
2024-09-24,66,-0.0247975729112717,-0.0269483830567046
2024-09-24,67,-0.0350554594613914,-0.0378458984001995
2024-09-24,68,-0.0179101562803075,-0.0205870026990773
2024-09-24,69,-0.0627500143869737,-0.0661146160379751
2024-09-24,70,-0.069449509735299,-0.070099249905069
2024-09-24,71,-0.0702520306740642,-0.073941238432643
2024-09-24,72,-0.0329196822326656,-0.035427515042012
2024-09-24,73,-0.0491826856470325,-0.0549736009142583
2024-09-24,74,-0.0282000987186271,-0.0336173751530495
2024-09-24,75,-0.0346486047057963,-0.0410812234456888
2024-09-24,76,-0.0244512933485019,-0.0315925821571819
2024-09-24,77,-0.0210978275075169,-0.02815091409395
2024-09-24,78,-0.0147298575236841,-0.0212969027695058
2024-09-24,79,-0.0289067149543962,-0.0365885936995012
2024-09-24,80,-0.0204299295779506,-0.0295801711093917
2024-09-24,81,0.0114203134630797,0.00410795800090824
2024-09-24,82,-0.0201315102687172,-0.0292653407002232
2024-09-24,83,-0.00169715930335368,-0.0107085422133464
2024-09-24,84,-0.00753866463442376,-0.00820977658407518
2024-09-24,85,-0.0173646069321638,-0.0161825662192756
2024-09-24,86,-0.0289642781810797,-0.0284781653570905
2024-09-24,87,-0.0323687264377277,-0.0319419504602205
2024-09-24,88,-0.0270564136577942,-0.0251666605545915
2024-09-24,89,-0.0261268885062651,-0.0246147998112853
2024-09-24,90,-0.027161790515585,-0.025310453682966
2024-09-24,91,-0.0141555861138256,-0.0126995584691287
2024-09-24,92,-0.0408842370011482,-0.0390735061605305
2024-09-24,93,-0.0258190420027997,-0.0239116469008493
2024-09-24,94,-0.0285390471257703,-0.0280398584449117
2024-09-24,95,-0.0173146971007769,-0.0154604191755974
2024-09-24,96,-0.0201938752403978,-0.018390278986248
2024-09-24,97,-0.0200155465986525,-0.0182171622115757
2024-09-24,98,-0.022095883670592,-0.0210993602698659
2024-09-24,99,-0.020546742054405,-0.0199239638939108
2024-09-24,100,-0.0208543788354669,-0.0192042740165403
2024-09-24,101,-0.0138198866275623,-0.0125651271267158
2024-09-24,102,-0.0106791220561675,-0.00806865913129062
2024-09-24,103,-0.0267347238571993,-0.0263620055472877
2024-09-24,104,0.00646079305747893,0.00933833701842879
2024-09-24,105,-0.0189847214963041,-0.0184490059172644
2024-09-24,106,-0.00432972222768058,-0.00302824642398836
2024-09-24,107,-0.0131953188275729,-0.0109488847636747
2024-09-24,108,-0.00624279801533856,-0.00509168341591248
2024-09-24,109,-0.00686482549026923,-0.00468586782620051
2024-09-24,110,-0.0042920881059354,-0.0036261814233356
2024-09-24,111,-0.00624656167735793,-0.00491216426867247
2024-09-24,112,0.00113148077790726,0.00241019984858415
2024-09-24,113,-0.00308666059240714,-0.00182303663714567
2024-09-24,114,-0.00811939734543898,-0.0083732712039355
2024-09-24,115,-0.0164685196826113,-0.0149295828987821
2024-09-24,116,-0.00250739550726298,-0.00284638293036377
2024-09-24,117,-0.0073588896469623,-0.0077784674591248
2024-09-24,118,0.00554684531263216,0.00584529518851973
2024-09-24,119,-0.00813506660474772,-0.00856482299147743
2024-09-24,120,-0.0173794129340585,-0.0178449758680133
2024-09-24,121,0.00414127529465791,0.00395189684402819
2024-09-24,122,-0.00803091884896645,-0.00855762920138492
2024-09-24,123,-0.00503942905050359,-0.00490540141965834
2024-09-24,124,0.0113728426325057,0.0118623831578519
2024-09-24,125,-0.0347924818698635,-0.0362597020587598
2024-09-24,126,0.0182084518329626,0.0188916193239645
2024-09-24,127,0.00786031017967481,0.00743747541793827
2024-09-24,128,-0.000946379806542552,-0.000246676144219471
2024-09-24,129,0.0145987271604673,0.0148172466420915
2024-09-24,130,-0.0104386524347477,-0.011477715312159
2024-09-24,131,0.0107051122530271,0.0104659602055293
2024-09-24,132,-0.00415958699223129,-0.00454460198131912
2024-09-24,133,0.00441275313301848,0.00403588688174139
2024-09-24,134,0.00977840626789117,0.00858594051341122
2024-09-24,135,0.00459539364565131,0.00365662209534356
2024-09-24,136,-0.000481400102587237,-0.00100492831882271
2024-09-24,137,-0.00175329263694834,-0.00317359430859554
2024-09-24,138,0.0279469132224657,0.0273185505604667
2024-09-24,139,-0.00279713562979023,-0.0038576971173736
2024-09-24,140,0.00530738462098679,0.00418037862705756
2024-09-24,141,0.0059592783966842,0.00519502389454995
2024-09-24,142,0.00258611516578799,0.000972610095550941
2024-09-24,143,0.0155790535664231,0.0147487822382555
2024-09-24,144,0.0173420073427204,0.0164198464293976
2024-09-25,2,0.0212743504009287,0.0199437264088358
2024-09-25,3,0.0206026204022072,0.0187909363808734
2024-09-25,4,0.0193024764848442,0.0178583694036263
2024-09-25,5,0.0249726877863017,0.0222875304346291
2024-09-25,6,0.0342391204670687,0.0338467821012758
2024-09-25,7,0.0217580849726522,0.0189272566268022
2024-09-25,8,0.0151877833667271,0.0123083973104574
2024-09-25,9,0.0364776948052494,0.0343406500697085
2024-09-25,10,0.0219269487882849,0.0189547479967294
2024-09-25,11,0.0209477698784655,0.0179295380009368
2024-09-25,12,0.0277666368676641,0.0247151308960794
2024-09-25,13,0.0360106697349369,0.0417898276032984
2024-09-25,14,0.0258457346993435,0.0338165421112793
2024-09-25,15,0.0229456134013324,0.0315738428314676
2024-09-25,16,0.0268596628315914,0.0360931082005678
2024-09-25,17,0.0164507585780767,0.0255967245368032
2024-09-25,18,0.0208771382913859,0.0306194337340955
2024-09-25,19,0.000586244955457005,0.0114353541368608
2024-09-25,20,-0.00232105061642152,0.00871995100399481
2024-09-25,21,-0.00884322048551933,0.0010976242317664
2024-09-25,22,0.00826428836695658,0.0217508514354519
2024-09-25,23,-0.0175396736210285,-0.00602571124571494
2024-09-25,24,-0.0214406658087238,-0.00984026148498529
2024-09-25,25,0.00525972831757393,0.0169988401165915
2024-09-25,26,0.0049519675132812,0.0129778939055649
2024-09-25,27,0.040815358518631,0.049319275865404
2024-09-25,28,0.00252618598232957,0.00960553697352129
2024-09-25,29,0.0113813044948525,0.0206365326667717
2024-09-25,30,-0.0131438569359199,-0.00658939544991188
2024-09-25,31,-0.0024495366155044,0.00348678174874184
2024-09-25,32,0.0152529765114338,0.0223090150851437
2024-09-25,33,0.00364442428424994,0.00826232827732287
2024-09-25,34,0.00794773465044507,0.0121540036091412
2024-09-25,35,0.0181124953256484,0.0215686508736734
2024-09-25,36,0.022619450384453,0.0248680257602878
2024-09-25,37,-0.00373318288084512,-0.000120034467109953
2024-09-25,38,-0.0294263073768564,-0.0249054903013084
2024-09-25,39,0.0276905317691725,0.0294947025784058
2024-09-25,40,0.0541829071125584,0.0565267378306853
2024-09-25,41,0.0314631368536205,0.030720660510684
2024-09-25,42,0.00829067444622478,0.0113933003518518
2024-09-25,43,0.0376584017064001,0.0395546496546899
2024-09-25,44,0.0246601982705394,0.0249085746866049
2024-09-25,45,-0.0175031907148027,-0.0155223132982281
2024-09-25,46,0.0303484879898912,0.0329897865028022
2024-09-25,47,0.0301122139118286,0.0306083749159987
2024-09-25,48,0.0510393604630597,0.0508829673223419
2024-09-25,49,-0.016342084829537,-0.0181646842684016
2024-09-25,50,0.0157205683494821,0.0176922004937659
2024-09-25,51,0.0417238790864083,0.0410026746005565
2024-09-25,52,-0.0106700092980718,-0.0139280671033823
2024-09-25,53,0.0410557971785224,0.0408703441827791
2024-09-25,54,0.0186672488266462,0.0176580326997424
2024-09-25,55,0.045877291055274,0.0425710068192462
2024-09-25,56,0.046561953150345,0.044129668063106
2024-09-25,57,0.0173328148495129,0.0161211928267866
2024-09-25,58,0.0489876602671577,0.0463470623739175
2024-09-25,59,5.39601905380493e-06,-0.00250749028878872
2024-09-25,60,0.0276225723890988,0.0261667063380768
2024-09-25,61,0.020125638468194,0.0188585060787645
2024-09-25,62,0.0236607274224445,0.0226537121317092
2024-09-25,63,-0.120017479342552,-0.118519544069712
2024-09-25,64,-0.052504266672825,-0.0521352101068855
2024-09-25,65,-0.040466089268941,-0.0400762005740969
2024-09-25,66,-0.0391487293959303,-0.0409304867132949
2024-09-25,67,-0.0202797690672396,-0.0215871327013648
2024-09-25,68,-0.0366264555467932,-0.0398239244913778
2024-09-25,69,-0.0777569066330219,-0.079062080934837
2024-09-25,70,-0.0709216647227846,-0.0701402142565533
2024-09-25,71,-0.0657453925529223,-0.0673643904833927
2024-09-25,72,-0.0578983237720863,-0.0616287934956192
2024-09-25,73,-0.0302926337214888,-0.0347721975591009
2024-09-25,74,-0.0353035119868705,-0.0403640204981874
2024-09-25,75,-0.0373288771774085,-0.0435693531116623
2024-09-25,76,-0.026991786383439,-0.0346360168982418
2024-09-25,77,-0.018634669740444,-0.0252665849483975
2024-09-25,78,-0.0221701353929769,-0.030328107306909
2024-09-25,79,-0.0138592105768267,-0.0216601368123097
2024-09-25,80,-0.00502412938266117,-0.0135962620073364
2024-09-25,81,-0.0136916986954763,-0.0233002353934868
2024-09-25,82,-0.00188335395772832,-0.00986178479644284
2024-09-25,83,-0.00656738366650966,-0.0149873122599882
2024-09-25,84,-0.0121307914749975,-0.0107846330621135
2024-09-25,85,-0.028088702870086,-0.0273687371196809
2024-09-25,86,-0.0248892497028055,-0.0229896441705133
2024-09-25,87,-0.0320899331528155,-0.0305580766056877
2024-09-25,88,-0.0135951222033777,-0.0106734102646242
2024-09-25,89,-0.0379407590490621,-0.0360484914795793
2024-09-25,90,-0.0261128363797534,-0.0245217788161649
2024-09-25,91,-0.0356247941028744,-0.0326755402858105
2024-09-25,92,-0.0111446051620749,-0.0075012302821067
2024-09-25,93,-0.0229266389040492,-0.021411458377945
2024-09-25,94,-0.0207594091197221,-0.01862105916004
2024-09-25,95,-0.0279440014898658,-0.0268396934710515
2024-09-25,96,-0.0199398334951044,-0.0178570397753623
2024-09-25,97,-0.023698664917466,-0.0227054793525192
2024-09-25,98,-0.0196330321991502,-0.0176205012120589
2024-09-25,99,-0.0161186917975424,-0.0145456802426343
2024-09-25,100,-0.0379648443569014,-0.0374592177488129
2024-09-25,101,-0.00780737373080953,-0.00556432112983707
2024-09-25,102,-0.0216213520662469,-0.0208831482176821
2024-09-25,103,-0.00642594732528856,-0.00469739635474298
2024-09-25,104,-0.0151873834709866,-0.0131734425307517
2024-09-25,105,-0.0146210227266774,-0.0134095771347411
2024-09-25,106,0.0112554055413501,0.0120841258260711
2024-09-25,107,-0.0120011862772795,-0.00980535229358459
2024-09-25,108,-0.00548189233794805,-0.0050992471037894
2024-09-25,109,-0.00317026223685435,-0.000406605840508334
2024-09-25,110,-0.015443029241057,-0.0155743006324442
2024-09-25,111,-0.0140354955603517,-0.0120681739905528
2024-09-25,112,0.00860274164322128,0.00910195169851491
2024-09-25,113,-0.00763671429362311,-0.0065718669065884
2024-09-25,114,0.00819267350512831,0.00891764707021192
2024-09-25,115,-0.0165198688370367,-0.0170790882027658
2024-09-25,116,0.00385608880082433,0.00514723216249369
2024-09-25,117,-0.012916921394253,-0.0146218995843306
2024-09-25,118,0.0117852635727109,0.0122232739592487
2024-09-25,119,0.00145593589413195,0.000352608949521382
2024-09-25,120,-0.00467453768061521,-0.00509090144691449
2024-09-25,121,-0.00921585964471117,-0.0107053267259234
2024-09-25,122,-0.00118706961269943,-0.00130958803889225
2024-09-25,123,0.00259830350464796,0.00165404776596922
2024-09-25,124,-0.000831863992552861,-0.00102394054427712
2024-09-25,125,0.0133204744692632,0.0126672982734064
2024-09-25,126,0.00528080042648327,0.00454410599239363
2024-09-25,127,-0.00504880760061965,-0.00580014029224518
2024-09-25,128,0.0025319352247255,0.000607803123487294
2024-09-25,129,-0.000766527484978852,-0.00126094004571975
2024-09-25,130,0.0020732327784776,0.000739459915839014
2024-09-25,131,0.00931827275913744,0.00911902037635759
2024-09-25,132,0.00307562485212287,0.000875645635048272
2024-09-25,133,0.00196832068571506,-0.000243795948835945
2024-09-25,134,0.0111292122596058,0.00921615145547783
2024-09-25,135,0.00322533547445758,0.00210413954039534
2024-09-25,136,0.00708407736508931,0.00435014699426883
2024-09-25,137,-0.0208721247562256,-0.023224550376054
2024-09-25,138,0.038817715033244,0.0390132188677033
2024-09-25,139,-0.0206032010476624,-0.0242026969548617
2024-09-25,140,0.0132283283717056,0.0118013133533807
2024-09-25,141,0.023828840960185,0.0223665821378827
2024-09-25,142,0.0198839100437311,0.0176960366443542
2024-09-25,143,-0.00724214724934047,-0.00985503747118077
2024-09-25,144,0.0100779494661998,0.00813306106690082
2024-09-26,2,-0.0092976826605291,-0.0125214428904474
2024-09-26,3,0.00430857845040222,0.00313140418944258
2024-09-26,4,-0.00591197291803613,-0.00796849723512771
2024-09-26,5,-0.00178540912713743,-0.0047992081017334
2024-09-26,6,-0.001697443080654,-0.00384365465193159
2024-09-26,7,0.00433690751261739,0.00217753983467972
2024-09-26,8,-0.000365103815547663,-0.00253754687511343
2024-09-26,9,0.00725051565746959,0.00545800009888708
2024-09-26,10,-0.0127802067861484,-0.0163305026891702
2024-09-26,11,0.0259383164131437,0.0257542938044093
2024-09-26,12,0.00421641539457696,0.000575815545749592
2024-09-26,13,0.0162521905026916,0.0218654595176444
2024-09-26,14,0.00878043757891156,0.0183054744302442
2024-09-26,15,-0.00283146099702059,0.00513631277534099
2024-09-26,16,0.026614488524257,0.0367179419556392
2024-09-26,17,0.0220834786640047,0.0305204601269926
2024-09-26,18,0.055399669660531,0.0643944942168231
2024-09-26,19,0.000273062795967505,0.00938999418336728
2024-09-26,20,0.00421802288717732,0.015188665310526
2024-09-26,21,-0.0116416044095855,-0.00132046415388576
2024-09-26,22,0.0300192636532381,0.0395027681989317
2024-09-26,23,0.0360311498982506,0.0464389547113679
2024-09-26,24,0.0278702823443711,0.0365918208119105
2024-09-26,25,0.0352676958103055,0.0452070611665656
2024-09-26,26,0.0435043880540222,0.0521662588912939
2024-09-26,27,-0.00632095067374028,-0.000237646419994242
2024-09-26,28,-0.00344291783691197,0.00619310436815113
2024-09-26,29,-0.00344305269301248,0.00577753883902776
2024-09-26,30,-0.00819629745348927,0.000836094156125178
2024-09-26,31,0.0202756836343623,0.0317629368923722
2024-09-26,32,-0.0274873026575309,-0.0196172686684406
2024-09-26,33,-0.0461092614837977,-0.0362755315702561
2024-09-26,34,-0.0135252731633981,-0.00349966048124628
2024-09-26,35,-0.0326456448310628,-0.0260169633309832
2024-09-26,36,0.00289763903624607,0.00544010386180638
2024-09-26,37,-0.0153861174574077,-0.0107039639144926
2024-09-26,38,-0.0190073192918305,-0.0162440194788784
2024-09-26,39,0.00795516525050477,0.00870709180239171
2024-09-26,40,0.0384236675806919,0.0376968336117116
2024-09-26,41,0.00316125440246928,0.00268175382709845
2024-09-26,42,-0.0159184617814896,-0.0135844301768175
2024-09-26,43,0.0346767737760194,0.0356037667200031
2024-09-26,44,0.000408005963648428,-0.000390076029118447
2024-09-26,45,-0.0213631446927289,-0.0210650191845527
2024-09-26,46,0.0164524079637527,0.0168127021194371
2024-09-26,47,0.00776494009569539,0.00808709204184677
2024-09-26,48,0.0341582986501274,0.0310508541028005
2024-09-26,49,-0.00669953540441703,-0.00563003434176679
2024-09-26,50,-0.0084519478649252,-0.00957893132950893
2024-09-26,51,0.0333437265356284,0.0334742446593559
2024-09-26,52,-0.0193467409302892,-0.0209960129941908
2024-09-26,53,0.0151528588194632,0.0125954714227268
2024-09-26,54,0.0476595154760435,0.0433368225627211
2024-09-26,55,0.031102419644184,0.0283076802764635
2024-09-26,56,0.0346305491303394,0.0321700264257423
2024-09-26,57,-0.00121664328543769,-0.0056267172883544
2024-09-26,58,0.01650408859728,0.0123269769937675
2024-09-26,59,0.00777383801033693,0.00622955994233099
2024-09-26,60,0.0415295029320761,0.0406289900112844
2024-09-26,61,-0.00642533492034669,-0.0103181472736935
2024-09-26,62,0.0180204369605477,0.0157688181347622
2024-09-26,63,-0.0807887143003327,-0.0809249717979901
2024-09-26,64,-0.0377333333074761,-0.0401844094915624
2024-09-26,65,-0.0281917562926584,-0.0300579385443136
2024-09-26,66,-0.00305258791651752,-0.00522184811043491
2024-09-26,67,0.00417025115884861,0.000989043768726994
2024-09-26,68,-0.0281099882313471,-0.0341239290182074
2024-09-26,69,-0.0413209541100192,-0.042402240422371
2024-09-26,70,-0.0781818529474139,-0.0793299347253367
2024-09-26,71,-0.0504864497515554,-0.0557428006880993
2024-09-26,72,-0.0428185187851335,-0.0474887696035191
2024-09-26,73,-0.0311371628050043,-0.0381870944906861
2024-09-26,74,-0.0213976367351103,-0.0302723939259009
2024-09-26,75,-0.0216801747739845,-0.0305890372035122
2024-09-26,76,-0.00952054002597702,-0.0177189124348791
2024-09-26,77,-0.00176484657560216,-0.00968303381395152
2024-09-26,78,-0.00394239708153865,-0.0136110902347522
2024-09-26,79,-0.00938532057593999,-0.0183206633491588
2024-09-26,80,0.0153991248762013,0.00753966337007839
2024-09-26,81,0.00585498612762425,-0.0028019189940176
2024-09-26,82,0.0024292626204705,-0.00667500540067145
2024-09-26,83,-0.0137564054143944,-0.0190151110138084
2024-09-26,84,-0.0048013205480224,-0.00295868650961495
2024-09-26,85,-0.0126994114043537,-0.0106162423798288
2024-09-26,86,-0.0325169939717327,-0.0315760671507048
2024-09-26,87,-0.0376396138282642,-0.0366724122485076
2024-09-26,88,-0.0126317390714146,-0.00954193693706884
2024-09-26,89,-0.0186721205726341,-0.0176402477313236
2024-09-26,90,-0.0213177617565785,-0.0199988535943527
2024-09-26,91,-0.033953114887284,-0.0327629226989243
2024-09-26,92,-0.0180140469057246,-0.0170474772907427
2024-09-26,93,-0.0160223833112267,-0.0151058659800798
2024-09-26,94,-0.019954719507048,-0.0186999983541449
2024-09-26,95,-0.0341243269217042,-0.0336773388537255
2024-09-26,96,-0.0175355054498354,-0.017303503224972
2024-09-26,97,-0.0206852094951797,-0.0200304627104408
2024-09-26,98,-0.018905614350456,-0.0172023132378119
2024-09-26,99,-0.0199356828828368,-0.0198156430804479
2024-09-26,100,-0.00146559751150832,-0.00135951118616262
2024-09-26,101,-0.0119840242724267,-0.0106116283050959
2024-09-26,102,-0.0107825943741942,-0.00946368632584171
2024-09-26,103,-0.0241730184959685,-0.024089260894355
2024-09-26,104,0.00112437899703455,0.0018916519890162
2024-09-26,105,-0.00791344069819822,-0.00622701365354494
2024-09-26,106,-0.000761070930787255,0.000848555518156324
2024-09-26,107,0.00296696525955653,0.00456504802330304
2024-09-26,108,-0.0127292162902108,-0.0123030264424537
2024-09-26,109,-0.00153215060474121,-0.000407996913772024
2024-09-26,110,-0.00802218532832022,-0.00734233212910684
2024-09-26,111,0.00560669241020584,0.00626152136434843
2024-09-26,112,-0.00140605891901657,8.49642854161559e-05
2024-09-26,113,0.00930148468589209,0.00992325537496175
2024-09-26,114,0.00342513805097511,0.00486678730295509
2024-09-26,115,0.00692274602161813,0.00711470072833897
2024-09-26,116,0.00562998926873259,0.00504767854401411
2024-09-26,117,-0.00995011039391347,-0.0101104314876661
2024-09-26,118,-0.00447173604532392,-0.00560913504204041
2024-09-26,119,0.00227259155201764,0.0023739233165152
2024-09-26,120,0.00139955115807577,0.00180082047714247
2024-09-26,121,0.0130477380982787,0.0126232664255879
2024-09-26,122,0.00113594475102996,0.000710017623295478
2024-09-26,123,0.0128665864548534,0.0124284569423372
2024-09-26,124,0.00145009413031616,0.00181220243133762
2024-09-26,125,0.0124559557580675,0.012366045393823
2024-09-26,126,0.00244122750372622,0.00099638007242131
2024-09-26,127,0.0162691529135257,0.0160506733401915
2024-09-26,128,0.00514796700917319,0.0041428748768535
2024-09-26,129,0.0161585030900229,0.0159173096749763
2024-09-26,130,0.00253290467023692,0.00144087303620477
2024-09-26,131,0.0149071300738628,0.0133250123148398
2024-09-26,132,0.0167519284111428,0.0164943648976061
2024-09-26,133,0.0082095688900754,0.00753183575665339
2024-09-26,134,0.0142767269493618,0.01475757492112
2024-09-26,135,-0.00158493490537204,-0.00460763458432023
2024-09-26,136,0.0235362117133313,0.0234289566545627
2024-09-26,137,0.0175909490583122,0.0166803733977412
2024-09-26,138,0.0127237087059422,0.0118403892019812
2024-09-26,139,0.00289344899995658,0.000616027400604402
2024-09-26,140,0.0305800801038245,0.0303690443323044
2024-09-26,141,0.010992272133409,0.00960197161256815
2024-09-26,142,0.0124164536074485,0.0108996558440912
2024-09-26,143,0.0196610689608425,0.0176487591349517
2024-09-26,144,0.0214556980094924,0.0203601842753134
2024-09-27,2,0.0197428407742608,0.018023308724108
2024-09-27,3,-0.000514438442269949,-0.00305234121389031
2024-09-27,4,0.013655260163552,0.0110291290016065
2024-09-27,5,0.0157067197885503,0.0143356927400875
2024-09-27,6,0.0205388054547404,0.018713482216115
2024-09-27,7,0.00129473343752373,-0.00273331935367516
2024-09-27,8,0.0183985736812877,0.0165098769111918
2024-09-27,9,0.0270356135202796,0.0264460187126616
2024-09-27,10,0.00487829095161985,0.000768475173095418
2024-09-27,11,0.0183561330972406,0.0163405449972327
2024-09-27,12,0.0228251458509421,0.0208239837181061
2024-09-27,13,0.031351786686292,0.0350504611566382
2024-09-27,14,0.0297258018247888,0.0374893629517166
2024-09-27,15,0.00793079395706098,0.0151691526387445
2024-09-27,16,0.0226055940258538,0.0313447057373839
2024-09-27,17,0.0186836306697122,0.0271636675473994
2024-09-27,18,0.012632036677541,0.021727720550512
2024-09-27,19,0.00612767995672847,0.0167687881106984
2024-09-27,20,-0.00766006401336661,0.00251308305743692
2024-09-27,21,0.00981088662905805,0.0204595196467316
2024-09-27,22,-0.0299700676297672,-0.0210276410984855
2024-09-27,23,-0.00119966763401713,0.00994402391904892
2024-09-27,24,-0.0101828155846082,0.00142058878445983
2024-09-27,25,-0.0151297725272643,-0.00538137281028295
2024-09-27,26,0.0259672110082345,0.0334059639177688
2024-09-27,27,0.019035723134448,0.0240035896339759
2024-09-27,28,0.000864472400440519,0.00748926999291566
2024-09-27,29,-0.0052218889029545,0.000884722248184922
2024-09-27,30,-0.00260378142678519,0.0034963499988514
2024-09-27,31,0.00319702131682931,0.00754563319110346
2024-09-27,32,0.0418783432361227,0.0480691994849751
2024-09-27,33,-0.0175614937415771,-0.0147910079213904
2024-09-27,34,-0.025252862002346,-0.0212416753789695
2024-09-27,35,0.0248010856283516,0.0268394056350161
2024-09-27,36,0.0208916834419028,0.0231444338530116
2024-09-27,37,-0.0181407821019697,-0.0152436143876207
2024-09-27,38,0.0177868067640823,0.0196564829490695
2024-09-27,39,0.0217747803802686,0.0241196094235843
2024-09-27,40,0.0349931244764639,0.0338377618940093
2024-09-27,41,0.0258378026019921,0.0269935129235481
2024-09-27,42,0.00227844007371747,0.00418546080197846
2024-09-27,43,0.0476401084244369,0.0478869804909525
2024-09-27,44,0.0183018925105811,0.0167044426464775
2024-09-27,45,-0.0183196559904877,-0.0183432186055565
2024-09-27,46,0.0354551053257683,0.0356073834608832
2024-09-27,47,0.0168726023031907,0.0154919154156792
2024-09-27,48,0.0573646572788187,0.0560463568726677
2024-09-27,49,0.0172778419585953,0.0160330761544643
2024-09-27,50,-0.0165274623435945,-0.0172459190524439
2024-09-27,51,0.064851692565707,0.0644497533386357
2024-09-27,52,-0.00315941318359236,-0.00601061746939191
2024-09-27,53,0.0319263804798249,0.0303904442191758
2024-09-27,54,0.0512445795751457,0.048734551719253
2024-09-27,55,0.0291921486738138,0.0252795332838369
2024-09-27,56,0.0271498648074306,0.0248523233062556
2024-09-27,57,0.0291120166108323,0.0261546384434315
2024-09-27,58,0.0693844184058046,0.0654378024322222
2024-09-27,59,0.00758616381327926,0.00400605257465791
2024-09-27,60,0.0243463896441405,0.0210717311435999
2024-09-27,61,0.0151447024321074,0.0143646370045589
2024-09-27,62,-0.0652487725602331,-0.0672245255725574
2024-09-27,63,-0.0647524877189687,-0.0646882062525309
2024-09-27,64,-0.0349989984952934,-0.0372991686164577
2024-09-27,65,-0.0295379779992677,-0.0329485723569585
2024-09-27,66,-0.0266462190079917,-0.0303510043140616
2024-09-27,67,-0.0288000971660249,-0.0344089020202096
2024-09-27,68,-0.0484455527434138,-0.0515088584308359
2024-09-27,69,-0.0682375921619256,-0.0695779326153163
2024-09-27,70,-0.0660964438570701,-0.0681516960780213
2024-09-27,71,-0.0542762646971129,-0.0570280581113867
2024-09-27,72,-0.0358781887550146,-0.0409627416087242
2024-09-27,73,-0.03219740912711,-0.0383210910918832
2024-09-27,74,-0.0325461271439096,-0.0401171563931326
2024-09-27,75,-0.0215996435453842,-0.0271009693145343
2024-09-27,76,-0.0382278415242405,-0.0462029878595018
2024-09-27,77,0.00641860301980213,0.000430518453787165
2024-09-27,78,-0.0196692554143851,-0.0281518599858233
2024-09-27,79,-0.00681165343672507,-0.0146801671339727
2024-09-27,80,-0.0126143498139788,-0.0203780754271472
2024-09-27,81,-0.000414311787748645,-0.00886884407760835
2024-09-27,82,-1.36506851662332e-05,-0.00859047786087785
2024-09-27,83,-0.00575541332512941,-0.00951524688415084
2024-09-27,84,-0.0234496330095197,-0.023353503088849
2024-09-27,85,-0.0236110842136963,-0.0225044218290762
2024-09-27,86,-0.0142778761349138,-0.0120713757924262
2024-09-27,87,-0.0423048665436685,-0.0413218581243529
2024-09-27,88,-0.0230614869363119,-0.0210396577479566
2024-09-27,89,-0.0290270515038582,-0.0278337365684083
2024-09-27,90,-0.0204476120646415,-0.0186076132204391
2024-09-27,91,-0.0380966201074076,-0.037024156544069
2024-09-27,92,-0.023056037075281,-0.0217079498791426
2024-09-27,93,-0.0240379081899196,-0.0230731034789367
2024-09-27,94,-0.0346338413157916,-0.0333491299925583
2024-09-27,95,-0.0178181422894195,-0.0173403208466691
2024-09-27,96,-0.0243531749379731,-0.0231719168681055
2024-09-27,97,-0.024815010298318,-0.0236249277250478
2024-09-27,98,-0.0244729712429539,-0.0241336146404674
2024-09-27,99,-0.0183238110000383,-0.0168570668606369
2024-09-27,100,-0.0135560052481951,-0.0121920846814687
2024-09-27,101,-0.00954779143076134,-0.00857167019378036
2024-09-27,102,-0.0248955126619066,-0.0232064744409559
2024-09-27,103,-0.0174729557146023,-0.0154790058541217
2024-09-27,104,-0.00580624177236455,-0.00389461091689736
2024-09-27,105,-0.000124755878596616,0.00135743852860415
2024-09-27,106,-0.00423691224752432,-0.00238000588935261
2024-09-27,107,-0.0128423140279503,-0.0121646805736688
2024-09-27,108,0.00450307246929871,0.00774834797740542
2024-09-27,109,-0.00578902841904139,-0.00564523281172846
2024-09-27,110,0.00626829414759289,0.00874748166266137
2024-09-27,111,-0.0087355115918708,-0.00745745208697102
2024-09-27,112,0.0129688159493417,0.0145233489023289
2024-09-27,113,-0.0239001533242442,-0.0238523320025132
2024-09-27,114,-0.0119417491251061,-0.0109121585208998
2024-09-27,115,0.00440678775226022,0.00455268343788084
2024-09-27,116,0.0131566541678909,0.0145264403354828
2024-09-27,117,-0.0136509562132616,-0.0142406066421703
2024-09-27,118,0.00549062234311215,0.00601521076941847
2024-09-27,119,0.00925520357761034,0.00979709940242479
2024-09-27,120,-0.00954481223588477,-0.0111352512453067
2024-09-27,121,0.00337208483962126,0.00417394123294379
2024-09-27,122,0.00643459966037607,0.00635049141406796
2024-09-27,123,0.00483405541134285,0.00473914166307488
2024-09-27,124,0.00781102702497716,0.00844065711827202
2024-09-27,125,-0.00502724282698974,-0.0060481457782986
2024-09-27,126,0.010585586973229,0.0099199017147642
2024-09-27,127,0.00748977182151833,0.00801696353386738
2024-09-27,128,0.00336049991403797,0.00298186721826355
2024-09-27,129,0.022970428431786,0.021722472220933
2024-09-27,130,0.000186044038169797,0.000261820591997086
2024-09-27,131,0.00908110083731195,0.00901626459409233
2024-09-27,132,0.0270177668791254,0.0260292321727347
2024-09-27,133,-0.0128120284226778,-0.0145271746126197
2024-09-27,134,0.00879664493549015,0.00736516729148295
2024-09-27,135,0.0164262937124207,0.0162030168026801
2024-09-27,136,0.00829558873847436,0.00636787076758605
2024-09-27,137,0.0125150548370083,0.0109935162164776
2024-09-27,138,0.00694950821160045,0.00493559943483923
2024-09-27,139,0.0190853978266619,0.0179135220400912
2024-09-27,140,-0.0099157754209882,-0.0123966604746002
2024-09-27,141,0.0371546366456119,0.0371119765186929
2024-09-27,142,0.00124406575384217,-0.0013168251974971
2024-09-27,143,0.0125561557075446,0.0111715256805072
2024-09-27,144,0.00844746932094864,0.00615542692371562
2024-09-28,2,0.0263542034568225,0.0249684277528095
2024-09-28,3,0.00551024196795957,0.00329858007859496
2024-09-28,4,0.0196053405625642,0.0189193294434959
2024-09-28,5,0.031953872572581,0.030307247827194
2024-09-28,6,0.0103375136833215,0.0079868237012013
2024-09-28,7,0.0277857057428594,0.0265216028448672
2024-09-28,8,0.0309052432034225,0.0297083969559591
2024-09-28,9,0.0100178638288266,0.00616693355744946
2024-09-28,10,0.0151026726298893,0.0125194962767381
2024-09-28,11,0.0242076106618985,0.0228962733485663
2024-09-28,12,0.0323505781283178,0.0309674496329357
2024-09-28,13,0.0399578108050287,0.0425228930351187
2024-09-28,14,0.0244480033592538,0.0313116824780524
2024-09-28,15,0.0410271906297934,0.049337253823948
2024-09-28,16,0.0219301904452243,0.0299930561914215
2024-09-28,17,0.0189055936116418,0.0284295112349042
2024-09-28,18,0.0194444933194022,0.0294754555128165
2024-09-28,19,0.0192231991368432,0.0297200584110753
2024-09-28,20,0.00716243764776969,0.0168470700754666
2024-09-28,21,-0.0145927021307832,-0.00548659252751449
2024-09-28,22,0.00888431729545136,0.0197332682168891
2024-09-28,23,-0.0103513460019551,0.000523770250942412
2024-09-28,24,-0.0132060242020993,-0.00247549012605219
2024-09-28,25,-0.00522736619015429,0.00534450014884147
2024-09-28,26,0.0400626706347973,0.0470251608382943
2024-09-28,27,-0.00128789874791835,0.00320155321108562
2024-09-28,28,0.022132074712947,0.0305522034523271
2024-09-28,29,0.00514269531032152,0.0119097280770815
2024-09-28,30,0.00309763902230387,0.00826368647235931
2024-09-28,31,-0.00529016218295908,-0.000549627728695157
2024-09-28,32,0.00218349711761068,0.00524484875730913
2024-09-28,33,0.00285922302780683,0.00794790762272957
2024-09-28,34,-0.00892568450677178,-0.00447741401748925
2024-09-28,35,0.0234064514328747,0.0260760302338925
2024-09-28,36,0.00632565901702353,0.0084943923897498
2024-09-28,37,-0.0189573450114455,-0.0153138477882999
2024-09-28,38,0.00963682120241316,0.0117588672533504
2024-09-28,39,0.0414931009579584,0.0431900393493887
2024-09-28,40,0.0207360562170429,0.0203870523796912
2024-09-28,41,0.000187971746066218,-7.72383021345746e-05
2024-09-28,42,0.00572916063168094,0.01000605635166
2024-09-28,43,0.036806785461204,0.0350459104801315
2024-09-28,44,0.0307523591074821,0.0325698058683752
2024-09-28,45,-0.0126840370218018,-0.0131518581639662
2024-09-28,46,0.00962905635921185,0.00885295363077088
2024-09-28,47,0.00373804262803912,0.00244963818383326
2024-09-28,48,0.0873909881373685,0.0866412054066785
2024-09-28,49,-0.0129416630296602,-0.0168575000773066
2024-09-28,50,-0.0113292988945801,-0.00927326834994879
2024-09-28,51,0.0530883907617277,0.0526619735368277
2024-09-28,52,-0.00255030136707024,-0.00471547944444328
2024-09-28,53,0.0294666364730531,0.0280112103976897
2024-09-28,54,0.0551383883057142,0.0517623467541739
2024-09-28,55,0.00645712331208426,0.00398191821053828
2024-09-28,56,0.037948696164527,0.0361715449760576
2024-09-28,57,0.0206992869660434,0.0197257355487022
2024-09-28,58,0.0632539531195366,0.0608808027597041
2024-09-28,59,0.0136122948223063,0.0119474534890243
2024-09-28,60,0.0153727853760923,0.0151453741977674
2024-09-28,61,-0.0164376446417638,-0.0164702548307316
2024-09-28,62,-0.0664268465104483,-0.0678085748890025
2024-09-28,63,-0.0535294202548604,-0.0542538016482528
2024-09-28,64,-0.0277130028241377,-0.0300141415448625
2024-09-28,65,-0.0307793745878815,-0.0329264263792641
2024-09-28,66,-0.022375346967495,-0.025213527238189
2024-09-28,67,-0.0250880973182026,-0.0294745455059822
2024-09-28,68,-0.0447939042490546,-0.0494255806727866
2024-09-28,69,-0.0755744012619033,-0.0769351932090485
2024-09-28,70,-0.0704680530121973,-0.0714102426654382
2024-09-28,71,-0.0434546433769718,-0.0470929218866676
2024-09-28,72,-0.048333324184032,-0.0534838351916971
2024-09-28,73,-0.0277987753873301,-0.0332198782990405
2024-09-28,74,-0.0123806941792441,-0.0173295938061679
2024-09-28,75,-0.0294739988360488,-0.0365952182721143
2024-09-28,76,-0.0279751429612247,-0.034963532681628
2024-09-28,77,-0.00449573734590825,-0.011036205068307
2024-09-28,78,-0.0103051147389062,-0.0196817245026777
2024-09-28,79,-0.0191155398958847,-0.0272045860055421
2024-09-28,80,0.0100010894133389,0.00160331257162927
2024-09-28,81,-0.0102081762927186,-0.0180524319532545
2024-09-28,82,-0.00103453654778907,-0.00985714927001613
2024-09-28,83,0.0104604362535756,0.00882371958599659
2024-09-28,84,-0.0343954946537339,-0.0339261018423738
2024-09-28,85,-0.00848617256003514,-0.00635885044230733
2024-09-28,86,-0.0262715345766216,-0.0261097709517113
2024-09-28,87,-0.0224439644350447,-0.0201473369980425
2024-09-28,88,-0.0366592112223056,-0.0343847106249262
2024-09-28,89,-0.0218929857733015,-0.0205711235281019
2024-09-28,90,-0.0295489105347473,-0.0278879359036868
2024-09-28,91,-0.0276863468191095,-0.0257451955253893
2024-09-28,92,-0.0108317086456715,-0.00860601430357377
2024-09-28,93,-0.0324133856478221,-0.0313319533231207
2024-09-28,94,-0.0133996908397576,-0.0123640363998234
2024-09-28,95,-0.0374550141273282,-0.036498615509835
2024-09-28,96,-0.0187007394268699,-0.0174316391693559
2024-09-28,97,-0.0245014706711055,-0.0236377637471845
2024-09-28,98,-0.0132071768622088,-0.012043458650294
2024-09-28,99,-0.0156832026046443,-0.0141676510931754
2024-09-28,100,-0.0203165285904019,-0.0196058434577324
2024-09-28,101,0.00183966806686975,0.00437852685175866
2024-09-28,102,-0.0235435797601475,-0.0232922282336254
2024-09-28,103,-0.0165905471821537,-0.0145039065816324
2024-09-28,104,0.000264102407991906,0.00150592036775254
2024-09-28,105,-0.019362299954607,-0.0169996586275412
2024-09-28,106,-0.00388022839575797,-0.003503377940687
2024-09-28,107,-0.0045250030320263,-0.0026463213637955
2024-09-28,108,-0.000377089766499417,0.00217849276382331
2024-09-28,109,-0.0135532894043733,-0.0128987324851373
2024-09-28,110,0.00331629671146505,0.0054128203046826
2024-09-28,111,-0.00903681415211821,-0.00778988205477926
2024-09-28,112,0.00200884661637435,0.00359504533577049
2024-09-28,113,-0.00795808283192212,-0.00796132101820834
2024-09-28,114,-0.0118164622707866,-0.010728212291915
2024-09-28,115,0.0040819617231378,0.00470247895468745
2024-09-28,116,0.00423463428486226,0.00403929147935944
2024-09-28,117,-0.00746167908773199,-0.00846512926733123
2024-09-28,118,-0.0134489018531143,-0.0133325424875999
2024-09-28,119,-0.00974458902780384,-0.0104974778963793
2024-09-28,120,0.00899927586366367,0.00818728631130927
2024-09-28,121,-0.00801687239149906,-0.00916834888989815
2024-09-28,122,0.00488385924548673,0.00444990898721276
2024-09-28,123,-0.0176117363698181,-0.0188508303751931
2024-09-28,124,0.00844532208517457,0.00750753919674896
2024-09-28,125,0.00951231346708781,0.0093914557341348
2024-09-28,126,0.0083085532716245,0.00826084716588227
2024-09-28,127,-0.019432066150074,-0.02159438451464
2024-09-28,128,-0.00485746813708499,-0.00471324231209369
2024-09-28,129,0.0159258850769035,0.0147060654891167
2024-09-28,130,-0.017361794288159,-0.0192787986946605
2024-09-28,131,0.00860324675554747,0.00776242503905777
2024-09-28,132,0.0072869466971035,0.00564592046755941
2024-09-28,133,0.000781084521521258,-0.000465416538864005
2024-09-28,134,0.00146230024488592,-0.000625345122726273
2024-09-28,135,0.00117341456159714,-0.000993506482865669
2024-09-28,136,0.005201381082232,0.00348224233478156
2024-09-28,137,0.0152290099566779,0.0142556804015603
2024-09-28,138,-0.0132344572369849,-0.0157952985608993
2024-09-28,139,0.00768163262024135,0.0053736233538535
2024-09-28,140,0.00862572735171163,0.00796901173005526
2024-09-28,141,-0.0086405843136399,-0.0109848213672104
2024-09-28,142,0.0209931044465073,0.0189058970397413
2024-09-28,143,0.0155489760081604,0.0147693839606795
2024-09-28,144,0.00602028355911521,0.00267460405309095
2024-09-29,2,0.0247676188304586,0.0231882240266321
2024-09-29,3,0.000162895735456914,-0.00265700775712574
2024-09-29,4,0.0226669309500194,0.0206099727700524
2024-09-29,5,0.00869530829489662,0.00657962843815074
2024-09-29,6,0.00980878185935197,0.00765010838654057
2024-09-29,7,0.0200908878352726,0.0170536427641448
2024-09-29,8,0.0121222242696319,0.00911775259709025
2024-09-29,9,0.0143508438857607,0.0112971598291143
2024-09-29,10,0.0221353052494857,0.0198402756575824
2024-09-29,11,0.00272665468857802,-3.88648218709875e-05
2024-09-29,12,0.0304170443919078,0.0268100344217341
2024-09-29,13,0.0194335725531039,0.0205782290338083
2024-09-29,14,0.0159739991099928,0.0220865280500595
2024-09-29,15,0.0363391082095035,0.0430273784701756
2024-09-29,16,0.0499300257716842,0.0568716412767882
2024-09-29,17,0.0200471631696919,0.0269408065889438
2024-09-29,18,0.0213288554819382,0.0300629377676565
2024-09-29,19,0.010028565461039,0.0181623075439834
2024-09-29,20,0.021473297626101,0.0309391491773967
2024-09-29,21,0.00413054938770863,0.0129074695712701
2024-09-29,22,-0.0135503531514498,-0.00374797632902624
2024-09-29,23,0.00557469262382515,0.0157657330344465
2024-09-29,24,-0.0172623826523166,-0.00699671022760295
2024-09-29,25,0.0075489141044649,0.0168907101110563
2024-09-29,26,0.0340843612814563,0.0412795380153339
2024-09-29,27,0.0211543129187239,0.0276028991310007
2024-09-29,28,-0.00809136467896554,-0.00156123723075563
2024-09-29,29,-0.0111509014529458,-0.00650631143135261
2024-09-29,30,0.0136845874934481,0.0200670646092851
2024-09-29,31,-0.00758290317155375,-0.00310129033433526
2024-09-29,32,0.020596476871038,0.0240279116904771
2024-09-29,33,-0.0130968216490661,-0.0119381713171016
2024-09-29,34,-0.0261945961001295,-0.0244464733927252
2024-09-29,35,0.0370325139205683,0.0388824149143536
2024-09-29,36,-0.0225232830347117,-0.0227808938716469
2024-09-29,37,-0.0171293463161177,-0.0148044911930443
2024-09-29,38,0.028465310177074,0.0320553014458396
2024-09-29,39,0.0283674177861029,0.0288244421676547
2024-09-29,40,0.0467746597907563,0.0469820432130241
2024-09-29,41,-0.0272168389005945,-0.0268009848874566
2024-09-29,42,0.0379468776271201,0.041791789807621
2024-09-29,43,0.0164954081716173,0.0164030730205909
2024-09-29,44,0.0189229499600323,0.0197437801583913
2024-09-29,45,0.00670883426788382,0.00714971060240455
2024-09-29,46,0.0176317730824396,0.0168344786427683
2024-09-29,47,0.00979474219319787,0.0116027655254145
2024-09-29,48,0.0411890813457259,0.0380411723322451
2024-09-29,49,0.0211914448259414,0.0198388282085755
2024-09-29,50,-0.0233609969399193,-0.0247690132816496
2024-09-29,51,0.0310998001673548,0.0317769113747817
2024-09-29,52,-0.00870545547782697,-0.0124163973034728
2024-09-29,53,0.0363913541696856,0.0346620398284765
2024-09-29,54,0.0483699930762853,0.0470040302313475
2024-09-29,55,-0.0085831057733845,-0.0128436970493038
2024-09-29,56,0.012441617949233,0.00977370481249284
2024-09-29,57,0.0277990028601875,0.0275018651048837
2024-09-29,58,0.0478146785245439,0.0456745727027279
2024-09-29,59,0.0419469140308708,0.0411911457330838
2024-09-29,60,0.0279903955868823,0.0249447796890125
2024-09-29,61,-0.0213450556112811,-0.0233326674110721
2024-09-29,62,0.0222740255411686,0.0206057636667127
2024-09-29,63,0.0201358569414705,0.0202107866656895
2024-09-29,64,-0.0860387317572018,-0.0872618512908776
2024-09-29,65,-0.0490928944696147,-0.0493960032048752
2024-09-29,66,-0.0379687873215531,-0.0392075171381245
2024-09-29,67,-0.0222291005096551,-0.0224146320841596
2024-09-29,68,-0.0688513073745005,-0.0689481924348287
2024-09-29,69,-0.0806996206823545,-0.0794732303633463
2024-09-29,70,-0.0513066275008329,-0.0520822245351216
2024-09-29,71,-0.0467438382428398,-0.0481920768042761
2024-09-29,72,-0.0502627586943358,-0.0535410025457947
2024-09-29,73,-0.0377825940727847,-0.0424393824264868
2024-09-29,74,-0.016313560263348,-0.0197417224582841
2024-09-29,75,-0.0403745747671787,-0.0465072779174962
2024-09-29,76,-0.0257283392340097,-0.032081873638945
2024-09-29,77,-0.030230654811688,-0.036969046725086
2024-09-29,78,-0.0178201564306573,-0.0238053509844214
2024-09-29,79,-0.0153947688804772,-0.0223590079759228
2024-09-29,80,-0.0159976966817723,-0.0226234955660374
2024-09-29,81,-0.0104995508225807,-0.018519208723542
2024-09-29,82,-0.0160433730606391,-0.0229473857264146
2024-09-29,83,-0.0392963425422206,-0.0416703317206668
2024-09-29,84,-0.0200115780898189,-0.0177724559118193
2024-09-29,85,-0.026589840974073,-0.0253422009369793
2024-09-29,86,-0.0336345746046094,-0.0320722663020092
2024-09-29,87,-0.0492580505712352,-0.0472931594542576
2024-09-29,88,-0.0227554614987673,-0.0217450333713165
2024-09-29,89,-0.0310265442191984,-0.0279956112157524
2024-09-29,90,-0.0271366436387819,-0.0265778206651968
2024-09-29,91,-0.0395941994672206,-0.0386723950700532
2024-09-29,92,-0.0259324575292155,-0.0246909744859263
2024-09-29,93,-0.0462685741904947,-0.0464734521329238
2024-09-29,94,-0.0233135833893687,-0.0224575117256753
2024-09-29,95,-0.0213328615992401,-0.0208662927011742
2024-09-29,96,-0.0280378351914505,-0.026961371840601
2024-09-29,97,-0.0283895759046313,-0.0284056229477399
2024-09-29,98,-0.0140759179222361,-0.0120245372135193
2024-09-29,99,-0.0339699813889007,-0.0344384911457336
2024-09-29,100,-0.00406685569284715,-0.00138714037758447
2024-09-29,101,-0.0199671689883845,-0.0195141447469975
2024-09-29,102,-0.0196846670081294,-0.0178300784383012
2024-09-29,103,-0.0351245115410528,-0.0354375301876653
2024-09-29,104,-0.00415346799099048,-0.00239456665311
2024-09-29,105,-0.0223213172573882,-0.0213195340449852
2024-09-29,106,-0.0116576479769517,-0.0110782596379577
2024-09-29,107,-0.0214675951601047,-0.020246181906443
2024-09-29,108,-0.0142202959994879,-0.0133509859573406
2024-09-29,109,-0.0149629234725053,-0.0145685368404296
2024-09-29,110,0.00781343277657953,0.00819898029453103
2024-09-29,111,-0.00335969713148287,-0.00166470625017912
2024-09-29,112,0.00308354874896111,0.00399875694659624
2024-09-29,113,-0.00680330051028566,-0.00668864152026405
2024-09-29,114,-0.0145348414652737,-0.0152279291756994
2024-09-29,115,0.00415980428637042,0.00417891701222572
2024-09-29,116,0.00572148930219729,0.00678489931458692
2024-09-29,117,-0.013682320143829,-0.0137448068026433
2024-09-29,118,0.00531281546558748,0.00442793611994485
2024-09-29,119,0.00716039527166501,0.00732633250472414
2024-09-29,120,0.00594712577080525,0.00609529020543675
2024-09-29,121,0.00834850607171145,0.00922938229157122
2024-09-29,122,-0.00473562983227716,-0.00507456784088234
2024-09-29,123,0.000217947751028902,-0.000166467488759814
2024-09-29,124,-0.00328791394298467,-0.00409357385751807
2024-09-29,125,0.0131647417987697,0.0145430515100138
2024-09-29,126,0.00174174490631973,0.00156447517884839
2024-09-29,127,0.0283668205043224,0.0273684849690614
2024-09-29,128,0.000436067940078999,0.00100192296680479
2024-09-29,129,-0.00311680858315011,-0.00419860135211625
2024-09-29,130,0.0357926066538541,0.0366233748982934
2024-09-29,131,0.0156371417535865,0.0145026974787346
2024-09-29,132,0.0165564892137917,0.0160866332803833
2024-09-29,133,0.00118157825482257,-0.000117089302964501
2024-09-29,134,0.00716406100911726,0.00625704556482631
2024-09-29,135,0.00848022070408216,0.00670362674616776
2024-09-29,136,0.0145602585792526,0.0131355532168804
2024-09-29,137,0.0305626044928884,0.0302794409622233
2024-09-29,138,-0.00373585508445196,-0.00682596344081521
2024-09-29,139,0.0231517652768645,0.0223853145514825
2024-09-29,140,0.0111656151062398,0.00996738278431941
2024-09-29,141,0.0271927024001357,0.0263187735195816
2024-09-29,142,0.0153011167247259,0.0143779523278686
2024-09-29,143,0.018612941206344,0.0168556434244733
2024-09-29,144,0.026051296522807,0.0246322368026926
2024-09-30,2,-0.00648866647879931,-0.0068394303923105
2024-09-30,3,-0.0121757248240071,-0.0130034162347803
2024-09-30,4,0.000468114108199913,-0.000413836627558339
2024-09-30,5,-0.00740206678328992,-0.00730087794915679
2024-09-30,6,-0.0191844131443508,-0.0223337138171562
2024-09-30,7,-0.000527727477144246,0.000833202746131079
2024-09-30,8,-0.00867075931687111,-0.010995065240512
2024-09-30,9,-0.00406961049450683,-0.00452609460615339
2024-09-30,10,-0.01191015512926,-0.0119965283956658
2024-09-30,11,0.011030107977712,0.0104086451650112
2024-09-30,12,0.00322042893184538,0.00215188627414253
2024-09-30,13,0.00672054459411875,0.0079831470503704
2024-09-30,14,0.0194857056577717,0.0283129867214367
2024-09-30,15,-0.00684336845747513,0.000279620134047143
2024-09-30,16,0.000880626676443619,0.00799721409460563
2024-09-30,17,3.71044776059648e-06,0.00865701749710279
2024-09-30,18,-0.0121803759405035,-0.00523174882538768
2024-09-30,19,0.00632776794090617,0.0147724880608511
2024-09-30,20,-0.00940063886035603,-0.000683576921440832
2024-09-30,21,-0.0269459039006881,-0.0191468676139319
2024-09-30,22,-0.0132925028704465,-0.00550508035302677
2024-09-30,23,-0.0253535997493834,-0.0178713311251881
2024-09-30,24,-0.021701925394586,-0.0138155404932512
2024-09-30,25,-0.0230965482487768,-0.0156472694803043
2024-09-30,26,0.00413657029139447,0.00718085829060389
2024-09-30,27,0.0347497318545278,0.0379981842685098
2024-09-30,28,0.0140681060429699,0.0161366399157696
2024-09-30,29,0.0186242805466028,0.0234202142715088
2024-09-30,30,-0.00375476011393605,-0.00159903572802111
2024-09-30,31,0.0130565073615951,0.0163828217988033
2024-09-30,32,-0.0166725904698479,-0.0154670749022863
2024-09-30,33,-0.0013822649632198,0.000860064779550918
2024-09-30,34,-0.0130761723863824,-0.0143407602569807
2024-09-30,35,0.00636079542065549,0.00461877903344288
2024-09-30,36,0.000484332649268282,0.000665689463904329
2024-09-30,37,0.0186137901530197,0.01877910891423
2024-09-30,38,0.00296018228574546,0.00222698560877266
2024-09-30,39,0.0159238719700658,0.0129692829040442
2024-09-30,40,0.0432334237714374,0.0418674446636533
2024-09-30,41,-0.0226974507816173,-0.0262627980183252
2024-09-30,42,0.0271223474679747,0.0263969137034161
2024-09-30,43,0.0181388846339958,0.0140306261467193
2024-09-30,44,0.0290094113654646,0.028401148037009
2024-09-30,45,-0.0286711397640538,-0.0326712831131788
2024-09-30,46,0.0280690236135124,0.0234123885527344
2024-09-30,47,0.011460242623297,0.00976557480052342
2024-09-30,48,0.0522067720525232,0.0485119261825595
2024-09-30,49,0.0368656911106457,0.0329608532142958
2024-09-30,50,-0.0209123744371835,-0.0232253317967688
2024-09-30,51,0.032635714236668,0.0302600015241428
2024-09-30,52,-0.00717736749825715,-0.0121494747671509
2024-09-30,53,0.0248683959803548,0.0204736017621645
2024-09-30,54,0.0361181346965633,0.0306372248664966
2024-09-30,55,0.0103573480607171,0.00634153572008156
2024-09-30,56,0.0129181290252633,0.00945449653696873
2024-09-30,57,0.0256992103109468,0.0221739151029459
2024-09-30,58,0.0247178271706741,0.0232470828977682
2024-09-30,59,0.028613397384734,0.0260577904221133
2024-09-30,60,-0.0168056906325633,-0.0202549691122877
2024-09-30,61,-0.00368017793787434,-0.00383921415999922
2024-09-30,62,-0.0507157395287532,-0.0509853815978731
2024-09-30,63,-0.021500403087197,-0.0248002706846817
2024-09-30,64,-0.0257601608293294,-0.0289974106999953
2024-09-30,65,-0.0245067614010521,-0.0265337251596724
2024-09-30,66,-0.0169606139333256,-0.0210767954496331
2024-09-30,67,-0.0397666387575111,-0.0434652672164235
2024-09-30,68,-0.045669328076908,-0.047764057527858
2024-09-30,69,-0.0416805905339634,-0.042665546208501
2024-09-30,70,-0.0415725832486196,-0.0451024903014092
2024-09-30,71,-0.01897268498145,-0.0244670741568651
2024-09-30,72,0.000854789642712461,-0.00444807654256518
2024-09-30,73,0.0078432562205224,0.00100903698974175
2024-09-30,74,0.00709216632155929,-0.000438815994613151
2024-09-30,75,0.0211975507802009,0.0145290709795587
2024-09-30,76,0.00379623684379826,-0.0025010731001327
2024-09-30,77,-0.0055521744210596,-0.0116022795485335
2024-09-30,78,0.0188519736381005,0.013321665929392
2024-09-30,79,0.00531797010982515,0.00038636272820014
2024-09-30,80,0.0271140025061207,0.0217393474245302
2024-09-30,81,0.013656153139201,0.00932716811636158
2024-09-30,82,0.0255819861331643,0.0227163219380619
2024-09-30,83,-0.015025479738406,-0.0124787258099648
2024-09-30,84,-0.00383961816270872,0.00234548473620499
2024-09-30,85,-0.0168129739294072,-0.012851628464265
2024-09-30,86,-0.00606687577888199,-0.00223134562241079
2024-09-30,87,-0.0114400969474753,-0.0092004776504071
2024-09-30,88,-0.00933157682078534,-0.00599174790610757
2024-09-30,89,-0.0238483205242073,-0.023424254876697
2024-09-30,90,-0.00297242989702085,-0.000980556525870036
2024-09-30,91,-0.00735318452408329,-0.00631919228993105
2024-09-30,92,-0.0309606578107022,-0.0308715687870178
2024-09-30,93,-0.00864698811622944,-0.00787118695164502
2024-09-30,94,-0.00874607044153386,-0.00759755811616891
2024-09-30,95,-0.018401014016618,-0.0177975763800893
2024-09-30,96,-0.0133534495235654,-0.0137293317123435
2024-09-30,97,0.0050710279905477,0.00553330709140987
2024-09-30,98,-0.00442923881604873,-0.00302696706357164
2024-09-30,99,-0.0363781981715317,-0.0381405914859885
2024-09-30,100,0.0103351771184084,0.0123605473077877
2024-09-30,101,-0.00770193922467843,-0.0073606617915587
2024-09-30,102,0.00753369314782404,0.00869307485089355
2024-09-30,103,-0.0110440473298921,-0.0107698036759212
2024-09-30,104,0.00553829106664327,0.00793009439894554
2024-09-30,105,0.00343613182320368,0.00355307310096542
2024-09-30,106,0.00847812361819411,0.0104233545300927
2024-09-30,107,-0.00714621061858356,-0.00659042275446264
2024-09-30,108,0.00802431835919926,0.00893485708923869
2024-09-30,109,0.00667863694345439,0.00755366248526457
2024-09-30,110,-0.00341551334597057,-0.00348355318740268
2024-09-30,111,0.0136076143735231,0.0148701800314353
2024-09-30,112,0.0144402443981217,0.0157030126624704
2024-09-30,113,-0.00760050981156546,-0.00773649367390483
2024-09-30,114,0.010764409571169,0.0100268075304433
2024-09-30,115,-0.00438381119249875,-0.00559891096191656
2024-09-30,116,0.0283471632867807,0.0275763544834149
2024-09-30,117,-0.0152045271981605,-0.0157013085859932
2024-09-30,118,-0.00750924022112542,-0.00931080852016386
2024-09-30,119,0.010394203955487,0.00943606014382059
2024-09-30,120,0.00221102905066495,0.00129737464481305
2024-09-30,121,0.0115800792850012,0.0110718055451233
2024-09-30,122,0.00278610581036887,0.00135849259958754
2024-09-30,123,0.0149367348789049,0.0163446508603915
2024-09-30,124,0.00692064908995338,0.00528312231612027
2024-09-30,125,0.0187332975230889,0.0181225380577388
2024-09-30,126,-0.0137812912356718,-0.0166918044804332
2024-09-30,127,0.0206814040976662,0.0203971814649337
2024-09-30,128,0.00678510355955098,0.00463356007484705
2024-09-30,129,0.0138806534367708,0.0132476287987906
2024-09-30,130,-0.000989312682031063,-0.00116347136336969
2024-09-30,131,-0.000784263634581173,-0.00318970113266115
2024-09-30,132,0.00365044823288496,0.00108068017973206
2024-09-30,133,0.0229729107134862,0.0204243406625384
2024-09-30,134,-0.00765683032617481,-0.00944095209976403
2024-09-30,135,0.00880017674989464,0.00620499988556222
2024-09-30,136,0.00133263261375749,-0.00173367636567257
2024-09-30,137,0.000150885147533586,-0.00296505448752793
2024-09-30,138,0.00774880685510659,0.00558307105980926
2024-09-30,139,0.0260302909125247,0.0248120379760568
2024-09-30,140,-0.000182493483460888,-0.00226778061128119
2024-09-30,141,0.0135322474531652,0.00972880142228671
2024-09-30,142,0.000803908365329953,-0.00185742172166226
2024-09-30,143,0.0109733893375994,0.00867803668222589
2024-09-30,144,-0.000167946518820905,-0.00298829422181601
